Ticker,Name,Sector,Asset Class,Market Value,Weight (%),Notional Value,Quantity,Price,Location,Exchange,Currency,FX Rate,Market Currency,Accrual Date
"AAPL","APPLE INC","Information Technology","Equity","907,718,755.92","6.00","907,718,755.92","3,850,508.00","235.74","United States","NASDAQ","USD","1.00","USD","-"
"MSFT","MICROSOFT CORP","Information Technology","Equity","802,311,089.52","5.31","802,311,089.52","2,000,676.00","401.02","United States","NASDAQ","USD","1.00","USD","-"
"NVDA","NVIDIA CORP","Information Technology","Equity","738,466,724.70","4.88","738,466,724.70","6,295,539.00","117.30","United States","NASDAQ","USD","1.00","USD","-"
"AMZN","AMAZON COM INC","Consumer Discretionary","Equity","526,120,043.08","3.48","526,120,043.08","2,525,053.00","208.36","United States","NASDAQ","USD","1.00","USD","-"
"META","META PLATFORMS INC CLASS A","Communication","Equity","386,955,585.03","2.56","386,955,585.03","589,449.00","656.47","United States","NASDAQ","USD","1.00","USD","-"
"GOOGL","ALPHABET INC CLASS A","Communication","Equity","273,589,951.24","1.81","273,589,951.24","1,581,262.00","173.02","United States","NASDAQ","USD","1.00","USD","-"
"BRKB","BERKSHIRE HATHAWAY INC CLASS B","Financials","Equity","245,464,391.00","1.62","245,464,391.00","492,406.00","498.50","United States","New York Stock Exchange Inc.","USD","1.00","USD","-"
"AVGO","BROADCOM INC","Information Technology","Equity","234,351,576.06","1.55","234,351,576.06","1,223,257.00","191.58","United States","NASDAQ","USD","1.00","USD","-"
"GOOG","ALPHABET INC CLASS C","Communication","Equity","228,441,570.45","1.51","228,441,570.45","1,305,455.00","174.99","United States","NASDAQ","USD","1.00","USD","-"
"TSLA","TESLA INC","Consumer Discretionary","Equity","208,674,417.90","1.38","208,674,417.90","747,669.00","279.10","United States","NASDAQ","USD","1.00","USD","-"
"LLY","ELI LILLY","Health Care","Equity","200,231,936.96","1.32","200,231,936.96","215,368.00","929.72","United States","New York Stock Exchange Inc.","USD","1.00","USD","-"
"JPM","JPMORGAN CHASE & CO","Financials","Equity","190,101,594.93","1.26","190,101,594.93","755,781.00","251.53","United States","New York Stock Exchange Inc.","USD","1.00","USD","-"
"V","VISA INC CLASS A","Financials","Equity","149,493,645.72","0.99","149,493,645.72","423,879.00","352.68","United States","New York Stock Exchange Inc.","USD","1.00","USD","-"
"XOM","EXXON MOBIL CORP","Energy","Equity","127,307,834.24","0.84","127,307,834.24","1,207,396.00","105.44","United States","New York Stock Exchange Inc.","USD","1.00","USD","-"
"COST","COSTCO WHOLESALE CORP","Consumer Staples","Equity","124,993,431.75","0.83","124,993,431.75","119,297.00","1,047.75","United States","NASDAQ","USD","1.00","USD","-"
"MA","MASTERCARD INC CLASS A","Financials","Equity","122,504,419.20","0.81","122,504,419.20","219,424.00","558.30","United States","New York Stock Exchange Inc.","USD","1.00","USD","-"
"UNH","UNITEDHEALTH GROUP INC","Health Care","Equity","117,765,067.68","0.78","117,765,067.68","247,416.00","475.98","United States","New York Stock Exchange Inc.","USD","1.00","USD","-"
"NFLX","NETFLIX INC","Communication","Equity","114,122,274.56","0.75","114,122,274.56","115,168.00","990.92","United States","NASDAQ","USD","1.00","USD","-"
"WMT","WALMART INC","Consumer Staples","Equity","112,103,104.32","0.74","112,103,104.32","1,167,984.00","95.98","United States","New York Stock Exchange Inc.","USD","1.00","USD","-"
"PG","PROCTER & GAMBLE","Consumer Staples","Equity","110,883,810.57","0.73","110,883,810.57","635,037.00","174.61","United States","New York Stock Exchange Inc.","USD","1.00","USD","-"
"JNJ","JOHNSON & JOHNSON","Health Care","Equity","107,210,599.68","0.71","107,210,599.68","649,289.00","165.12","United States","New York Stock Exchange Inc.","USD","1.00","USD","-"
"HD","HOME DEPOT INC","Consumer Discretionary","Equity","103,128,405.50","0.68","103,128,405.50","266,930.00","386.35","United States","New York Stock Exchange Inc.","USD","1.00","USD","-"
"ABBV","ABBVIE INC","Health Care","Equity","100,897,810.72","0.67","100,897,810.72","476,968.00","211.54","United States","New York Stock Exchange Inc.","USD","1.00","USD","-"
"BAC","BANK OF AMERICA CORP","Financials","Equity","75,812,394.91","0.50","75,812,394.91","1,792,679.00","42.29","United States","New York Stock Exchange Inc.","USD","1.00","USD","-"
"KO","COCA-COLA","Consumer Staples","Equity","73,125,536.64","0.48","73,125,536.64","1,043,458.00","70.08","United States","New York Stock Exchange Inc.","USD","1.00","USD","-"
"CRM","SALESFORCE INC","Information Technology","Equity","72,641,260.09","0.48","72,641,260.09","248,797.00","291.97","United States","New York Stock Exchange Inc.","USD","1.00","USD","-"
"CVX","CHEVRON CORP","Energy","Equity","69,837,698.04","0.46","69,837,698.04","463,084.00","150.81","United States","New York Stock Exchange Inc.","USD","1.00","USD","-"
"CSCO","CISCO SYSTEMS INC","Information Technology","Equity","68,601,897.00","0.45","68,601,897.00","1,072,575.00","63.96","United States","NASDAQ","USD","1.00","USD","-"
"ORCL","ORACLE CORP","Information Technology","Equity","68,355,874.44","0.45","68,355,874.44","423,099.00","161.56","United States","New York Stock Exchange Inc.","USD","1.00","USD","-"
"WFC","WELLS FARGO","Financials","Equity","66,554,002.08","0.44","66,554,002.08","897,438.00","74.16","United States","New York Stock Exchange Inc.","USD","1.00","USD","-"
"PM","PHILIP MORRIS INTERNATIONAL INC","Consumer Staples","Equity","64,136,563.40","0.42","64,136,563.40","418,810.00","153.14","United States","New York Stock Exchange Inc.","USD","1.00","USD","-"
"ABT","ABBOTT LABORATORIES","Health Care","Equity","64,062,416.58","0.42","64,062,416.58","465,198.00","137.71","United States","New York Stock Exchange Inc.","USD","1.00","USD","-"
"MRK","MERCK & CO INC","Health Care","Equity","63,513,271.74","0.42","63,513,271.74","681,546.00","93.19","United States","New York Stock Exchange Inc.","USD","1.00","USD","-"
"IBM","INTERNATIONAL BUSINESS MACHINES CO","Information Technology","Equity","61,963,807.40","0.41","61,963,807.40","246,524.00","251.35","United States","New York Stock Exchange Inc.","USD","1.00","USD","-"
"LIN","LINDE PLC","Materials","Equity","60,505,860.25","0.40","60,505,860.25","129,217.00","468.25","United States","NASDAQ","USD","1.00","USD","-"
"MCD","MCDONALDS CORP","Consumer Discretionary","Equity","59,531,543.50","0.39","59,531,543.50","193,630.00","307.45","United States","New York Stock Exchange Inc.","USD","1.00","USD","-"
"ACN","ACCENTURE PLC CLASS A","Information Technology","Equity","58,751,113.74","0.39","58,751,113.74","168,699.00","348.26","United States","New York Stock Exchange Inc.","USD","1.00","USD","-"
"GE","GE AEROSPACE","Industrials","Equity","58,568,670.00","0.39","58,568,670.00","289,228.00","202.50","United States","New York Stock Exchange Inc.","USD","1.00","USD","-"
"PEP","PEPSICO INC","Consumer Staples","Equity","56,909,902.04","0.38","56,909,902.04","369,833.00","153.88","United States","NASDAQ","USD","1.00","USD","-"
"ISRG","INTUITIVE SURGICAL INC","Health Care","Equity","53,936,907.12","0.36","53,936,907.12","94,956.00","568.02","United States","NASDAQ","USD","1.00","USD","-"
"TMO","THERMO FISHER SCIENTIFIC INC","Health Care","Equity","53,819,635.68","0.36","53,819,635.68","102,672.00","524.19","United States","New York Stock Exchange Inc.","USD","1.00","USD","-"
"ADBE","ADOBE INC","Information Technology","Equity","53,798,186.52","0.36","53,798,186.52","119,223.00","451.24","United States","NASDAQ","USD","1.00","USD","-"
"DIS","WALT DISNEY","Communication","Equity","53,340,219.32","0.35","53,340,219.32","487,972.00","109.31","United States","New York Stock Exchange Inc.","USD","1.00","USD","-"
"T","AT&T INC","Communication","Equity","50,583,582.28","0.33","50,583,582.28","1,932,146.00","26.18","United States","New York Stock Exchange Inc.","USD","1.00","USD","-"
"NOW","SERVICENOW INC","Information Technology","Equity","50,547,029.05","0.33","50,547,029.05","55,195.00","915.79","United States","New York Stock Exchange Inc.","USD","1.00","USD","-"
"GS","GOLDMAN SACHS GROUP INC","Financials","Equity","49,060,529.61","0.32","49,060,529.61","82,723.00","593.07","United States","New York Stock Exchange Inc.","USD","1.00","USD","-"
"PLTR","PALANTIR TECHNOLOGIES INC CLASS A","Information Technology","Equity","48,787,008.48","0.32","48,787,008.48","541,296.00","90.13","United States","NASDAQ","USD","1.00","USD","-"
"VZ","VERIZON COMMUNICATIONS INC","Communication","Equity","48,594,440.16","0.32","48,594,440.16","1,134,324.00","42.84","United States","New York Stock Exchange Inc.","USD","1.00","USD","-"
"TXN","TEXAS INSTRUMENT INC","Information Technology","Equity","47,900,960.10","0.32","47,900,960.10","244,930.00","195.57","United States","NASDAQ","USD","1.00","USD","-"
"QCOM","QUALCOMM INC","Information Technology","Equity","47,563,324.47","0.31","47,563,324.47","300,103.00","158.49","United States","NASDAQ","USD","1.00","USD","-"
"RTX","RTX CORP","Industrials","Equity","46,342,281.16","0.31","46,342,281.16","357,469.00","129.64","United States","New York Stock Exchange Inc.","USD","1.00","USD","-"
"AMGN","AMGEN INC","Health Care","Equity","45,727,586.79","0.30","45,727,586.79","144,447.00","316.57","United States","NASDAQ","USD","1.00","USD","-"
"INTU","INTUIT INC","Information Technology","Equity","45,354,874.48","0.30","45,354,874.48","73,448.00","617.51","United States","NASDAQ","USD","1.00","USD","-"
"CAT","CATERPILLAR INC","Industrials","Equity","44,490,110.13","0.29","44,490,110.13","131,437.00","338.49","United States","New York Stock Exchange Inc.","USD","1.00","USD","-"
"PGR","PROGRESSIVE CORP","Financials","Equity","44,162,952.24","0.29","44,162,952.24","156,684.00","281.86","United States","New York Stock Exchange Inc.","USD","1.00","USD","-"
"AMD","ADVANCED MICRO DEVICES INC","Information Technology","Equity","44,015,383.08","0.29","44,015,383.08","432,924.00","101.67","United States","NASDAQ","USD","1.00","USD","-"
"SPGI","S&P GLOBAL INC","Financials","Equity","43,991,054.10","0.29","43,991,054.10","84,129.00","522.90","United States","New York Stock Exchange Inc.","USD","1.00","USD","-"
"BKNG","BOOKING HOLDINGS INC","Consumer Discretionary","Equity","43,721,136.86","0.29","43,721,136.86","8,891.00","4,917.46","United States","NASDAQ","USD","1.00","USD","-"
"AXP","AMERICAN EXPRESS","Financials","Equity","42,901,802.06","0.28","42,901,802.06","150,967.00","284.18","United States","New York Stock Exchange Inc.","USD","1.00","USD","-"
"UBER","UBER TECHNOLOGIES INC","Industrials","Equity","41,771,234.56","0.28","41,771,234.56","546,172.00","76.48","United States","New York Stock Exchange Inc.","USD","1.00","USD","-"
"BSX","BOSTON SCIENTIFIC CORP","Health Care","Equity","41,356,471.02","0.27","41,356,471.02","394,962.00","104.71","United States","New York Stock Exchange Inc.","USD","1.00","USD","-"
"UNP","UNION PACIFIC CORP","Industrials","Equity","39,959,591.91","0.26","39,959,591.91","164,031.00","243.61","United States","New York Stock Exchange Inc.","USD","1.00","USD","-"
"PFE","PFIZER INC","Health Care","Equity","39,544,103.30","0.26","39,544,103.30","1,524,445.00","25.94","United States","New York Stock Exchange Inc.","USD","1.00","USD","-"
"NEE","NEXTERA ENERGY INC","Utilities","Equity","38,955,353.20","0.26","38,955,353.20","552,715.00","70.48","United States","New York Stock Exchange Inc.","USD","1.00","USD","-"
"GILD","GILEAD SCIENCES INC","Health Care","Equity","38,727,580.32","0.26","38,727,580.32","335,478.00","115.44","United States","NASDAQ","USD","1.00","USD","-"
"MS","MORGAN STANLEY","Financials","Equity","38,648,981.25","0.26","38,648,981.25","312,315.00","123.75","United States","New York Stock Exchange Inc.","USD","1.00","USD","-"
"SYK","STRYKER CORP","Health Care","Equity","38,529,918.06","0.25","38,529,918.06","97,374.00","395.69","United States","New York Stock Exchange Inc.","USD","1.00","USD","-"
"BLK","BLACKROCK INC","Financials","Equity","38,308,331.66","0.25","38,308,331.66","39,569.00","968.14","United States","New York Stock Exchange Inc.","USD","1.00","USD","-"
"TJX","TJX INC","Consumer Discretionary","Equity","37,520,924.96","0.25","37,520,924.96","304,949.00","123.04","United States","New York Stock Exchange Inc.","USD","1.00","USD","-"
"LOW","LOWES COMPANIES INC","Consumer Discretionary","Equity","37,443,537.44","0.25","37,443,537.44","154,114.00","242.96","United States","New York Stock Exchange Inc.","USD","1.00","USD","-"
"C","CITIGROUP INC","Financials","Equity","37,103,370.24","0.25","37,103,370.24","508,544.00","72.96","United States","New York Stock Exchange Inc.","USD","1.00","USD","-"
"HON","HONEYWELL INTERNATIONAL INC","Industrials","Equity","36,745,337.90","0.24","36,745,337.90","175,295.00","209.62","United States","NASDAQ","USD","1.00","USD","-"
"DHR","DANAHER CORP","Health Care","Equity","36,589,642.88","0.24","36,589,642.88","173,773.00","210.56","United States","New York Stock Exchange Inc.","USD","1.00","USD","-"
"CMCSA","COMCAST CORP CLASS A","Communication","Equity","36,265,048.12","0.24","36,265,048.12","1,019,827.00","35.56","United States","NASDAQ","USD","1.00","USD","-"
"AMAT","APPLIED MATERIAL INC","Information Technology","Equity","34,757,198.96","0.23","34,757,198.96","223,778.00","155.32","United States","NASDAQ","USD","1.00","USD","-"
"FI","FISERV INC","Financials","Equity","34,549,961.88","0.23","34,549,961.88","152,903.00","225.96","United States","New York Stock Exchange Inc.","USD","1.00","USD","-"
"ADP","AUTOMATIC DATA PROCESSING INC","Industrials","Equity","34,353,735.95","0.23","34,353,735.95","110,665.00","310.43","United States","NASDAQ","USD","1.00","USD","-"
"VRTX","VERTEX PHARMACEUTICALS INC","Health Care","Equity","34,212,244.32","0.23","34,212,244.32","69,588.00","491.64","United States","NASDAQ","USD","1.00","USD","-"
"SCHW","CHARLES SCHWAB CORP","Financials","Equity","34,192,427.88","0.23","34,192,427.88","445,562.00","76.74","United States","New York Stock Exchange Inc.","USD","1.00","USD","-"
"SBUX","STARBUCKS CORP","Consumer Discretionary","Equity","34,079,969.70","0.23","34,079,969.70","305,130.00","111.69","United States","NASDAQ","USD","1.00","USD","-"
"TMUS","T MOBILE US INC","Communication","Equity","33,800,187.30","0.22","33,800,187.30","128,645.00","262.74","United States","NASDAQ","USD","1.00","USD","-"
"BMY","BRISTOL MYERS SQUIBB","Health Care","Equity","32,669,556.42","0.22","32,669,556.42","546,131.00","59.82","United States","New York Stock Exchange Inc.","USD","1.00","USD","-"
"MDT","MEDTRONIC PLC","Health Care","Equity","32,493,121.06","0.21","32,493,121.06","345,451.00","94.06","United States","New York Stock Exchange Inc.","USD","1.00","USD","-"
"PANW","PALO ALTO NETWORKS INC","Information Technology","Equity","32,034,866.64","0.21","32,034,866.64","173,838.00","184.28","United States","NASDAQ","USD","1.00","USD","-"
"DE","DEERE","Industrials","Equity","31,731,562.50","0.21","31,731,562.50","67,875.00","467.50","United States","New York Stock Exchange Inc.","USD","1.00","USD","-"
"MMC","MARSH & MCLENNAN INC","Financials","Equity","31,564,858.60","0.21","31,564,858.60","132,737.00","237.80","United States","New York Stock Exchange Inc.","USD","1.00","USD","-"
"CB","CHUBB LTD","Financials","Equity","31,260,842.19","0.21","31,260,842.19","108,919.00","287.01","United States","New York Stock Exchange Inc.","USD","1.00","USD","-"
"XTSLA","BLK CSH FND TREASURY SL AGENCY","Cash and/or Derivatives","Money Market","31,224,286.89","0.21","31,224,286.89","31,224,287.00","1.00","United States","-","USD","1.00","USD","-"
"BA","BOEING","Industrials","Equity","31,018,021.28","0.21","31,018,021.28","190,108.00","163.16","United States","New York Stock Exchange Inc.","USD","1.00","USD","-"
"COP","CONOCOPHILLIPS","Energy","Equity","30,906,864.56","0.20","30,906,864.56","347,737.00","88.88","United States","New York Stock Exchange Inc.","USD","1.00","USD","-"
"PLD","PROLOGIS REIT INC","Real Estate","Equity","30,881,618.60","0.20","30,881,618.60","248,965.00","124.04","United States","New York Stock Exchange Inc.","USD","1.00","USD","-"
"ADI","ANALOG DEVICES INC","Information Technology","Equity","30,621,624.15","0.20","30,621,624.15","133,445.00","229.47","United States","NASDAQ","USD","1.00","USD","-"
"ETN","EATON PLC","Industrials","Equity","30,512,040.12","0.20","30,512,040.12","106,044.00","287.73","United States","New York Stock Exchange Inc.","USD","1.00","USD","-"
"BX","BLACKSTONE INC","Financials","Equity","29,476,146.84","0.19","29,476,146.84","193,871.00","152.04","United States","New York Stock Exchange Inc.","USD","1.00","USD","-"
"MU","MICRON TECHNOLOGY INC","Information Technology","Equity","28,024,640.40","0.19","28,024,640.40","297,060.00","94.34","United States","NASDAQ","USD","1.00","USD","-"
"LRCX","LAM RESEARCH CORP","Information Technology","Equity","27,303,949.05","0.18","27,303,949.05","345,401.00","79.05","United States","NASDAQ","USD","1.00","USD","-"
"ICE","INTERCONTINENTAL EXCHANGE INC","Financials","Equity","26,314,162.57","0.17","26,314,162.57","153,337.00","171.61","United States","New York Stock Exchange Inc.","USD","1.00","USD","-"
"AMT","AMERICAN TOWER REIT CORP","Real Estate","Equity","26,172,021.59","0.17","26,172,021.59","125,411.00","208.69","United States","New York Stock Exchange Inc.","USD","1.00","USD","-"
"LMT","LOCKHEED MARTIN CORP","Industrials","Equity","26,093,843.08","0.17","26,093,843.08","56,674.00","460.42","United States","New York Stock Exchange Inc.","USD","1.00","USD","-"
"SO","SOUTHERN","Utilities","Equity","26,068,064.40","0.17","26,068,064.40","294,056.00","88.65","United States","New York Stock Exchange Inc.","USD","1.00","USD","-"
"KLAC","KLA CORP","Information Technology","Equity","25,991,061.10","0.17","25,991,061.10","36,310.00","715.81","United States","NASDAQ","USD","1.00","USD","-"
"WELL","WELLTOWER INC","Real Estate","Equity","25,638,979.05","0.17","25,638,979.05","165,573.00","154.85","United States","New York Stock Exchange Inc.","USD","1.00","USD","-"
"MO","ALTRIA GROUP INC","Consumer Staples","Equity","25,495,351.95","0.17","25,495,351.95","455,681.00","55.95","United States","New York Stock Exchange Inc.","USD","1.00","USD","-"
"WM","WASTE MANAGEMENT INC","Industrials","Equity","24,906,310.95","0.16","24,906,310.95","108,105.00","230.39","United States","New York Stock Exchange Inc.","USD","1.00","USD","-"
"ELV","ELEVANCE HEALTH INC","Health Care","Equity","24,764,765.82","0.16","24,764,765.82","62,306.00","397.47","United States","New York Stock Exchange Inc.","USD","1.00","USD","-"
"NKE","NIKE INC CLASS B","Consumer Discretionary","Equity","24,716,346.50","0.16","24,716,346.50","317,650.00","77.81","United States","New York Stock Exchange Inc.","USD","1.00","USD","-"
"CME","CME GROUP INC CLASS A","Financials","Equity","24,608,979.44","0.16","24,608,979.44","96,703.00","254.48","United States","NASDAQ","USD","1.00","USD","-"
"ANET","ARISTA NETWORKS INC","Information Technology","Equity","24,302,340.78","0.16","24,302,340.78","276,729.00","87.82","United States","New York Stock Exchange Inc.","USD","1.00","USD","-"
"DUK","DUKE ENERGY CORP","Utilities","Equity","24,002,985.15","0.16","24,002,985.15","208,305.00","115.23","United States","New York Stock Exchange Inc.","USD","1.00","USD","-"
"MDLZ","MONDELEZ INTERNATIONAL INC CLASS A","Consumer Staples","Equity","23,955,648.60","0.16","23,955,648.60","361,322.00","66.30","United States","NASDAQ","USD","1.00","USD","-"
"EQIX","EQUINIX REIT INC","Real Estate","Equity","23,858,102.08","0.16","23,858,102.08","25,904.00","921.02","United States","NASDAQ","USD","1.00","USD","-"
"INTC","INTEL CORPORATION CORP","Information Technology","Equity","23,771,263.00","0.16","23,771,263.00","1,142,300.00","20.81","United States","NASDAQ","USD","1.00","USD","-"
"UPS","UNITED PARCEL SERVICE INC CLASS B","Industrials","Equity","23,337,917.68","0.15","23,337,917.68","196,084.00","119.02","United States","New York Stock Exchange Inc.","USD","1.00","USD","-"
"GEV","GE VERNOVA INC","Industrials","Equity","23,255,020.80","0.15","23,255,020.80","73,406.00","316.80","United States","New York Stock Exchange Inc.","USD","1.00","USD","-"
"SPOT","SPOTIFY TECHNOLOGY SA","Communication","Equity","23,175,090.36","0.15","23,175,090.36","39,492.00","586.83","Sweden","New York Stock Exchange Inc.","USD","1.00","USD","-"
"SHW","SHERWIN WILLIAMS","Materials","Equity","22,917,464.64","0.15","22,917,464.64","63,252.00","362.32","United States","New York Stock Exchange Inc.","USD","1.00","USD","-"
"CI","CIGNA","Health Care","Equity","22,752,675.88","0.15","22,752,675.88","73,436.00","309.83","United States","New York Stock Exchange Inc.","USD","1.00","USD","-"
"CRWD","CROWDSTRIKE HOLDINGS INC CLASS A","Information Technology","Equity","22,592,597.12","0.15","22,592,597.12","61,823.00","365.44","United States","NASDAQ","USD","1.00","USD","-"
"AJG","ARTHUR J GALLAGHER","Financials","Equity","22,503,386.07","0.15","22,503,386.07","66,033.00","340.79","United States","New York Stock Exchange Inc.","USD","1.00","USD","-"
"CVS","CVS HEALTH CORP","Health Care","Equity","22,482,816.65","0.15","22,482,816.65","340,907.00","65.95","United States","New York Stock Exchange Inc.","USD","1.00","USD","-"
"APP","APPLOVIN CORP CLASS A","Information Technology","Equity","22,477,512.00","0.15","22,477,512.00","70,684.00","318.00","United States","NASDAQ","USD","1.00","USD","-"
"KKR","KKR AND CO INC","Financials","Equity","22,329,206.82","0.15","22,329,206.82","181,494.00","123.03","United States","New York Stock Exchange Inc.","USD","1.00","USD","-"
"MCK","MCKESSON CORP","Health Care","Equity","22,324,656.86","0.15","22,324,656.86","34,903.00","639.62","United States","New York Stock Exchange Inc.","USD","1.00","USD","-"
"PH","PARKER-HANNIFIN CORP","Industrials","Equity","22,007,479.20","0.15","22,007,479.20","34,384.00","640.05","United States","New York Stock Exchange Inc.","USD","1.00","USD","-"
"MMM","3M","Industrials","Equity","21,568,625.59","0.14","21,568,625.59","146,119.00","147.61","United States","New York Stock Exchange Inc.","USD","1.00","USD","-"
"AON","AON PLC CLASS A","Financials","Equity","21,250,445.37","0.14","21,250,445.37","52,591.00","404.07","United States","New York Stock Exchange Inc.","USD","1.00","USD","-"
"TT","TRANE TECHNOLOGIES PLC","Industrials","Equity","21,161,660.40","0.14","21,161,660.40","60,696.00","348.65","United States","New York Stock Exchange Inc.","USD","1.00","USD","-"
"ORLY","OREILLY AUTOMOTIVE INC","Consumer Discretionary","Equity","20,838,566.85","0.14","20,838,566.85","15,555.00","1,339.67","United States","NASDAQ","USD","1.00","USD","Jan 01, 1970"
"MRVL","MARVELL TECHNOLOGY INC","Information Technology","Equity","20,751,399.82","0.14","20,751,399.82","230,213.00","90.14","United States","NASDAQ","USD","1.00","USD","-"
"APH","AMPHENOL CORP CLASS A","Information Technology","Equity","20,617,770.78","0.14","20,617,770.78","318,618.00","64.71","United States","New York Stock Exchange Inc.","USD","1.00","USD","-"
"ZTS","ZOETIS INC CLASS A","Health Care","Equity","20,614,981.00","0.14","20,614,981.00","123,443.00","167.00","United States","New York Stock Exchange Inc.","USD","1.00","USD","-"
"ITW","ILLINOIS TOOL INC","Industrials","Equity","20,530,277.25","0.14","20,530,277.25","78,645.00","261.05","United States","New York Stock Exchange Inc.","USD","1.00","USD","-"
"MCO","MOODYS CORP","Financials","Equity","20,525,438.24","0.14","20,525,438.24","42,568.00","482.18","United States","New York Stock Exchange Inc.","USD","1.00","USD","-"
"TDG","TRANSDIGM GROUP INC","Industrials","Equity","20,051,916.66","0.13","20,051,916.66","14,583.00","1,375.02","United States","New York Stock Exchange Inc.","USD","1.00","USD","-"
"CL","COLGATE-PALMOLIVE","Consumer Staples","Equity","19,976,177.00","0.13","19,976,177.00","217,724.00","91.75","United States","New York Stock Exchange Inc.","USD","1.00","USD","-"
"APO","APOLLO GLOBAL MANAGEMENT INC","Financials","Equity","19,823,161.80","0.13","19,823,161.80","141,060.00","140.53","United States","New York Stock Exchange Inc.","USD","1.00","USD","-"
"CMG","CHIPOTLE MEXICAN GRILL INC","Consumer Discretionary","Equity","19,616,420.80","0.13","19,616,420.80","365,978.00","53.60","United States","New York Stock Exchange Inc.","USD","1.00","USD","-"
"CEG","CONSTELLATION ENERGY CORP","Utilities","Equity","19,468,580.04","0.13","19,468,580.04","84,897.00","229.32","United States","NASDAQ","USD","1.00","USD","-"
"REGN","REGENERON PHARMACEUTICALS INC","Health Care","Equity","19,321,970.85","0.13","19,321,970.85","28,119.00","687.15","United States","NASDAQ","USD","1.00","USD","-"
"PNC","PNC FINANCIAL SERVICES GROUP INC","Financials","Equity","19,287,550.78","0.13","19,287,550.78","106,874.00","180.47","United States","New York Stock Exchange Inc.","USD","1.00","USD","-"
"GD","GENERAL DYNAMICS CORP","Industrials","Equity","19,237,627.68","0.13","19,237,627.68","73,158.00","262.96","United States","New York Stock Exchange Inc.","USD","1.00","USD","-"
"CTAS","CINTAS CORP","Industrials","Equity","19,172,033.10","0.13","19,172,033.10","93,390.00","205.29","United States","NASDAQ","USD","1.00","USD","-"
"COF","CAPITAL ONE FINANCIAL CORP","Financials","Equity","18,925,247.20","0.13","18,925,247.20","101,776.00","185.95","United States","New York Stock Exchange Inc.","USD","1.00","USD","-"
"CRH","CRH PUBLIC LIMITED PLC","Materials","Equity","18,908,372.34","0.13","18,908,372.34","184,041.00","102.74","United States","New York Stock Exchange Inc.","USD","1.00","USD","-"
"MSI","MOTOROLA SOLUTIONS INC","Information Technology","Equity","18,880,917.10","0.12","18,880,917.10","44,311.00","426.10","United States","New York Stock Exchange Inc.","USD","1.00","USD","-"
"PYPL","PAYPAL HOLDINGS INC","Financials","Equity","18,725,315.50","0.12","18,725,315.50","269,429.00","69.50","United States","NASDAQ","USD","1.00","USD","-"
"USB","US BANCORP","Financials","Equity","18,707,885.34","0.12","18,707,885.34","418,802.00","44.67","United States","New York Stock Exchange Inc.","USD","1.00","USD","-"
"APD","AIR PRODUCTS AND CHEMICALS INC","Materials","Equity","18,643,077.72","0.12","18,643,077.72","59,834.00","311.58","United States","New York Stock Exchange Inc.","USD","1.00","USD","-"
"EOG","EOG RESOURCES INC","Energy","Equity","18,619,167.40","0.12","18,619,167.40","152,804.00","121.85","United States","New York Stock Exchange Inc.","USD","1.00","USD","-"
"DASH","DOORDASH INC CLASS A","Consumer Discretionary","Equity","18,524,601.72","0.12","18,524,601.72","94,959.00","195.08","United States","NASDAQ","USD","1.00","USD","-"
"WMB","WILLIAMS INC","Energy","Equity","18,358,753.44","0.12","18,358,753.44","326,552.00","56.22","United States","New York Stock Exchange Inc.","USD","1.00","USD","-"
"SNPS","SYNOPSYS INC","Information Technology","Equity","18,281,695.56","0.12","18,281,695.56","40,811.00","447.96","United States","NASDAQ","USD","1.00","USD","-"
"FTNT","FORTINET INC","Information Technology","Equity","18,230,653.20","0.12","18,230,653.20","170,699.00","106.80","United States","NASDAQ","USD","1.00","USD","-"
"ECL","ECOLAB INC","Materials","Equity","18,084,623.36","0.12","18,084,623.36","67,072.00","269.63","United States","New York Stock Exchange Inc.","USD","1.00","USD","-"
"CDNS","CADENCE DESIGN SYSTEMS INC","Information Technology","Equity","17,956,575.40","0.12","17,956,575.40","73,382.00","244.70","United States","NASDAQ","USD","1.00","USD","-"
"EMR","EMERSON ELECTRIC","Industrials","Equity","17,765,801.60","0.12","17,765,801.60","153,365.00","115.84","United States","New York Stock Exchange Inc.","USD","1.00","USD","-"
"NOC","NORTHROP GRUMMAN CORP","Industrials","Equity","17,601,355.60","0.12","17,601,355.60","37,118.00","474.20","United States","New York Stock Exchange Inc.","USD","1.00","USD","-"
"BDX","BECTON DICKINSON","Health Care","Equity","17,451,552.04","0.12","17,451,552.04","77,867.00","224.12","United States","New York Stock Exchange Inc.","USD","1.00","USD","-"
"BK","BANK OF NEW YORK MELLON CORP","Financials","Equity","17,152,729.60","0.11","17,152,729.60","198,160.00","86.56","United States","New York Stock Exchange Inc.","USD","1.00","USD","-"
"ROP","ROPER TECHNOLOGIES INC","Information Technology","Equity","17,118,354.68","0.11","17,118,354.68","28,828.00","593.81","United States","NASDAQ","USD","1.00","USD","-"
"MAR","MARRIOTT INTERNATIONAL INC CLASS A","Consumer Discretionary","Equity","16,730,665.40","0.11","16,730,665.40","61,714.00","271.10","United States","NASDAQ","USD","1.00","USD","-"
"ABNB","AIRBNB INC CLASS A","Consumer Discretionary","Equity","16,696,260.58","0.11","16,696,260.58","117,101.00","142.58","United States","NASDAQ","USD","1.00","USD","-"
"HLT","HILTON WORLDWIDE HOLDINGS INC","Consumer Discretionary","Equity","16,694,029.66","0.11","16,694,029.66","64,334.00","259.49","United States","New York Stock Exchange Inc.","USD","1.00","USD","-"
"AFL","AFLAC INC","Financials","Equity","16,234,924.16","0.11","16,234,924.16","150,101.00","108.16","United States","New York Stock Exchange Inc.","USD","1.00","USD","-"
"AZO","AUTOZONE INC","Consumer Discretionary","Equity","16,118,804.04","0.11","16,118,804.04","4,533.00","3,555.88","United States","New York Stock Exchange Inc.","USD","1.00","USD","-"
"CSX","CSX CORP","Industrials","Equity","16,011,612.80","0.11","16,011,612.80","517,840.00","30.92","United States","NASDAQ","USD","1.00","USD","-"
"SPG","SIMON PROPERTY GROUP REIT INC","Real Estate","Equity","16,006,506.68","0.11","16,006,506.68","87,286.00","183.38","United States","New York Stock Exchange Inc.","USD","1.00","USD","-"
"HCA","HCA HEALTHCARE INC","Health Care","Equity","15,894,241.01","0.11","15,894,241.01","49,727.00","319.63","United States","New York Stock Exchange Inc.","USD","1.00","USD","-"
"TRV","TRAVELERS COMPANIES INC","Financials","Equity","15,811,304.31","0.10","15,811,304.31","61,277.00","258.03","United States","New York Stock Exchange Inc.","USD","1.00","USD","-"
"ADSK","AUTODESK INC","Information Technology","Equity","15,561,919.68","0.10","15,561,919.68","58,232.00","267.24","United States","NASDAQ","USD","1.00","USD","-"
"TFC","TRUIST FINANCIAL CORP","Financials","Equity","15,548,526.81","0.10","15,548,526.81","360,671.00","43.11","United States","New York Stock Exchange Inc.","USD","1.00","USD","-"
"FDX","FEDEX CORP","Industrials","Equity","15,187,366.50","0.10","15,187,366.50","60,650.00","250.41","United States","New York Stock Exchange Inc.","USD","1.00","USD","-"
"SNOW","SNOWFLAKE INC CLASS A","Information Technology","Equity","15,143,515.17","0.10","15,143,515.17","85,407.00","177.31","United States","New York Stock Exchange Inc.","USD","1.00","USD","-"
"SLB","SCHLUMBERGER NV","Energy","Equity","14,954,142.94","0.10","14,954,142.94","379,258.00","39.43","United States","New York Stock Exchange Inc.","USD","1.00","USD","-"
"JCI","JOHNSON CONTROLS INTERNATIONAL PLC","Industrials","Equity","14,763,423.20","0.10","14,763,423.20","179,560.00","82.22","United States","New York Stock Exchange Inc.","USD","1.00","USD","-"
"WDAY","WORKDAY INC CLASS A","Information Technology","Equity","14,718,848.56","0.10","14,718,848.56","56,696.00","259.61","United States","NASDAQ","USD","1.00","USD","-"
"FCX","FREEPORT MCMORAN INC","Materials","Equity","14,701,597.92","0.10","14,701,597.92","385,262.00","38.16","United States","New York Stock Exchange Inc.","USD","1.00","USD","-"
"AEP","AMERICAN ELECTRIC POWER INC","Utilities","Equity","14,661,425.73","0.10","14,661,425.73","141,807.00","103.39","United States","NASDAQ","USD","1.00","USD","-"
"RCL","ROYAL CARIBBEAN GROUP LTD","Consumer Discretionary","Equity","14,654,182.43","0.10","14,654,182.43","63,353.00","231.31","United States","New York Stock Exchange Inc.","USD","1.00","USD","-"
"CARR","CARRIER GLOBAL CORP","Industrials","Equity","14,576,159.26","0.10","14,576,159.26","224,698.00","64.87","United States","New York Stock Exchange Inc.","USD","1.00","USD","-"
"TGT","TARGET CORP","Consumer Staples","Equity","14,475,003.60","0.10","14,475,003.60","124,185.00","116.56","United States","New York Stock Exchange Inc.","USD","1.00","USD","-"
"NSC","NORFOLK SOUTHERN CORP","Industrials","Equity","14,448,220.16","0.10","14,448,220.16","60,544.00","238.64","United States","New York Stock Exchange Inc.","USD","1.00","USD","-"
"OKE","ONEOK INC","Energy","Equity","14,365,252.55","0.09","14,365,252.55","156,365.00","91.87","United States","New York Stock Exchange Inc.","USD","1.00","USD","-"
"GM","GENERAL MOTORS","Consumer Discretionary","Equity","14,242,551.36","0.09","14,242,551.36","293,782.00","48.48","United States","New York Stock Exchange Inc.","USD","1.00","USD","-"
"PCAR","PACCAR INC","Industrials","Equity","14,222,113.43","0.09","14,222,113.43","138,119.00","102.97","United States","NASDAQ","USD","1.00","USD","-"
"AIG","AMERICAN INTERNATIONAL GROUP INC","Financials","Equity","14,209,735.60","0.09","14,209,735.60","174,760.00","81.31","United States","New York Stock Exchange Inc.","USD","1.00","USD","-"
"ALL","ALLSTATE CORP","Financials","Equity","14,149,203.12","0.09","14,149,203.12","70,902.00","199.56","United States","New York Stock Exchange Inc.","USD","1.00","USD","-"
"HWM","HOWMET AEROSPACE INC","Industrials","Equity","14,141,459.00","0.09","14,141,459.00","108,530.00","130.30","United States","New York Stock Exchange Inc.","USD","1.00","USD","-"
"DLR","DIGITAL REALTY TRUST REIT INC","Real Estate","Equity","13,998,391.84","0.09","13,998,391.84","89,003.00","157.28","United States","New York Stock Exchange Inc.","USD","1.00","USD","-"
"KMI","KINDER MORGAN INC","Energy","Equity","13,879,846.53","0.09","13,879,846.53","519,261.00","26.73","United States","New York Stock Exchange Inc.","USD","1.00","USD","-"
"MSTR","MICROSTRATEGY INC CLASS A","Information Technology","Equity","13,647,475.05","0.09","13,647,475.05","44,231.00","308.55","United States","NASDAQ","USD","1.00","USD","-"
"O","REALTY INCOME REIT CORP","Real Estate","Equity","13,624,238.16","0.09","13,624,238.16","234,456.00","58.11","United States","New York Stock Exchange Inc.","USD","1.00","USD","-"
"NEM","NEWMONT","Materials","Equity","13,553,245.70","0.09","13,553,245.70","309,082.00","43.85","United States","New York Stock Exchange Inc.","USD","1.00","USD","-"
"PSX","PHILLIPS","Energy","Equity","13,433,031.90","0.09","13,433,031.90","112,185.00","119.74","United States","New York Stock Exchange Inc.","USD","1.00","USD","-"
"AMP","AMERIPRISE FINANCE INC","Financials","Equity","13,289,285.36","0.09","13,289,285.36","26,104.00","509.09","United States","New York Stock Exchange Inc.","USD","1.00","USD","-"
"PSA","PUBLIC STORAGE REIT","Real Estate","Equity","13,259,512.20","0.09","13,259,512.20","42,594.00","311.30","United States","New York Stock Exchange Inc.","USD","1.00","USD","-"
"MET","METLIFE INC","Financials","Equity","13,104,625.38","0.09","13,104,625.38","157,773.00","83.06","United States","New York Stock Exchange Inc.","USD","1.00","USD","-"
"PAYX","PAYCHEX INC","Industrials","Equity","13,100,525.10","0.09","13,100,525.10","86,131.00","152.10","United States","NASDAQ","USD","1.00","USD","-"
"LNG","CHENIERE ENERGY INC","Energy","Equity","13,053,600.00","0.09","13,053,600.00","60,000.00","217.56","United States","New York Stock Exchange Inc.","USD","1.00","USD","-"
"RSG","REPUBLIC SERVICES INC","Industrials","Equity","12,962,084.80","0.09","12,962,084.80","54,980.00","235.76","United States","New York Stock Exchange Inc.","USD","1.00","USD","-"
"CPRT","COPART INC","Industrials","Equity","12,757,839.16","0.08","12,757,839.16","234,476.00","54.41","United States","NASDAQ","USD","1.00","USD","-"
"KMB","KIMBERLY CLARK CORP","Consumer Staples","Equity","12,752,365.20","0.08","12,752,365.20","90,040.00","141.63","United States","New York Stock Exchange Inc.","USD","1.00","USD","-"
"CMI","CUMMINS INC","Industrials","Equity","12,717,469.12","0.08","12,717,469.12","36,616.00","347.32","United States","New York Stock Exchange Inc.","USD","1.00","USD","-"
"SRE","SEMPRA","Utilities","Equity","12,257,080.60","0.08","12,257,080.60","170,474.00","71.90","United States","New York Stock Exchange Inc.","USD","1.00","USD","-"
"ROST","ROSS STORES INC","Consumer Discretionary","Equity","12,202,815.52","0.08","12,202,815.52","88,018.00","138.64","United States","NASDAQ","USD","1.00","USD","-"
"D","DOMINION ENERGY INC","Utilities","Equity","12,185,862.70","0.08","12,185,862.70","225,247.00","54.10","United States","New York Stock Exchange Inc.","USD","1.00","USD","-"
"DFS","DISCOVER FINANCIAL SERVICES","Financials","Equity","12,184,137.72","0.08","12,184,137.72","67,338.00","180.94","United States","New York Stock Exchange Inc.","USD","1.00","USD","-"
"MPC","MARATHON PETROLEUM CORP","Energy","Equity","12,144,180.24","0.08","12,144,180.24","89,877.00","135.12","United States","New York Stock Exchange Inc.","USD","1.00","USD","-"
"COIN","COINBASE GLOBAL INC CLASS A","Financials","Equity","12,104,839.20","0.08","12,104,839.20","54,416.00","222.45","United States","NASDAQ","USD","1.00","USD","-"
"YUM","YUM BRANDS INC","Consumer Discretionary","Equity","12,040,244.13","0.08","12,040,244.13","75,549.00","159.37","United States","New York Stock Exchange Inc.","USD","1.00","USD","-"
"FICO","FAIR ISAAC CORP","Information Technology","Equity","11,951,676.81","0.08","11,951,676.81","6,381.00","1,873.01","United States","New York Stock Exchange Inc.","USD","1.00","USD","-"
"TEAM","ATLASSIAN CORP CLASS A","Information Technology","Equity","11,923,742.24","0.08","11,923,742.24","43,088.00","276.73","United States","NASDAQ","USD","1.00","USD","-"
"USD","USD CASH","Cash and/or Derivatives","Cash","11,829,851.64","0.08","11,829,851.64","11,829,852.00","100.00","United States","-","USD","1.00","USD","-"
"KVUE","KENVUE INC","Consumer Staples","Equity","11,817,884.16","0.08","11,817,884.16","512,929.00","23.04","United States","New York Stock Exchange Inc.","USD","1.00","USD","-"
"EXC","EXELON CORP","Utilities","Equity","11,732,608.96","0.08","11,732,608.96","270,586.00","43.36","United States","NASDAQ","USD","1.00","USD","-"
"CBRE","CBRE GROUP INC CLASS A","Real Estate","Equity","11,708,586.30","0.08","11,708,586.30","82,281.00","142.30","United States","New York Stock Exchange Inc.","USD","1.00","USD","-"
"VST","VISTRA CORP","Utilities","Equity","11,706,548.64","0.08","11,706,548.64","92,272.00","126.87","United States","New York Stock Exchange Inc.","USD","1.00","USD","-"
"MSCI","MSCI INC","Financials","Equity","11,702,174.77","0.08","11,702,174.77","20,423.00","572.99","United States","New York Stock Exchange Inc.","USD","1.00","USD","-"
"EW","EDWARDS LIFESCIENCES CORP","Health Care","Equity","11,664,960.55","0.08","11,664,960.55","160,123.00","72.85","United States","New York Stock Exchange Inc.","USD","1.00","USD","-"
"NET","CLOUDFLARE INC CLASS A","Information Technology","Equity","11,647,775.00","0.08","11,647,775.00","81,028.00","143.75","United States","New York Stock Exchange Inc.","USD","1.00","USD","-"
"FAST","FASTENAL","Industrials","Equity","11,518,090.74","0.08","11,518,090.74","154,626.00","74.49","United States","NASDAQ","USD","1.00","USD","-"
"AME","AMETEK INC","Industrials","Equity","11,512,448.64","0.08","11,512,448.64","62,216.00","185.04","United States","New York Stock Exchange Inc.","USD","1.00","USD","-"
"GWW","WW GRAINGER INC","Industrials","Equity","11,478,904.18","0.08","11,478,904.18","11,653.00","985.06","United States","New York Stock Exchange Inc.","USD","1.00","USD","-"
"CTVA","CORTEVA INC","Materials","Equity","11,462,301.40","0.08","11,462,301.40","187,415.00","61.16","United States","New York Stock Exchange Inc.","USD","1.00","USD","-"
"BKR","BAKER HUGHES CLASS A","Energy","Equity","11,379,721.04","0.08","11,379,721.04","268,897.00","42.32","United States","NASDAQ","USD","1.00","USD","-"
"VRSK","VERISK ANALYTICS INC","Industrials","Equity","11,256,881.24","0.07","11,256,881.24","37,916.00","296.89","United States","NASDAQ","USD","1.00","USD","-"
"CTSH","COGNIZANT TECHNOLOGY SOLUTIONS COR","Information Technology","Equity","11,209,652.14","0.07","11,209,652.14","132,997.00","84.28","United States","NASDAQ","USD","1.00","USD","-"
"COR","CENCORA INC","Health Care","Equity","11,201,133.96","0.07","11,201,133.96","44,532.00","251.53","United States","New York Stock Exchange Inc.","USD","1.00","USD","-"
"KR","KROGER","Consumer Staples","Equity","11,159,478.98","0.07","11,159,478.98","178,466.00","62.53","United States","New York Stock Exchange Inc.","USD","1.00","USD","-"
"URI","UNITED RENTALS INC","Industrials","Equity","11,152,026.77","0.07","11,152,026.77","17,593.00","633.89","United States","New York Stock Exchange Inc.","USD","1.00","USD","-"
"LULU","LULULEMON ATHLETICA INC","Consumer Discretionary","Equity","11,035,361.16","0.07","11,035,361.16","31,572.00","349.53","United States","NASDAQ","USD","1.00","USD","-"
"CCI","CROWN CASTLE INC","Real Estate","Equity","10,997,236.19","0.07","10,997,236.19","116,213.00","94.63","United States","New York Stock Exchange Inc.","USD","1.00","USD","-"
"OTIS","OTIS WORLDWIDE CORP","Industrials","Equity","10,967,557.44","0.07","10,967,557.44","108,204.00","101.36","United States","New York Stock Exchange Inc.","USD","1.00","USD","-"
"TRGP","TARGA RESOURCES CORP","Energy","Equity","10,923,714.75","0.07","10,923,714.75","58,475.00","186.81","United States","New York Stock Exchange Inc.","USD","1.00","USD","-"
"PEG","PUBLIC SERVICE ENTERPRISE GROUP IN","Utilities","Equity","10,904,468.10","0.07","10,904,468.10","133,535.00","81.66","United States","New York Stock Exchange Inc.","USD","1.00","USD","-"
"LHX","L3HARRIS TECHNOLOGIES INC","Industrials","Equity","10,720,819.19","0.07","10,720,819.19","50,923.00","210.53","United States","New York Stock Exchange Inc.","USD","1.00","USD","-"
"MNST","MONSTER BEVERAGE CORP","Consumer Staples","Equity","10,657,697.85","0.07","10,657,697.85","192,551.00","55.35","United States","NASDAQ","USD","1.00","USD","-"
"PRU","PRUDENTIAL FINANCIAL INC","Financials","Equity","10,656,236.99","0.07","10,656,236.99","96,271.00","110.69","United States","New York Stock Exchange Inc.","USD","1.00","USD","-"
"XEL","XCEL ENERGY INC","Utilities","Equity","10,612,186.92","0.07","10,612,186.92","154,404.00","68.73","United States","NASDAQ","USD","1.00","USD","-"
"HES","HESS CORP","Energy","Equity","10,547,921.52","0.07","10,547,921.52","74,628.00","141.34","United States","New York Stock Exchange Inc.","USD","1.00","USD","-"
"VLO","VALERO ENERGY CORP","Energy","Equity","10,463,202.08","0.07","10,463,202.08","85,933.00","121.76","United States","New York Stock Exchange Inc.","USD","1.00","USD","-"
"AXON","AXON ENTERPRISE INC","Industrials","Equity","10,370,734.56","0.07","10,370,734.56","19,386.00","534.96","United States","NASDAQ","USD","1.00","USD","-"
"GEHC","GE HEALTHCARE TECHNOLOGIES INC","Health Care","Equity","10,342,923.76","0.07","10,342,923.76","122,026.00","84.76","United States","NASDAQ","USD","1.00","USD","-"
"DHI","D R HORTON INC","Consumer Discretionary","Equity","10,275,859.10","0.07","10,275,859.10","79,430.00","129.37","United States","New York Stock Exchange Inc.","USD","1.00","USD","-"
"FIS","FIDELITY NATIONAL INFORMATION SERV","Financials","Equity","10,218,913.02","0.07","10,218,913.02","146,697.00","69.66","United States","New York Stock Exchange Inc.","USD","1.00","USD","-"
"F","FORD MOTOR CO","Consumer Discretionary","Equity","10,186,115.40","0.07","10,186,115.40","1,055,556.00","9.65","United States","New York Stock Exchange Inc.","USD","1.00","USD","-"
"KDP","KEURIG DR PEPPER INC","Consumer Staples","Equity","10,009,613.70","0.07","10,009,613.70","300,589.00","33.30","United States","NASDAQ","USD","1.00","USD","-"
"IT","GARTNER INC","Information Technology","Equity","9,975,033.42","0.07","9,975,033.42","20,346.00","490.27","United States","New York Stock Exchange Inc.","USD","1.00","USD","-"
"TTWO","TAKE TWO INTERACTIVE SOFTWARE INC","Communication","Equity","9,962,028.56","0.07","9,962,028.56","46,376.00","214.81","United States","NASDAQ","USD","1.00","USD","-"
"PWR","QUANTA SERVICES INC","Industrials","Equity","9,891,467.52","0.07","9,891,467.52","39,072.00","253.16","United States","New York Stock Exchange Inc.","USD","1.00","USD","-"
"DAL","DELTA AIR LINES INC","Industrials","Equity","9,879,399.25","0.07","9,879,399.25","174,025.00","56.77","United States","New York Stock Exchange Inc.","USD","1.00","USD","-"
"SYY","SYSCO CORP","Consumer Staples","Equity","9,827,345.48","0.06","9,827,345.48","132,017.00","74.44","United States","New York Stock Exchange Inc.","USD","1.00","USD","-"
"A","AGILENT TECHNOLOGIES INC","Health Care","Equity","9,757,842.81","0.06","9,757,842.81","77,131.00","126.51","United States","New York Stock Exchange Inc.","USD","1.00","USD","-"
"ETR","ENTERGY CORP","Utilities","Equity","9,729,127.20","0.06","9,729,127.20","114,920.00","84.66","United States","New York Stock Exchange Inc.","USD","1.00","USD","-"
"GLW","CORNING INC","Information Technology","Equity","9,710,937.60","0.06","9,710,937.60","206,440.00","47.04","United States","New York Stock Exchange Inc.","USD","1.00","USD","-"
"IDXX","IDEXX LABORATORIES INC","Health Care","Equity","9,693,826.33","0.06","9,693,826.33","22,171.00","437.23","United States","NASDAQ","USD","1.00","USD","-"
"EA","ELECTRONIC ARTS INC","Communication","Equity","9,570,901.90","0.06","9,570,901.90","71,398.00","134.05","United States","NASDAQ","USD","1.00","USD","-"
"CHTR","CHARTER COMMUNICATIONS INC CLASS A","Communication","Equity","9,508,559.34","0.06","9,508,559.34","25,127.00","378.42","United States","NASDAQ","USD","1.00","USD","-"
"PCG","PG&E CORP","Utilities","Equity","9,384,537.03","0.06","9,384,537.03","572,577.00","16.39","United States","New York Stock Exchange Inc.","USD","1.00","USD","-"
"ED","CONSOLIDATED EDISON INC","Utilities","Equity","9,379,421.40","0.06","9,379,421.40","93,607.00","100.20","United States","New York Stock Exchange Inc.","USD","1.00","USD","-"
"GRMN","GARMIN LTD","Consumer Discretionary","Equity","9,335,460.06","0.06","9,335,460.06","41,526.00","224.81","United States","New York Stock Exchange Inc.","USD","1.00","USD","-"
"NU","NU HOLDINGS LTD CLASS A","Financials","Equity","9,264,533.61","0.06","9,264,533.61","852,303.00","10.87","Brazil","New York Stock Exchange Inc.","USD","1.00","USD","-"
"FERG","FERGUSON ENTERPRISES INC","Consumer Discretionary","Equity","9,248,065.40","0.06","9,248,065.40","54,190.00","170.66","United States","New York Stock Exchange Inc.","USD","1.00","USD","-"
"IR","INGERSOLL RAND INC","Industrials","Equity","9,220,684.73","0.06","9,220,684.73","109,211.00","84.43","United States","New York Stock Exchange Inc.","USD","1.00","USD","-"
"DDOG","DATADOG INC CLASS A","Information Technology","Equity","9,214,105.40","0.06","9,214,105.40","80,060.00","115.09","United States","NASDAQ","USD","1.00","USD","-"
"HIG","HARTFORD INSURANCE GROUP INC","Financials","Equity","9,191,577.60","0.06","9,191,577.60","78,080.00","117.72","United States","New York Stock Exchange Inc.","USD","1.00","USD","-"
"XYZ","BLOCK INC CLASS A","Financials","Equity","9,182,179.84","0.06","9,182,179.84","150,232.00","61.12","United States","New York Stock Exchange Inc.","USD","1.00","USD","-"
"ODFL","OLD DOMINION FREIGHT LINE INC","Industrials","Equity","9,171,096.60","0.06","9,171,096.60","51,955.00","176.52","United States","NASDAQ","USD","1.00","USD","-"
"GIS","GENERAL MILLS INC","Consumer Staples","Equity","9,156,252.96","0.06","9,156,252.96","150,201.00","60.96","United States","New York Stock Exchange Inc.","USD","1.00","USD","-"
"HUBS","HUBSPOT INC","Information Technology","Equity","9,142,536.36","0.06","9,142,536.36","13,092.00","698.33","United States","New York Stock Exchange Inc.","USD","1.00","USD","-"
"WTW","WILLIS TOWERS WATSON PLC","Financials","Equity","9,045,549.00","0.06","9,045,549.00","27,042.00","334.50","United States","NASDAQ","USD","1.00","USD","-"
"VICI","VICI PPTYS INC","Real Estate","Equity","9,005,774.40","0.06","9,005,774.40","277,956.00","32.40","United States","New York Stock Exchange Inc.","USD","1.00","USD","-"
"IQV","IQVIA HOLDINGS INC","Health Care","Equity","8,975,811.60","0.06","8,975,811.60","48,296.00","185.85","United States","New York Stock Exchange Inc.","USD","1.00","USD","-"
"WEC","WEC ENERGY GROUP INC","Utilities","Equity","8,937,304.03","0.06","8,937,304.03","85,549.00","104.47","United States","New York Stock Exchange Inc.","USD","1.00","USD","-"
"RBLX","ROBLOX CORP CLASS A","Communication","Equity","8,930,445.29","0.06","8,930,445.29","141,059.00","63.31","United States","New York Stock Exchange Inc.","USD","1.00","USD","-"
"DD","DUPONT DE NEMOURS INC","Materials","Equity","8,902,554.80","0.06","8,902,554.80","112,010.00","79.48","United States","New York Stock Exchange Inc.","USD","1.00","USD","-"
"EXR","EXTRA SPACE STORAGE REIT INC","Real Estate","Equity","8,863,960.34","0.06","8,863,960.34","56,426.00","157.09","United States","New York Stock Exchange Inc.","USD","1.00","USD","-"
"ACGL","ARCH CAPITAL GROUP LTD","Financials","Equity","8,844,598.35","0.06","8,844,598.35","96,821.00","91.35","United States","NASDAQ","USD","1.00","USD","-"
"RMD","RESMED INC","Health Care","Equity","8,813,530.08","0.06","8,813,530.08","39,376.00","223.83","United States","New York Stock Exchange Inc.","USD","1.00","USD","-"
"VEEV","VEEVA SYSTEMS INC CLASS A","Health Care","Equity","8,756,691.16","0.06","8,756,691.16","39,814.00","219.94","United States","New York Stock Exchange Inc.","USD","1.00","USD","-"
"HOOD","ROBINHOOD MARKETS INC CLASS A","Financials","Equity","8,733,154.44","0.06","8,733,154.44","181,487.00","48.12","United States","NASDAQ","USD","1.00","USD","-"
"NDAQ","NASDAQ INC","Financials","Equity","8,692,428.00","0.06","8,692,428.00","110,310.00","78.80","United States","NASDAQ","USD","1.00","USD","-"
"ALNY","ALNYLAM PHARMACEUTICALS INC","Health Care","Equity","8,658,499.43","0.06","8,658,499.43","34,741.00","249.23","United States","NASDAQ","USD","1.00","USD","-"
"CSGP","COSTAR GROUP INC","Real Estate","Equity","8,630,918.63","0.06","8,630,918.63","110,923.00","77.81","United States","NASDAQ","USD","1.00","USD","-"
"DXCM","DEXCOM INC","Health Care","Equity","8,589,244.08","0.06","8,589,244.08","104,798.00","81.96","United States","NASDAQ","USD","1.00","USD","-"
"AVB","AVALONBAY COMMUNITIES REIT INC","Real Estate","Equity","8,565,101.79","0.06","8,565,101.79","38,157.00","224.47","United States","New York Stock Exchange Inc.","USD","1.00","USD","-"
"EBAY","EBAY INC","Consumer Discretionary","Equity","8,556,865.90","0.06","8,556,865.90","128,578.00","66.55","United States","NASDAQ","USD","1.00","USD","-"
"MCHP","MICROCHIP TECHNOLOGY INC","Information Technology","Equity","8,530,905.60","0.06","8,530,905.60","143,040.00","59.64","United States","NASDAQ","USD","1.00","USD","-"
"VMC","VULCAN MATERIALS","Materials","Equity","8,524,974.15","0.06","8,524,974.15","35,469.00","240.35","United States","New York Stock Exchange Inc.","USD","1.00","USD","-"
"NUE","NUCOR CORP","Materials","Equity","8,506,785.43","0.06","8,506,785.43","64,207.00","132.49","United States","New York Stock Exchange Inc.","USD","1.00","USD","-"
"ROK","ROCKWELL AUTOMATION INC","Industrials","Equity","8,500,153.26","0.06","8,500,153.26","31,061.00","273.66","United States","New York Stock Exchange Inc.","USD","1.00","USD","-"
"HUM","HUMANA INC","Health Care","Equity","8,465,427.52","0.06","8,465,427.52","32,296.00","262.12","United States","New York Stock Exchange Inc.","USD","1.00","USD","-"
"VRT","VERTIV HOLDINGS CLASS A","Industrials","Equity","8,427,596.32","0.06","8,427,596.32","95,888.00","87.89","United States","New York Stock Exchange Inc.","USD","1.00","USD","-"
"XYL","XYLEM INC","Industrials","Equity","8,345,172.19","0.06","8,345,172.19","64,357.00","129.67","United States","New York Stock Exchange Inc.","USD","1.00","USD","-"
"OXY","OCCIDENTAL PETROLEUM CORP","Energy","Equity","8,322,140.64","0.06","8,322,140.64","182,864.00","45.51","United States","New York Stock Exchange Inc.","USD","1.00","USD","-"
"CAH","CARDINAL HEALTH INC","Health Care","Equity","8,278,859.66","0.05","8,278,859.66","64,973.00","127.42","United States","New York Stock Exchange Inc.","USD","1.00","USD","-"
"WAB","WESTINGHOUSE AIR BRAKE TECHNOLOGIE","Industrials","Equity","8,237,342.99","0.05","8,237,342.99","45,791.00","179.89","United States","New York Stock Exchange Inc.","USD","1.00","USD","-"
"ARES","ARES MANAGEMENT CORP CLASS A","Financials","Equity","8,161,410.00","0.05","8,161,410.00","50,070.00","163.00","United States","New York Stock Exchange Inc.","USD","1.00","USD","-"
"EFX","EQUIFAX INC","Industrials","Equity","8,083,094.76","0.05","8,083,094.76","33,003.00","244.92","United States","New York Stock Exchange Inc.","USD","1.00","USD","-"
"MTB","M&T BANK CORP","Financials","Equity","8,005,635.00","0.05","8,005,635.00","44,925.00","178.20","United States","New York Stock Exchange Inc.","USD","1.00","USD","-"
"CNC","CENTENE CORP","Health Care","Equity","7,997,804.00","0.05","7,997,804.00","135,556.00","59.00","United States","New York Stock Exchange Inc.","USD","1.00","USD","-"
"UAL","UNITED AIRLINES HOLDINGS INC","Industrials","Equity","7,982,382.93","0.05","7,982,382.93","87,459.00","91.27","United States","NASDAQ","USD","1.00","USD","-"
"TTD","TRADE DESK INC CLASS A","Communication","Equity","7,980,208.74","0.05","7,980,208.74","119,931.00","66.54","United States","NASDAQ","USD","1.00","USD","-"
"TSCO","TRACTOR SUPPLY","Consumer Discretionary","Equity","7,974,508.85","0.05","7,974,508.85","145,123.00","54.95","United States","NASDAQ","USD","1.00","USD","-"
"VTR","VENTAS REIT INC","Real Estate","Equity","7,922,448.81","0.05","7,922,448.81","112,423.00","70.47","United States","New York Stock Exchange Inc.","USD","1.00","USD","-"
"EQT","EQT CORP","Energy","Equity","7,854,969.96","0.05","7,854,969.96","156,692.00","50.13","United States","New York Stock Exchange Inc.","USD","1.00","USD","-"
"MLM","MARTIN MARIETTA MATERIALS INC","Materials","Equity","7,829,310.96","0.05","7,829,310.96","16,392.00","477.63","United States","New York Stock Exchange Inc.","USD","1.00","USD","-"
"LEN","LENNAR A CORP CLASS A","Consumer Discretionary","Equity","7,813,946.99","0.05","7,813,946.99","64,033.00","122.03","United States","New York Stock Exchange Inc.","USD","1.00","USD","-"
"HPQ","HP INC","Information Technology","Equity","7,733,088.72","0.05","7,733,088.72","261,961.00","29.52","United States","New York Stock Exchange Inc.","USD","1.00","USD","-"
"MPWR","MONOLITHIC POWER SYSTEMS INC","Information Technology","Equity","7,698,901.44","0.05","7,698,901.44","12,576.00","612.19","United States","NASDAQ","USD","1.00","USD","-"
"BRO","BROWN & BROWN INC","Financials","Equity","7,653,520.82","0.05","7,653,520.82","63,998.00","119.59","United States","New York Stock Exchange Inc.","USD","1.00","USD","-"
"BR","BROADRIDGE FINANCIAL SOLUTIONS INC","Industrials","Equity","7,638,919.98","0.05","7,638,919.98","31,502.00","242.49","United States","New York Stock Exchange Inc.","USD","1.00","USD","-"
"ANSS","ANSYS INC","Information Technology","Equity","7,628,751.72","0.05","7,628,751.72","23,274.00","327.78","United States","NASDAQ","USD","1.00","USD","-"
"EQR","EQUITY RESIDENTIAL REIT","Real Estate","Equity","7,514,192.66","0.05","7,514,192.66","101,998.00","73.67","United States","New York Stock Exchange Inc.","USD","1.00","USD","-"
"FITB","FIFTH THIRD BANCORP","Financials","Equity","7,467,717.20","0.05","7,467,717.20","184,616.00","40.45","United States","NASDAQ","USD","1.00","USD","-"
"CPNG","COUPANG INC CLASS A","Consumer Discretionary","Equity","7,438,643.96","0.05","7,438,643.96","310,202.00","23.98","United States","New York Stock Exchange Inc.","USD","1.00","USD","-"
"WBD","WARNER BROS. DISCOVERY INC SERIES","Communication","Equity","7,430,654.43","0.05","7,430,654.43","650,101.00","11.43","United States","NASDAQ","USD","1.00","USD","-"
"STZ","CONSTELLATION BRANDS INC CLASS A","Consumer Staples","Equity","7,401,779.10","0.05","7,401,779.10","42,495.00","174.18","United States","New York Stock Exchange Inc.","USD","1.00","USD","-"
"DTE","DTE ENERGY","Utilities","Equity","7,393,875.65","0.05","7,393,875.65","55,993.00","132.05","United States","New York Stock Exchange Inc.","USD","1.00","USD","-"
"IP","INTERNATIONAL PAPER","Materials","Equity","7,389,049.67","0.05","7,389,049.67","140,717.00","52.51","United States","New York Stock Exchange Inc.","USD","1.00","USD","-"
"KHC","KRAFT HEINZ","Consumer Staples","Equity","7,377,572.37","0.05","7,377,572.37","238,063.00","30.99","United States","NASDAQ","USD","1.00","USD","-"
"FTV","FORTIVE CORP","Industrials","Equity","7,337,106.63","0.05","7,337,106.63","93,933.00","78.11","United States","New York Stock Exchange Inc.","USD","1.00","USD","-"
"KEYS","KEYSIGHT TECHNOLOGIES INC","Information Technology","Equity","7,298,696.64","0.05","7,298,696.64","46,643.00","156.48","United States","New York Stock Exchange Inc.","USD","1.00","USD","-"
"CHD","CHURCH AND DWIGHT INC","Consumer Staples","Equity","7,294,153.90","0.05","7,294,153.90","65,915.00","110.66","United States","New York Stock Exchange Inc.","USD","1.00","USD","-"
"STT","STATE STREET CORP","Financials","Equity","7,277,993.38","0.05","7,277,993.38","78,647.00","92.54","United States","New York Stock Exchange Inc.","USD","1.00","USD","-"
"FANG","DIAMONDBACK ENERGY INC","Energy","Equity","7,239,313.70","0.05","7,239,313.70","50,731.00","142.70","United States","NASDAQ","USD","1.00","USD","-"
"AWK","AMERICAN WATER WORKS INC","Utilities","Equity","7,206,745.62","0.05","7,206,745.62","52,291.00","137.82","United States","New York Stock Exchange Inc.","USD","1.00","USD","-"
"RJF","RAYMOND JAMES INC","Financials","Equity","7,200,948.88","0.05","7,200,948.88","49,396.00","145.78","United States","New York Stock Exchange Inc.","USD","1.00","USD","-"
"PPG","PPG INDUSTRIES INC","Materials","Equity","7,154,812.08","0.05","7,154,812.08","62,712.00","114.09","United States","New York Stock Exchange Inc.","USD","1.00","USD","-"
"DOW","DOW INC","Materials","Equity","7,147,522.64","0.05","7,147,522.64","189,188.00","37.78","United States","New York Stock Exchange Inc.","USD","1.00","USD","-"
"MTD","METTLER TOLEDO INC","Health Care","Equity","7,111,827.36","0.05","7,111,827.36","5,654.00","1,257.84","United States","New York Stock Exchange Inc.","USD","1.00","USD","-"
"DELL","DELL TECHNOLOGIES INC CLASS C","Information Technology","Equity","7,111,211.75","0.05","7,111,211.75","73,123.00","97.25","United States","New York Stock Exchange Inc.","USD","1.00","USD","-"
"TYL","TYLER TECHNOLOGIES INC","Information Technology","Equity","7,107,216.66","0.05","7,107,216.66","11,369.00","625.14","United States","New York Stock Exchange Inc.","USD","1.00","USD","-"
"AEE","AMEREN CORP","Utilities","Equity","7,096,811.13","0.05","7,096,811.13","71,881.00","98.73","United States","New York Stock Exchange Inc.","USD","1.00","USD","-"
"IRM","IRON MOUNTAIN INC","Real Estate","Equity","6,962,183.78","0.05","6,962,183.78","78,838.00","88.31","United States","New York Stock Exchange Inc.","USD","1.00","USD","-"
"DOV","DOVER CORP","Industrials","Equity","6,940,133.67","0.05","6,940,133.67","36,579.00","189.73","United States","New York Stock Exchange Inc.","USD","1.00","USD","-"
"TPL","TEXAS PACIFIC LAND CORP","Energy","Equity","6,934,643.45","0.05","6,934,643.45","5,065.00","1,369.13","United States","New York Stock Exchange Inc.","USD","1.00","USD","-"
"PPL","PPL CORP","Utilities","Equity","6,907,205.58","0.05","6,907,205.58","199,977.00","34.54","United States","New York Stock Exchange Inc.","USD","1.00","USD","-"
"HSY","HERSHEY FOODS","Consumer Staples","Equity","6,861,682.80","0.05","6,861,682.80","38,760.00","177.03","United States","New York Stock Exchange Inc.","USD","1.00","USD","-"
"GPN","GLOBAL PAYMENTS INC","Financials","Equity","6,836,087.60","0.05","6,836,087.60","68,170.00","100.28","United States","New York Stock Exchange Inc.","USD","1.00","USD","-"
"LPLA","LPL FINANCIAL HOLDINGS INC","Financials","Equity","6,819,816.04","0.05","6,819,816.04","19,763.00","345.08","United States","NASDAQ","USD","1.00","USD","-"
"SW","SMURFIT WESTROCK PLC","Materials","Equity","6,714,193.31","0.04","6,714,193.31","139,039.00","48.29","United States","New York Stock Exchange Inc.","USD","1.00","USD","-"
"GDDY","GODADDY INC CLASS A","Information Technology","Equity","6,682,475.20","0.04","6,682,475.20","37,904.00","176.30","United States","New York Stock Exchange Inc.","USD","1.00","USD","-"
"CPAY","CORPAY INC","Financials","Equity","6,541,946.88","0.04","6,541,946.88","18,368.00","356.16","United States","New York Stock Exchange Inc.","USD","1.00","USD","-"
"HPE","HEWLETT PACKARD ENTERPRISE","Information Technology","Equity","6,535,940.00","0.04","6,535,940.00","346,000.00","18.89","United States","New York Stock Exchange Inc.","USD","1.00","USD","-"
"VLTO","VERALTO CORP","Industrials","Equity","6,522,726.80","0.04","6,522,726.80","66,140.00","98.62","United States","New York Stock Exchange Inc.","USD","1.00","USD","-"
"MKL","MARKEL GROUP INC","Financials","Equity","6,504,875.64","0.04","6,504,875.64","3,412.00","1,906.47","United States","New York Stock Exchange Inc.","USD","1.00","USD","-"
"EXPE","EXPEDIA GROUP INC","Consumer Discretionary","Equity","6,468,258.33","0.04","6,468,258.33","33,867.00","190.99","United States","NASDAQ","USD","1.00","USD","-"
"WSM","WILLIAMS SONOMA INC","Consumer Discretionary","Equity","6,337,803.60","0.04","6,337,803.60","33,780.00","187.62","United States","New York Stock Exchange Inc.","USD","1.00","USD","-"
"SBAC","SBA COMMUNICATIONS REIT CORP CLASS","Real Estate","Equity","6,290,085.96","0.04","6,290,085.96","28,542.00","220.38","United States","NASDAQ","USD","1.00","USD","-"
"CVNA","CARVANA CLASS A","Consumer Discretionary","Equity","6,282,614.89","0.04","6,282,614.89","29,101.00","215.89","United States","New York Stock Exchange Inc.","USD","1.00","USD","-"
"DRI","DARDEN RESTAURANTS INC","Consumer Discretionary","Equity","6,249,491.01","0.04","6,249,491.01","32,103.00","194.67","United States","New York Stock Exchange Inc.","USD","1.00","USD","-"
"EXE","EXPAND ENERGY CORP","Energy","Equity","6,215,184.36","0.04","6,215,184.36","61,149.00","101.64","United States","NASDAQ","USD","1.00","USD","-"
"CDW","CDW CORP","Information Technology","Equity","6,177,168.69","0.04","6,177,168.69","35,791.00","172.59","United States","NASDAQ","USD","1.00","USD","-"
"TDY","TELEDYNE TECHNOLOGIES INC","Information Technology","Equity","6,174,976.48","0.04","6,174,976.48","12,424.00","497.02","United States","New York Stock Exchange Inc.","USD","1.00","USD","-"
"ATO","ATMOS ENERGY CORP","Utilities","Equity","6,158,743.65","0.04","6,158,743.65","41,571.00","148.15","United States","New York Stock Exchange Inc.","USD","1.00","USD","-"
"CCL","CARNIVAL CORP","Consumer Discretionary","Equity","6,157,730.58","0.04","6,157,730.58","275,637.00","22.34","United States","New York Stock Exchange Inc.","USD","1.00","USD","-"
"STE","STERIS","Health Care","Equity","6,132,649.95","0.04","6,132,649.95","26,965.00","227.43","United States","New York Stock Exchange Inc.","USD","1.00","USD","-"
"WY","WEYERHAEUSER REIT","Real Estate","Equity","6,079,538.94","0.04","6,079,538.94","196,558.00","30.93","United States","New York Stock Exchange Inc.","USD","1.00","USD","-"
"FCNCA","FIRST CITIZENS BANCSHARES INC CLAS","Financials","Equity","6,059,019.01","0.04","6,059,019.01","3,203.00","1,891.67","United States","NASDAQ","USD","1.00","USD","-"
"CBOE","CBOE GLOBAL MARKETS INC","Financials","Equity","6,058,491.36","0.04","6,058,491.36","28,528.00","212.37","United States","Cboe BZX","USD","1.00","USD","-"
"WAT","WATERS CORP","Health Care","Equity","6,036,096.59","0.04","6,036,096.59","15,931.00","378.89","United States","New York Stock Exchange Inc.","USD","1.00","USD","-"
"FE","FIRSTENERGY CORP","Utilities","Equity","5,941,287.47","0.04","5,941,287.47","154,199.00","38.53","United States","New York Stock Exchange Inc.","USD","1.00","USD","-"
"HBAN","HUNTINGTON BANCSHARES INC","Financials","Equity","5,917,362.72","0.04","5,917,362.72","384,744.00","15.38","United States","NASDAQ","USD","1.00","USD","-"
"PHM","PULTEGROUP INC","Consumer Discretionary","Equity","5,881,970.82","0.04","5,881,970.82","55,506.00","105.97","United States","New York Stock Exchange Inc.","USD","1.00","USD","-"
"ADM","ARCHER DANIELS MIDLAND","Consumer Staples","Equity","5,874,445.40","0.04","5,874,445.40","128,263.00","45.80","United States","New York Stock Exchange Inc.","USD","1.00","USD","-"
"SYF","SYNCHRONY FINANCIAL","Financials","Equity","5,871,296.80","0.04","5,871,296.80","105,145.00","55.84","United States","New York Stock Exchange Inc.","USD","1.00","USD","-"
"CINF","CINCINNATI FINANCIAL CORP","Financials","Equity","5,866,943.68","0.04","5,866,943.68","40,976.00","143.18","United States","NASDAQ","USD","1.00","USD","-"
"PINS","PINTEREST INC CLASS A","Communication","Equity","5,855,205.20","0.04","5,855,205.20","161,746.00","36.20","United States","New York Stock Exchange Inc.","USD","1.00","USD","-"
"TROW","T ROWE PRICE GROUP INC","Financials","Equity","5,850,583.20","0.04","5,850,583.20","58,128.00","100.65","United States","NASDAQ","USD","1.00","USD","-"
"CNP","CENTERPOINT ENERGY INC","Utilities","Equity","5,798,912.48","0.04","5,798,912.48","171,464.00","33.82","United States","New York Stock Exchange Inc.","USD","1.00","USD","-"
"LH","LABCORP HOLDINGS INC","Health Care","Equity","5,793,489.07","0.04","5,793,489.07","22,783.00","254.29","United States","New York Stock Exchange Inc.","USD","1.00","USD","-"
"CMS","CMS ENERGY CORP","Utilities","Equity","5,786,419.10","0.04","5,786,419.10","79,945.00","72.38","United States","New York Stock Exchange Inc.","USD","1.00","USD","-"
"LYV","LIVE NATION ENTERTAINMENT INC","Communication","Equity","5,764,111.32","0.04","5,764,111.32","42,123.00","136.84","United States","New York Stock Exchange Inc.","USD","1.00","USD","-"
"K","KELLANOVA","Consumer Staples","Equity","5,738,306.05","0.04","5,738,306.05","69,665.00","82.37","United States","New York Stock Exchange Inc.","USD","1.00","USD","-"
"HAL","HALLIBURTON","Energy","Equity","5,711,694.42","0.04","5,711,694.42","236,118.00","24.19","United States","New York Stock Exchange Inc.","USD","1.00","USD","-"
"NVR","NVR INC","Consumer Discretionary","Equity","5,703,373.88","0.04","5,703,373.88","772.00","7,387.79","United States","New York Stock Exchange Inc.","USD","1.00","USD","-"
"DVN","DEVON ENERGY CORP","Energy","Equity","5,673,123.72","0.04","5,673,123.72","168,542.00","33.66","United States","New York Stock Exchange Inc.","USD","1.00","USD","-"
"NTRS","NORTHERN TRUST CORP","Financials","Equity","5,671,750.99","0.04","5,671,750.99","53,827.00","105.37","United States","NASDAQ","USD","1.00","USD","-"
"EIX","EDISON INTERNATIONAL","Utilities","Equity","5,660,617.54","0.04","5,660,617.54","102,566.00","55.19","United States","New York Stock Exchange Inc.","USD","1.00","USD","-"
"BIIB","BIOGEN INC","Health Care","Equity","5,658,212.12","0.04","5,658,212.12","39,356.00","143.77","United States","NASDAQ","USD","1.00","USD","-"
"MKC","MCCORMICK & CO NON-VOTING INC","Consumer Staples","Equity","5,631,100.18","0.04","5,631,100.18","68,066.00","82.73","United States","New York Stock Exchange Inc.","USD","1.00","USD","-"
"INVH","INVITATION HOMES INC","Real Estate","Equity","5,581,040.77","0.04","5,581,040.77","163,811.00","34.07","United States","New York Stock Exchange Inc.","USD","1.00","USD","-"
"DECK","DECKERS OUTDOOR CORP","Consumer Discretionary","Equity","5,579,009.55","0.04","5,579,009.55","40,995.00","136.09","United States","New York Stock Exchange Inc.","USD","1.00","USD","-"
"ZBH","ZIMMER BIOMET HOLDINGS INC","Health Care","Equity","5,574,166.50","0.04","5,574,166.50","53,214.00","104.75","United States","New York Stock Exchange Inc.","USD","1.00","USD","-"
"IFF","INTERNATIONAL FLAVORS & FRAGRANCES","Materials","Equity","5,570,906.25","0.04","5,570,906.25","68,565.00","81.25","United States","New York Stock Exchange Inc.","USD","1.00","USD","-"
"ES","EVERSOURCE ENERGY","Utilities","Equity","5,567,942.11","0.04","5,567,942.11","94,709.00","58.79","United States","New York Stock Exchange Inc.","USD","1.00","USD","-"
"IBKR","INTERACTIVE BROKERS GROUP INC CLAS","Financials","Equity","5,516,564.43","0.04","5,516,564.43","28,047.00","196.69","United States","NASDAQ","USD","1.00","USD","-"
"NRG","NRG ENERGY INC","Utilities","Equity","5,486,992.77","0.04","5,486,992.77","55,587.00","98.71","United States","New York Stock Exchange Inc.","USD","1.00","USD","-"
"RF","REGIONS FINANCIAL CORP","Financials","Equity","5,479,755.85","0.04","5,479,755.85","248,065.00","22.09","United States","New York Stock Exchange Inc.","USD","1.00","USD","-"
"VRSN","VERISIGN INC","Information Technology","Equity","5,402,614.32","0.04","5,402,614.32","22,424.00","240.93","United States","NASDAQ","USD","1.00","USD","-"
"ON","ON SEMICONDUCTOR CORP","Information Technology","Equity","5,367,735.40","0.04","5,367,735.40","115,460.00","46.49","United States","NASDAQ","USD","1.00","USD","-"
"ZM","ZOOM COMMUNICATIONS INC CLASS A","Information Technology","Equity","5,368,129.20","0.04","5,368,129.20","71,007.00","75.60","United States","NASDAQ","USD","1.00","USD","-"
"PFG","PRINCIPAL FINANCIAL GROUP INC","Financials","Equity","5,349,401.70","0.04","5,349,401.70","61,445.00","87.06","United States","NASDAQ","USD","1.00","USD","-"
"ESS","ESSEX PROPERTY TRUST REIT INC","Real Estate","Equity","5,322,651.18","0.04","5,322,651.18","17,269.00","308.22","United States","New York Stock Exchange Inc.","USD","1.00","USD","-"
"FWONK","LIBERTY MEDIA FORMULA ONE CORP SER","Communication","Equity","5,306,175.20","0.04","5,306,175.20","56,860.00","93.32","United States","NASDAQ","USD","1.00","USD","-"
"LYB","LYONDELLBASELL INDUSTRIES NV CLASS","Materials","Equity","5,306,883.35","0.04","5,306,883.35","69,635.00","76.21","United States","New York Stock Exchange Inc.","USD","1.00","USD","-"
"MAA","MID AMERICA APARTMENT COMMUNITIES","Real Estate","Equity","5,296,944.59","0.04","5,296,944.59","31,153.00","170.03","United States","New York Stock Exchange Inc.","USD","1.00","USD","-"
"NTAP","NETAPP INC","Information Technology","Equity","5,260,541.50","0.03","5,260,541.50","55,450.00","94.87","United States","NASDAQ","USD","1.00","USD","-"
"CTRA","COTERRA ENERGY INC","Energy","Equity","5,255,574.30","0.03","5,255,574.30","201,363.00","26.10","United States","New York Stock Exchange Inc.","USD","1.00","USD","-"
"CFG","CITIZENS FINANCIAL GROUP INC","Financials","Equity","5,246,870.42","0.03","5,246,870.42","121,063.00","43.34","United States","New York Stock Exchange Inc.","USD","1.00","USD","-"
"NTNX","NUTANIX INC CLASS A","Information Technology","Equity","5,218,976.10","0.03","5,218,976.10","67,691.00","77.10","United States","NASDAQ","USD","1.00","USD","-"
"DKNG","DRAFTKINGS INC CLASS A","Consumer Discretionary","Equity","5,175,470.43","0.03","5,175,470.43","119,223.00","43.41","United States","NASDAQ","USD","1.00","USD","-"
"SMCI","SUPER MICRO COMPUTER INC","Information Technology","Equity","5,160,279.50","0.03","5,160,279.50","132,655.00","38.90","United States","NASDAQ","USD","1.00","USD","-"
"PODD","INSULET CORP","Health Care","Equity","5,151,889.44","0.03","5,151,889.44","19,024.00","270.81","United States","NASDAQ","USD","1.00","USD","-"
"HUBB","HUBBELL INC","Industrials","Equity","5,120,563.35","0.03","5,120,563.35","14,471.00","353.85","United States","New York Stock Exchange Inc.","USD","1.00","USD","-"
"TPR","TAPESTRY INC","Consumer Discretionary","Equity","5,112,512.00","0.03","5,112,512.00","62,900.00","81.28","United States","New York Stock Exchange Inc.","USD","1.00","USD","-"
"PTC","PTC INC","Information Technology","Equity","5,109,094.32","0.03","5,109,094.32","31,702.00","161.16","United States","NASDAQ","USD","1.00","USD","-"
"OKTA","OKTA INC CLASS A","Information Technology","Equity","5,082,165.45","0.03","5,082,165.45","43,695.00","116.31","United States","NASDAQ","USD","1.00","USD","-"
"DGX","QUEST DIAGNOSTICS INC","Health Care","Equity","5,073,262.94","0.03","5,073,262.94","29,494.00","172.01","United States","New York Stock Exchange Inc.","USD","1.00","USD","-"
"STLD","STEEL DYNAMICS INC","Materials","Equity","5,050,176.52","0.03","5,050,176.52","39,541.00","127.72","United States","NASDAQ","USD","1.00","USD","-"
"MDB","MONGODB INC CLASS A","Information Technology","Equity","5,014,508.05","0.03","5,014,508.05","18,985.00","264.13","United States","NASDAQ","USD","1.00","USD","-"
"ZS","ZSCALER INC","Information Technology","Equity","4,991,401.60","0.03","4,991,401.60","25,408.00","196.45","United States","NASDAQ","USD","1.00","USD","-"
"LII","LENNOX INTERNATIONAL INC","Industrials","Equity","4,981,540.97","0.03","4,981,540.97","8,471.00","588.07","United States","New York Stock Exchange Inc.","USD","1.00","USD","-"
"NI","NISOURCE INC","Utilities","Equity","4,973,616.70","0.03","4,973,616.70","125,438.00","39.65","United States","New York Stock Exchange Inc.","USD","1.00","USD","-"
"SSNC","SS AND C TECHNOLOGIES HOLDINGS INC","Industrials","Equity","4,970,770.35","0.03","4,970,770.35","57,155.00","86.97","United States","NASDAQ","USD","1.00","USD","-"
"CLX","CLOROX","Consumer Staples","Equity","4,959,002.88","0.03","4,959,002.88","33,113.00","149.76","United States","New York Stock Exchange Inc.","USD","1.00","USD","-"
"PKG","PACKAGING CORP OF AMERICA","Materials","Equity","4,936,684.06","0.03","4,936,684.06","24,038.00","205.37","United States","New York Stock Exchange Inc.","USD","1.00","USD","-"
"WRB","WR BERKLEY CORP","Financials","Equity","4,914,732.94","0.03","4,914,732.94","78,598.00","62.53","United States","New York Stock Exchange Inc.","USD","1.00","USD","-"
"MOH","MOLINA HEALTHCARE INC","Health Care","Equity","4,866,107.78","0.03","4,866,107.78","15,602.00","311.89","United States","New York Stock Exchange Inc.","USD","1.00","USD","-"
"RBA","RB GLOBAL INC","Industrials","Equity","4,865,326.59","0.03","4,865,326.59","48,561.00","100.19","Canada","New York Stock Exchange Inc.","USD","1.00","USD","-"
"LUV","SOUTHWEST AIRLINES","Industrials","Equity","4,837,464.10","0.03","4,837,464.10","161,518.00","29.95","United States","New York Stock Exchange Inc.","USD","1.00","USD","-"
"LDOS","LEIDOS HOLDINGS INC","Industrials","Equity","4,822,251.15","0.03","4,822,251.15","36,065.00","133.71","United States","New York Stock Exchange Inc.","USD","1.00","USD","-"
"ARE","ALEXANDRIA REAL ESTATE EQUITIES RE","Real Estate","Equity","4,805,075.99","0.03","4,805,075.99","47,021.00","102.19","United States","New York Stock Exchange Inc.","USD","1.00","USD","-"
"EME","EMCOR GROUP INC","Industrials","Equity","4,801,105.40","0.03","4,801,105.40","12,229.00","392.60","United States","New York Stock Exchange Inc.","USD","1.00","USD","-"
"BAX","BAXTER INTERNATIONAL INC","Health Care","Equity","4,800,500.28","0.03","4,800,500.28","136,533.00","35.16","United States","New York Stock Exchange Inc.","USD","1.00","USD","-"
"TWLO","TWILIO INC CLASS A","Information Technology","Equity","4,797,084.60","0.03","4,797,084.60","41,085.00","116.76","United States","New York Stock Exchange Inc.","USD","1.00","USD","-"
"COO","COOPER INC","Health Care","Equity","4,768,430.63","0.03","4,768,430.63","52,211.00","91.33","United States","NASDAQ","USD","1.00","USD","-"
"TRU","TRANSUNION","Industrials","Equity","4,690,935.67","0.03","4,690,935.67","52,081.00","90.07","United States","New York Stock Exchange Inc.","USD","1.00","USD","-"
"WSO","WATSCO INC","Industrials","Equity","4,646,467.54","0.03","4,646,467.54","9,262.00","501.67","United States","New York Stock Exchange Inc.","USD","1.00","USD","-"
"TER","TERADYNE INC","Information Technology","Equity","4,642,816.67","0.03","4,642,816.67","42,127.00","110.21","United States","NASDAQ","USD","1.00","USD","-"
"SNA","SNAP ON INC","Industrials","Equity","4,635,424.52","0.03","4,635,424.52","13,886.00","333.82","United States","New York Stock Exchange Inc.","USD","1.00","USD","-"
"HEIA","HEICO CORP CLASS A","Industrials","Equity","4,610,949.46","0.03","4,610,949.46","21,601.00","213.46","United States","New York Stock Exchange Inc.","USD","1.00","USD","-"
"EQH","EQUITABLE HOLDINGS INC","Financials","Equity","4,608,200.67","0.03","4,608,200.67","88,229.00","52.23","United States","New York Stock Exchange Inc.","USD","1.00","USD","-"
"FDS","FACTSET RESEARCH SYSTEMS INC","Financials","Equity","4,600,743.18","0.03","4,600,743.18","10,329.00","445.42","United States","New York Stock Exchange Inc.","USD","1.00","USD","-"
"GPC","GENUINE PARTS","Consumer Discretionary","Equity","4,591,741.28","0.03","4,591,741.28","37,144.00","123.62","United States","New York Stock Exchange Inc.","USD","1.00","USD","-"
"TSN","TYSON FOODS INC CLASS A","Consumer Staples","Equity","4,579,674.52","0.03","4,579,674.52","75,398.00","60.74","United States","New York Stock Exchange Inc.","USD","1.00","USD","-"
"NTRA","NATERA INC","Health Care","Equity","4,544,250.32","0.03","4,544,250.32","30,721.00","147.92","United States","NASDAQ","USD","1.00","USD","-"
"TRMB","TRIMBLE INC","Information Technology","Equity","4,507,051.91","0.03","4,507,051.91","64,859.00","69.49","United States","NASDAQ","USD","1.00","USD","-"
"DPZ","DOMINOS PIZZA INC","Consumer Discretionary","Equity","4,495,139.20","0.03","4,495,139.20","9,440.00","476.18","United States","NASDAQ","USD","1.00","USD","-"
"TOST","TOAST INC CLASS A","Financials","Equity","4,484,642.96","0.03","4,484,642.96","122,968.00","36.47","United States","New York Stock Exchange Inc.","USD","1.00","USD","-"
"WST","WEST PHARMACEUTICAL SERVICES INC","Health Care","Equity","4,483,275.30","0.03","4,483,275.30","19,446.00","230.55","United States","New York Stock Exchange Inc.","USD","1.00","USD","-"
"ULTA","ULTA BEAUTY INC","Consumer Discretionary","Equity","4,474,843.38","0.03","4,474,843.38","12,726.00","351.63","United States","NASDAQ","USD","1.00","USD","-"
"FFIV","F5 INC","Information Technology","Equity","4,459,500.29","0.03","4,459,500.29","15,773.00","282.73","United States","NASDAQ","USD","1.00","USD","-"
"DT","DYNATRACE INC","Information Technology","Equity","4,452,975.75","0.03","4,452,975.75","79,305.00","56.15","United States","New York Stock Exchange Inc.","USD","1.00","USD","-"
"SUI","SUN COMMUNITIES REIT INC","Real Estate","Equity","4,450,563.36","0.03","4,450,563.36","33,233.00","133.92","United States","New York Stock Exchange Inc.","USD","1.00","USD","-"
"DOCU","DOCUSIGN INC","Information Technology","Equity","4,435,909.60","0.03","4,435,909.60","53,860.00","82.36","United States","NASDAQ","USD","1.00","USD","-"
"FNF","FIDELITY NATIONAL FINANCIAL INC","Financials","Equity","4,425,757.86","0.03","4,425,757.86","69,686.00","63.51","United States","New York Stock Exchange Inc.","USD","1.00","USD","-"
"EL","ESTEE LAUDER INC CLASS A","Consumer Staples","Equity","4,418,941.41","0.03","4,418,941.41","61,451.00","71.91","United States","New York Stock Exchange Inc.","USD","1.00","USD","-"
"EXPD","EXPEDITORS INTERNATIONAL OF WASHIN","Industrials","Equity","4,402,985.65","0.03","4,402,985.65","37,285.00","118.09","United States","New York Stock Exchange Inc.","USD","1.00","USD","-"
"LVS","LAS VEGAS SANDS CORP","Consumer Discretionary","Equity","4,368,947.70","0.03","4,368,947.70","94,874.00","46.05","United States","New York Stock Exchange Inc.","USD","1.00","USD","-"
"DG","DOLLAR GENERAL CORP","Consumer Staples","Equity","4,364,882.50","0.03","4,364,882.50","59,225.00","73.70","United States","New York Stock Exchange Inc.","USD","1.00","USD","-"
"BBY","BEST BUY INC","Consumer Discretionary","Equity","4,360,422.43","0.03","4,360,422.43","57,731.00","75.53","United States","New York Stock Exchange Inc.","USD","1.00","USD","-"
"MAS","MASCO CORP","Industrials","Equity","4,336,069.40","0.03","4,336,069.40","58,930.00","73.58","United States","New York Stock Exchange Inc.","USD","1.00","USD","-"
"GWRE","GUIDEWIRE SOFTWARE INC","Information Technology","Equity","4,318,738.57","0.03","4,318,738.57","21,877.00","197.41","United States","New York Stock Exchange Inc.","USD","1.00","USD","-"
"PSTG","PURE STORAGE INC CLASS A","Information Technology","Equity","4,309,371.00","0.03","4,309,371.00","82,555.00","52.20","United States","New York Stock Exchange Inc.","USD","1.00","USD","-"
"LNT","ALLIANT ENERGY CORP","Utilities","Equity","4,300,153.52","0.03","4,300,153.52","67,783.00","63.44","United States","NASDAQ","USD","1.00","USD","-"
"TW","TRADEWEB MARKETS INC CLASS A","Financials","Equity","4,271,680.89","0.03","4,271,680.89","31,621.00","135.09","United States","NASDAQ","USD","1.00","USD","-"
"JBL","JABIL INC","Information Technology","Equity","4,253,405.10","0.03","4,253,405.10","29,715.00","143.14","United States","New York Stock Exchange Inc.","USD","1.00","USD","-"
"OMC","OMNICOM GROUP INC","Communication","Equity","4,246,475.34","0.03","4,246,475.34","51,654.00","82.21","United States","New York Stock Exchange Inc.","USD","1.00","USD","-"
"EG","EVEREST GROUP LTD","Financials","Equity","4,177,080.08","0.03","4,177,080.08","11,647.00","358.64","United States","New York Stock Exchange Inc.","USD","1.00","USD","-"
"CSL","CARLISLE COMPANIES INC","Industrials","Equity","4,170,608.89","0.03","4,170,608.89","12,379.00","336.91","United States","New York Stock Exchange Inc.","USD","1.00","USD","-"
"USFD","US FOODS HOLDING CORP","Consumer Staples","Equity","4,168,519.74","0.03","4,168,519.74","60,291.00","69.14","United States","New York Stock Exchange Inc.","USD","1.00","USD","-"
"J","JACOBS SOLUTIONS INC","Industrials","Equity","4,167,514.33","0.03","4,167,514.33","33,509.00","124.37","United States","New York Stock Exchange Inc.","USD","1.00","USD","-"
"RPM","RPM INTERNATIONAL INC","Materials","Equity","4,168,318.84","0.03","4,168,318.84","33,502.00","124.42","United States","New York Stock Exchange Inc.","USD","1.00","USD","-"
"ZBRA","ZEBRA TECHNOLOGIES CORP CLASS A","Information Technology","Equity","4,123,152.00","0.03","4,123,152.00","13,563.00","304.00","United States","NASDAQ","USD","1.00","USD","-"
"BLDR","BUILDERS FIRSTSOURCE INC","Industrials","Equity","4,113,681.60","0.03","4,113,681.60","30,768.00","133.70","United States","New York Stock Exchange Inc.","USD","1.00","USD","-"
"BALL","BALL CORP","Materials","Equity","4,111,786.77","0.03","4,111,786.77","79,271.00","51.87","United States","New York Stock Exchange Inc.","USD","1.00","USD","-"
"APTV","APTIV PLC","Consumer Discretionary","Equity","4,103,403.78","0.03","4,103,403.78","63,042.00","65.09","United States","New York Stock Exchange Inc.","USD","1.00","USD","-"
"WDC","WESTERN DIGITAL CORP","Information Technology","Equity","4,101,406.40","0.03","4,101,406.40","92,792.00","44.20","United States","NASDAQ","USD","1.00","USD","-"
"ENTG","ENTEGRIS INC","Information Technology","Equity","4,093,152.40","0.03","4,093,152.40","39,980.00","102.38","United States","NASDAQ","USD","1.00","USD","-"
"RS","RELIANCE STEEL & ALUMINUM","Materials","Equity","4,094,118.50","0.03","4,094,118.50","14,450.00","283.33","United States","New York Stock Exchange Inc.","USD","1.00","USD","-"
"AFRM","AFFIRM HOLDINGS INC CLASS A","Financials","Equity","4,083,213.00","0.03","4,083,213.00","69,620.00","58.65","United States","NASDAQ","USD","1.00","USD","-"
"L","LOEWS CORP","Financials","Equity","4,057,404.96","0.03","4,057,404.96","47,544.00","85.34","United States","New York Stock Exchange Inc.","USD","1.00","USD","-"
"CASY","CASEYS GENERAL STORES INC","Consumer Staples","Equity","4,053,057.84","0.03","4,053,057.84","10,012.00","404.82","United States","NASDAQ","USD","1.00","USD","-"
"BURL","BURLINGTON STORES INC","Consumer Discretionary","Equity","4,046,632.10","0.03","4,046,632.10","17,078.00","236.95","United States","New York Stock Exchange Inc.","USD","1.00","USD","-"
"GEN","GEN DIGITAL INC","Information Technology","Equity","4,043,458.40","0.03","4,043,458.40","146,768.00","27.55","United States","NASDAQ","USD","1.00","USD","-"
"PNR","PENTAIR","Industrials","Equity","4,036,890.11","0.03","4,036,890.11","44,269.00","91.19","United States","New York Stock Exchange Inc.","USD","1.00","USD","-"
"EVRG","EVERGY INC","Utilities","Equity","4,003,332.66","0.03","4,003,332.66","59,778.00","66.97","United States","NASDAQ","USD","1.00","USD","-"
"UDR","UDR REIT INC","Real Estate","Equity","3,997,526.40","0.03","3,997,526.40","88,480.00","45.18","United States","New York Stock Exchange Inc.","USD","1.00","USD","-"
"KEY","KEYCORP","Financials","Equity","3,990,285.30","0.03","3,990,285.30","245,405.00","16.26","United States","New York Stock Exchange Inc.","USD","1.00","USD","-"
"AVY","AVERY DENNISON CORP","Materials","Equity","3,966,828.36","0.03","3,966,828.36","21,698.00","182.82","United States","New York Stock Exchange Inc.","USD","1.00","USD","-"
"ROL","ROLLINS INC","Industrials","Equity","3,937,016.74","0.03","3,937,016.74","74,834.00","52.61","United States","New York Stock Exchange Inc.","USD","1.00","USD","-"
"AMCR","AMCOR PLC","Materials","Equity","3,922,093.81","0.03","3,922,093.81","389,483.00","10.07","United States","New York Stock Exchange Inc.","USD","1.00","USD","-"
"DLTR","DOLLAR TREE INC","Consumer Staples","Equity","3,862,523.83","0.03","3,862,523.83","55,057.00","70.16","United States","NASDAQ","USD","1.00","USD","-"
"DOC","HEALTHPEAK PROPERTIES INC","Real Estate","Equity","3,854,458.78","0.03","3,854,458.78","188,759.00","20.42","United States","New York Stock Exchange Inc.","USD","1.00","USD","-"
"SFM","SPROUTS FARMERS MARKET INC","Consumer Staples","Equity","3,827,290.08","0.03","3,827,290.08","26,448.00","144.71","United States","NASDAQ","USD","1.00","USD","-"
"SOFI","SOFI TECHNOLOGIES INC","Financials","Equity","3,813,475.36","0.03","3,813,475.36","283,952.00","13.43","United States","NASDAQ","USD","1.00","USD","-"
"WPC","W. P. CAREY REIT INC","Real Estate","Equity","3,802,627.85","0.03","3,802,627.85","58,457.00","65.05","United States","New York Stock Exchange Inc.","USD","1.00","USD","-"
"IEX","IDEX CORP","Industrials","Equity","3,800,067.81","0.03","3,800,067.81","20,167.00","188.43","United States","New York Stock Exchange Inc.","USD","1.00","USD","-"
"GGG","GRACO INC","Industrials","Equity","3,798,912.15","0.03","3,798,912.15","44,385.00","85.59","United States","New York Stock Exchange Inc.","USD","1.00","USD","-"
"BAH","BOOZ ALLEN HAMILTON HOLDING CORP C","Industrials","Equity","3,790,181.50","0.03","3,790,181.50","34,475.00","109.94","United States","New York Stock Exchange Inc.","USD","1.00","USD","-"
"KIM","KIMCO REALTY REIT CORP","Real Estate","Equity","3,772,221.05","0.02","3,772,221.05","173,755.00","21.71","United States","New York Stock Exchange Inc.","USD","1.00","USD","-"
"HOLX","HOLOGIC INC","Health Care","Equity","3,752,860.16","0.02","3,752,860.16","60,452.00","62.08","United States","NASDAQ","USD","1.00","USD","-"
"FSLR","FIRST SOLAR INC","Information Technology","Equity","3,731,828.10","0.02","3,731,828.10","28,509.00","130.90","United States","NASDAQ","USD","1.00","USD","-"
"REG","REGENCY CENTERS REIT CORP","Real Estate","Equity","3,728,534.94","0.02","3,728,534.94","48,366.00","77.09","United States","NASDAQ","USD","1.00","USD","-"
"RVTY","REVVITY INC","Health Care","Equity","3,720,609.00","0.02","3,720,609.00","33,300.00","111.73","United States","New York Stock Exchange Inc.","USD","1.00","USD","-"
"CF","CF INDUSTRIES HOLDINGS INC","Materials","Equity","3,690,351.60","0.02","3,690,351.60","48,360.00","76.31","United States","New York Stock Exchange Inc.","USD","1.00","USD","-"
"TXT","TEXTRON INC","Industrials","Equity","3,686,383.06","0.02","3,686,383.06","50,938.00","72.37","United States","New York Stock Exchange Inc.","USD","1.00","USD","-"
"ITCI","INTRA CELLULAR THERAPIES INC","Health Care","Equity","3,678,829.98","0.02","3,678,829.98","28,042.00","131.19","United States","NASDAQ","USD","1.00","USD","-"
"ILMN","ILLUMINA INC","Health Care","Equity","3,637,454.81","0.02","3,637,454.81","42,449.00","85.69","United States","NASDAQ","USD","1.00","USD","-"
"GLPI","GAMING AND LEISURE PROPERTIES REIT","Real Estate","Equity","3,593,469.60","0.02","3,593,469.60","71,299.00","50.40","United States","NASDAQ","USD","1.00","USD","-"
"UTHR","UNITED THERAPEUTICS CORP","Health Care","Equity","3,585,599.40","0.02","3,585,599.40","11,530.00","310.98","United States","NASDAQ","USD","1.00","USD","-"
"UNM","UNUM","Financials","Equity","3,583,078.44","0.02","3,583,078.44","44,094.00","81.26","United States","New York Stock Exchange Inc.","USD","1.00","USD","-"
"INSM","INSMED INC","Health Care","Equity","3,564,198.00","0.02","3,564,198.00","45,960.00","77.55","United States","NASDAQ","USD","1.00","USD","-"
"BMRN","BIOMARIN PHARMACEUTICAL INC","Health Care","Equity","3,557,720.25","0.02","3,557,720.25","49,975.00","71.19","United States","NASDAQ","USD","1.00","USD","-"
"JKHY","JACK HENRY AND ASSOCIATES INC","Financials","Equity","3,552,067.11","0.02","3,552,067.11","19,997.00","177.63","United States","NASDAQ","USD","1.00","USD","-"
"ELS","EQUITY LIFESTYLE PROPERTIES REIT I","Real Estate","Equity","3,547,282.80","0.02","3,547,282.80","51,672.00","68.65","United States","New York Stock Exchange Inc.","USD","1.00","USD","-"
"RPRX","ROYALTY PHARMA PLC CLASS A","Health Care","Equity","3,539,163.54","0.02","3,539,163.54","104,802.00","33.77","United States","NASDAQ","USD","1.00","USD","-"
"JBHT","JB HUNT TRANSPORT SERVICES INC","Industrials","Equity","3,528,241.84","0.02","3,528,241.84","22,046.00","160.04","United States","NASDAQ","USD","1.00","USD","-"
"BJ","BJS WHOLESALE CLUB HOLDINGS INC","Consumer Staples","Equity","3,516,962.42","0.02","3,516,962.42","35,138.00","100.09","United States","New York Stock Exchange Inc.","USD","1.00","USD","-"
"ALGN","ALIGN TECHNOLOGY INC","Health Care","Equity","3,495,993.30","0.02","3,495,993.30","20,070.00","174.19","United States","NASDAQ","USD","1.00","USD","-"
"FOXA","FOX CORP CLASS A","Communication","Equity","3,479,896.44","0.02","3,479,896.44","61,766.00","56.34","United States","NASDAQ","USD","1.00","USD","-"
"CPT","CAMDEN PROPERTY TRUST REIT","Real Estate","Equity","3,452,779.42","0.02","3,452,779.42","27,751.00","124.42","United States","New York Stock Exchange Inc.","USD","1.00","USD","-"
"RGA","REINSURANCE GROUP OF AMERICA INC","Financials","Equity","3,448,133.15","0.02","3,448,133.15","17,633.00","195.55","United States","New York Stock Exchange Inc.","USD","1.00","USD","-"
"JLL","JONES LANG LASALLE INC","Real Estate","Equity","3,446,656.10","0.02","3,446,656.10","12,755.00","270.22","United States","New York Stock Exchange Inc.","USD","1.00","USD","-"
"ACM","AECOM","Industrials","Equity","3,432,000.00","0.02","3,432,000.00","35,750.00","96.00","United States","New York Stock Exchange Inc.","USD","1.00","USD","-"
"OC","OWENS CORNING","Industrials","Equity","3,429,573.75","0.02","3,429,573.75","23,025.00","148.95","United States","New York Stock Exchange Inc.","USD","1.00","USD","-"
"SWK","STANLEY BLACK & DECKER INC","Industrials","Equity","3,417,456.32","0.02","3,417,456.32","40,864.00","83.63","United States","New York Stock Exchange Inc.","USD","1.00","USD","-"
"XPO","XPO INC","Industrials","Equity","3,413,689.86","0.02","3,413,689.86","30,282.00","112.73","United States","New York Stock Exchange Inc.","USD","1.00","USD","-"
"TXRH","TEXAS ROADHOUSE INC","Consumer Discretionary","Equity","3,397,149.08","0.02","3,397,149.08","18,278.00","185.86","United States","NASDAQ","USD","1.00","USD","-"
"POOL","POOL CORP","Consumer Discretionary","Equity","3,391,739.04","0.02","3,391,739.04","9,862.00","343.92","United States","NASDAQ","USD","1.00","USD","-"
"EWBC","EAST WEST BANCORP INC","Financials","Equity","3,380,828.08","0.02","3,380,828.08","37,382.00","90.44","United States","NASDAQ","USD","1.00","USD","-"
"RNR","RENAISSANCERE HOLDING LTD","Financials","Equity","3,344,508.00","0.02","3,344,508.00","13,707.00","244.00","United States","New York Stock Exchange Inc.","USD","1.00","USD","-"
"FIX","COMFORT SYSTEMS USA INC","Industrials","Equity","3,328,499.28","0.02","3,328,499.28","9,546.00","348.68","United States","New York Stock Exchange Inc.","USD","1.00","USD","-"
"AKAM","AKAMAI TECHNOLOGIES INC","Information Technology","Equity","3,295,242.16","0.02","3,295,242.16","39,788.00","82.82","United States","NASDAQ","USD","1.00","USD","-"
"DKS","DICKS SPORTING INC","Consumer Discretionary","Equity","3,284,803.94","0.02","3,284,803.94","15,166.00","216.59","United States","New York Stock Exchange Inc.","USD","1.00","USD","-"
"PFGC","PERFORMANCE FOOD GROUP","Consumer Staples","Equity","3,264,453.48","0.02","3,264,453.48","40,094.00","81.42","United States","New York Stock Exchange Inc.","USD","1.00","USD","-"
"NLY","ANNALY CAPITAL MANAGEMENT REIT INC","Financials","Equity","3,264,952.32","0.02","3,264,952.32","150,528.00","21.69","United States","New York Stock Exchange Inc.","USD","1.00","USD","-"
"AMH","AMERICAN HOMES RENT REIT CLASS A","Real Estate","Equity","3,261,960.96","0.02","3,261,960.96","88,544.00","36.84","United States","New York Stock Exchange Inc.","USD","1.00","USD","-"
"NDSN","NORDSON CORP","Industrials","Equity","3,260,136.48","0.02","3,260,136.48","15,492.00","210.44","United States","NASDAQ","USD","1.00","USD","-"
"CW","CURTISS WRIGHT CORP","Industrials","Equity","3,259,103.81","0.02","3,259,103.81","10,063.00","323.87","United States","New York Stock Exchange Inc.","USD","1.00","USD","-"
"Z","ZILLOW GROUP INC CLASS C","Real Estate","Equity","3,255,600.30","0.02","3,255,600.30","42,330.00","76.91","United States","NASDAQ","USD","1.00","USD","-"
"KMX","CARMAX INC","Consumer Discretionary","Equity","3,253,699.40","0.02","3,253,699.40","41,134.00","79.10","United States","New York Stock Exchange Inc.","USD","1.00","USD","-"
"THC","TENET HEALTHCARE CORP","Health Care","Equity","3,223,213.54","0.02","3,223,213.54","25,577.00","126.02","United States","New York Stock Exchange Inc.","USD","1.00","USD","-"
"TKO","TKO GROUP HOLDINGS INC CLASS A","Communication","Equity","3,218,099.00","0.02","3,218,099.00","21,130.00","152.30","United States","New York Stock Exchange Inc.","USD","1.00","USD","-"
"CAG","CONAGRA BRANDS INC","Consumer Staples","Equity","3,216,633.71","0.02","3,216,633.71","126,689.00","25.39","United States","New York Stock Exchange Inc.","USD","1.00","USD","-"
"HEI","HEICO CORP","Industrials","Equity","3,201,324.21","0.02","3,201,324.21","11,919.00","268.59","United States","New York Stock Exchange Inc.","USD","1.00","USD","-"
"JNPR","JUNIPER NETWORKS INC","Information Technology","Equity","3,169,600.20","0.02","3,169,600.20","88,020.00","36.01","United States","New York Stock Exchange Inc.","USD","1.00","USD","-"
"EMN","EASTMAN CHEMICAL","Materials","Equity","3,116,218.78","0.02","3,116,218.78","31,886.00","97.73","United States","New York Stock Exchange Inc.","USD","1.00","USD","-"
"FTAI","FTAI AVIATION LTD","Industrials","Equity","3,100,553.91","0.02","3,100,553.91","27,407.00","113.13","United States","NASDAQ","USD","1.00","USD","-"
"FTI","TECHNIPFMC PLC","Energy","Equity","3,098,730.15","0.02","3,098,730.15","116,713.00","26.55","United States","New York Stock Exchange Inc.","USD","1.00","USD","-"
"ITT","ITT INC","Industrials","Equity","3,069,201.79","0.02","3,069,201.79","22,079.00","139.01","United States","New York Stock Exchange Inc.","USD","1.00","USD","-"
"MRNA","MODERNA INC","Health Care","Equity","3,047,707.18","0.02","3,047,707.18","86,558.00","35.21","United States","NASDAQ","USD","1.00","USD","-"
"VTRS","VIATRIS INC","Health Care","Equity","3,041,335.68","0.02","3,041,335.68","320,816.00","9.48","United States","NASDAQ","USD","1.00","USD","-"
"SCI","SERVICE","Consumer Discretionary","Equity","3,038,940.45","0.02","3,038,940.45","38,385.00","79.17","United States","New York Stock Exchange Inc.","USD","1.00","USD","-"
"PAYC","PAYCOM SOFTWARE INC","Industrials","Equity","3,038,460.03","0.02","3,038,460.03","13,977.00","217.39","United States","New York Stock Exchange Inc.","USD","1.00","USD","-"
"TOL","TOLL BROTHERS INC","Consumer Discretionary","Equity","3,026,100.12","0.02","3,026,100.12","27,388.00","110.49","United States","New York Stock Exchange Inc.","USD","1.00","USD","-"
"HST","HOST HOTELS & RESORTS REIT INC","Real Estate","Equity","3,017,765.76","0.02","3,017,765.76","187,672.00","16.08","United States","NASDAQ","USD","1.00","USD","-"
"CHRW","CH ROBINSON WORLDWIDE INC","Industrials","Equity","3,018,173.66","0.02","3,018,173.66","30,826.00","97.91","United States","NASDAQ","USD","1.00","USD","-"
"GL","GLOBE LIFE INC","Financials","Equity","3,002,647.58","0.02","3,002,647.58","23,789.00","126.22","United States","New York Stock Exchange Inc.","USD","1.00","USD","-"
"EPAM","EPAM SYSTEMS INC","Information Technology","Equity","3,001,649.55","0.02","3,001,649.55","14,997.00","200.15","United States","New York Stock Exchange Inc.","USD","1.00","USD","-"
"SJM","JM SMUCKER","Consumer Staples","Equity","2,999,527.74","0.02","2,999,527.74","27,423.00","109.38","United States","New York Stock Exchange Inc.","USD","1.00","USD","-"
"NBIX","NEUROCRINE BIOSCIENCES INC","Health Care","Equity","2,999,378.25","0.02","2,999,378.25","26,345.00","113.85","United States","NASDAQ","USD","1.00","USD","-"
"INCY","INCYTE CORP","Health Care","Equity","2,985,703.89","0.02","2,985,703.89","42,769.00","69.81","United States","NASDAQ","USD","1.00","USD","-"
"WWD","WOODWARD INC","Industrials","Equity","2,978,932.32","0.02","2,978,932.32","16,289.00","182.88","United States","NASDAQ","USD","1.00","USD","-"
"LKQ","LKQ CORP","Consumer Discretionary","Equity","2,979,074.30","0.02","2,979,074.30","70,846.00","42.05","United States","NASDAQ","USD","1.00","USD","-"
"FHN","FIRST HORIZON CORP","Financials","Equity","2,965,405.44","0.02","2,965,405.44","149,466.00","19.84","United States","New York Stock Exchange Inc.","USD","1.00","USD","-"
"EXEL","EXELIXIS INC","Health Care","Equity","2,962,599.80","0.02","2,962,599.80","76,652.00","38.65","United States","NASDAQ","USD","1.00","USD","-"
"SWKS","SKYWORKS SOLUTIONS INC","Information Technology","Equity","2,928,904.18","0.02","2,928,904.18","43,462.00","67.39","United States","NASDAQ","USD","1.00","USD","-"
"LECO","LINCOLN ELECTRIC HOLDINGS INC","Industrials","Equity","2,929,467.20","0.02","2,929,467.20","14,960.00","195.82","United States","NASDAQ","USD","1.00","USD","-"
"ALLE","ALLEGION PLC","Industrials","Equity","2,927,759.04","0.02","2,927,759.04","23,148.00","126.48","United States","New York Stock Exchange Inc.","USD","1.00","USD","-"
"NWSA","NEWS CORP CLASS A","Communication","Equity","2,925,603.24","0.02","2,925,603.24","103,966.00","28.14","United States","NASDAQ","USD","1.00","USD","-"
"LAMR","LAMAR ADVERTISING COMPANY CLAS","Real Estate","Equity","2,909,051.64","0.02","2,909,051.64","23,364.00","124.51","United States","NASDAQ","USD","1.00","USD","-"
"JEF","JEFFERIES FINANCIAL GROUP INC","Financials","Equity","2,896,083.96","0.02","2,896,083.96","47,586.00","60.86","United States","New York Stock Exchange Inc.","USD","1.00","USD","-"
"CIEN","CIENA CORP","Information Technology","Equity","2,887,944.50","0.02","2,887,944.50","38,378.00","75.25","United States","New York Stock Exchange Inc.","USD","1.00","USD","-"
"DUOL","DUOLINGO INC CLASS A","Consumer Discretionary","Equity","2,874,999.54","0.02","2,874,999.54","9,821.00","292.74","United States","NASDAQ","USD","1.00","USD","-"
"OWL","BLUE OWL CAPITAL INC CLASS A","Financials","Equity","2,872,149.63","0.02","2,872,149.63","140,999.00","20.37","United States","New York Stock Exchange Inc.","USD","1.00","USD","-"
"SOLV","SOLVENTUM CORP","Health Care","Equity","2,870,292.57","0.02","2,870,292.57","36,879.00","77.83","United States","New York Stock Exchange Inc.","USD","1.00","USD","-"
"MANH","MANHATTAN ASSOCIATES INC","Information Technology","Equity","2,861,991.50","0.02","2,861,991.50","16,550.00","172.93","United States","NASDAQ","USD","1.00","USD","-"
"ROKU","ROKU INC CLASS A","Communication","Equity","2,846,952.62","0.02","2,846,952.62","33,466.00","85.07","United States","NASDAQ","USD","1.00","USD","-"
"BXP","BXP INC","Real Estate","Equity","2,829,633.12","0.02","2,829,633.12","41,809.00","67.68","United States","New York Stock Exchange Inc.","USD","1.00","USD","-"
"AVTR","AVANTOR INC","Health Care","Equity","2,826,132.75","0.02","2,826,132.75","179,437.00","15.75","United States","New York Stock Exchange Inc.","USD","1.00","USD","-"
"AIZ","ASSURANT INC","Financials","Equity","2,827,091.02","0.02","2,827,091.02","13,819.00","204.58","United States","New York Stock Exchange Inc.","USD","1.00","USD","-"
"AR","ANTERO RESOURCES CORP","Energy","Equity","2,812,719.70","0.02","2,812,719.70","77,315.00","36.38","United States","New York Stock Exchange Inc.","USD","1.00","USD","-"
"SAIA","SAIA INC","Industrials","Equity","2,809,405.71","0.02","2,809,405.71","7,109.00","395.19","United States","NASDAQ","USD","1.00","USD","-"
"CNH","CNH INDUSTRIAL N.V. NV","Industrials","Equity","2,805,360.00","0.02","2,805,360.00","233,780.00","12.00","United States","New York Stock Exchange Inc.","USD","1.00","USD","-"
"PNW","PINNACLE WEST CORP","Utilities","Equity","2,799,480.00","0.02","2,799,480.00","30,750.00","91.04","United States","New York Stock Exchange Inc.","USD","1.00","USD","-"
"PEN","PENUMBRA INC","Health Care","Equity","2,771,585.64","0.02","2,771,585.64","9,678.00","286.38","United States","New York Stock Exchange Inc.","USD","1.00","USD","-"
"RBC","RBC BEARINGS INC","Industrials","Equity","2,771,693.55","0.02","2,771,693.55","7,785.00","356.03","United States","New York Stock Exchange Inc.","USD","1.00","USD","-"
"BG","BUNGE GLOBAL SA","Consumer Staples","Equity","2,768,866.52","0.02","2,768,866.52","38,612.00","71.71","United States","New York Stock Exchange Inc.","USD","1.00","USD","-"
"CCK","CROWN HOLDINGS INC","Materials","Equity","2,765,877.29","0.02","2,765,877.29","31,313.00","88.33","United States","New York Stock Exchange Inc.","USD","1.00","USD","-"
"TAP","MOLSON COORS BREWING CLASS B","Consumer Staples","Equity","2,758,636.00","0.02","2,758,636.00","46,520.00","59.30","United States","New York Stock Exchange Inc.","USD","1.00","USD","-"
"RL","RALPH LAUREN CORP CLASS A","Consumer Discretionary","Equity","2,751,193.25","0.02","2,751,193.25","10,985.00","250.45","United States","New York Stock Exchange Inc.","USD","1.00","USD","-"
"SGI","SOMNIGROUP INTERNATIONAL INC","Consumer Discretionary","Equity","2,744,320.32","0.02","2,744,320.32","44,128.00","62.19","United States","New York Stock Exchange Inc.","USD","1.00","USD","-"
"OVV","OVINTIV INC","Energy","Equity","2,745,036.84","0.02","2,745,036.84","71,822.00","38.22","United States","New York Stock Exchange Inc.","USD","1.00","USD","-"
"CLH","CLEAN HARBORS INC","Industrials","Equity","2,734,688.04","0.02","2,734,688.04","13,524.00","202.21","United States","New York Stock Exchange Inc.","USD","1.00","USD","-"
"EHC","ENCOMPASS HEALTH CORP","Health Care","Equity","2,728,900.00","0.02","2,728,900.00","27,289.00","100.00","United States","New York Stock Exchange Inc.","USD","1.00","USD","-"
"UHS","UNIVERSAL HEALTH SERVICES INC CLAS","Health Care","Equity","2,721,604.08","0.02","2,721,604.08","15,314.00","177.72","United States","New York Stock Exchange Inc.","USD","1.00","USD","-"
"OHI","OMEGA HEALTHCARE INVESTORS REIT IN","Real Estate","Equity","2,720,122.00","0.02","2,720,122.00","72,440.00","37.55","United States","New York Stock Exchange Inc.","USD","1.00","USD","-"
"IPG","INTERPUBLIC GROUP OF COMPANIES INC","Communication","Equity","2,712,958.08","0.02","2,712,958.08","99,888.00","27.16","United States","New York Stock Exchange Inc.","USD","1.00","USD","-"
"RGLD","ROYAL GOLD INC","Materials","Equity","2,705,552.28","0.02","2,705,552.28","17,958.00","150.66","United States","NASDAQ","USD","1.00","USD","-"
"DOX","AMDOCS LTD","Information Technology","Equity","2,703,627.36","0.02","2,703,627.36","30,779.00","87.84","United States","NASDAQ","USD","1.00","USD","-"
"PRI","PRIMERICA INC","Financials","Equity","2,692,888.74","0.02","2,692,888.74","9,418.00","285.93","United States","New York Stock Exchange Inc.","USD","1.00","USD","-"
"SRPT","SAREPTA THERAPEUTICS INC","Health Care","Equity","2,686,258.83","0.02","2,686,258.83","24,949.00","107.67","United States","NASDAQ","USD","1.00","USD","-"
"SNX","TD SYNNEX CORP","Information Technology","Equity","2,683,329.85","0.02","2,683,329.85","20,183.00","132.95","United States","New York Stock Exchange Inc.","USD","1.00","USD","-"
"CG","CARLYLE GROUP INC","Financials","Equity","2,649,630.16","0.02","2,649,630.16","57,401.00","46.16","United States","NASDAQ","USD","1.00","USD","-"
"SF","STIFEL FINANCIAL CORP","Financials","Equity","2,628,295.45","0.02","2,628,295.45","26,015.00","101.03","United States","New York Stock Exchange Inc.","USD","1.00","USD","-"
"WTRG","ESSENTIAL UTILITIES INC","Utilities","Equity","2,626,634.58","0.02","2,626,634.58","68,242.00","38.49","United States","New York Stock Exchange Inc.","USD","1.00","USD","-"
"BWXT","BWX TECHNOLOGIES INC","Industrials","Equity","2,624,796.82","0.02","2,624,796.82","25,253.00","103.94","United States","New York Stock Exchange Inc.","USD","1.00","USD","-"
"TECH","BIO TECHNE CORP","Health Care","Equity","2,614,141.60","0.02","2,614,141.60","42,028.00","62.20","United States","NASDAQ","USD","1.00","USD","-"
"ALLY","ALLY FINANCIAL INC","Financials","Equity","2,586,281.50","0.02","2,586,281.50","72,853.00","35.50","United States","New York Stock Exchange Inc.","USD","1.00","USD","-"
"ATR","APTARGROUP INC","Materials","Equity","2,584,340.40","0.02","2,584,340.40","17,410.00","148.44","United States","New York Stock Exchange Inc.","USD","1.00","USD","-"
"BRBR","BELLRING BRANDS INC","Consumer Staples","Equity","2,584,718.96","0.02","2,584,718.96","35,612.00","72.58","United States","New York Stock Exchange Inc.","USD","1.00","USD","-"
"LNW","LIGHT WONDER INC","Consumer Discretionary","Equity","2,569,811.12","0.02","2,569,811.12","23,698.00","108.44","United States","NASDAQ","USD","1.00","USD","-"
"MSFUT","CASH COLLATERAL MSFUT USD","Cash and/or Derivatives","Cash Collateral and Margins","2,564,459.03","0.02","2,564,459.03","2,564,459.00","100.00","United States","-","USD","1.00","USD","Feb 01, 2009"
"ESTC","ELASTIC NV","Information Technology","Equity","2,562,381.99","0.02","2,562,381.99","23,373.00","109.63","United States","New York Stock Exchange Inc.","USD","1.00","USD","-"
"WYNN","WYNN RESORTS LTD","Consumer Discretionary","Equity","2,547,373.65","0.02","2,547,373.65","28,095.00","90.67","United States","NASDAQ","USD","1.00","USD","-"
"HSIC","HENRY SCHEIN INC","Health Care","Equity","2,546,191.26","0.02","2,546,191.26","35,631.00","71.46","United States","NASDAQ","USD","1.00","USD","-"
"CRS","CARPENTER TECHNOLOGY CORP","Materials","Equity","2,538,459.00","0.02","2,538,459.00","12,474.00","203.50","United States","New York Stock Exchange Inc.","USD","1.00","USD","-"
"KNSL","KINSALE CAPITAL GROUP INC","Financials","Equity","2,539,155.71","0.02","2,539,155.71","5,801.00","437.71","United States","New York Stock Exchange Inc.","USD","1.00","USD","-"
"GME","GAMESTOP CORP CLASS A","Consumer Discretionary","Equity","2,525,852.64","0.02","2,525,852.64","100,752.00","25.07","United States","New York Stock Exchange Inc.","USD","1.00","USD","-"
"ORI","OLD REPUBLIC INTERNATIONAL CORP","Financials","Equity","2,522,099.58","0.02","2,522,099.58","66,846.00","37.73","United States","New York Stock Exchange Inc.","USD","1.00","USD","-"
"SSB","SOUTHSTATE CORP","Financials","Equity","2,520,118.56","0.02","2,520,118.56","26,651.00","94.56","United States","New York Stock Exchange Inc.","USD","1.00","USD","-"
"RIVN","RIVIAN AUTOMOTIVE INC CLASS A","Consumer Discretionary","Equity","2,516,511.20","0.02","2,516,511.20","220,360.00","11.42","United States","NASDAQ","USD","1.00","USD","-"
"LBRDK","LIBERTY BROADBAND CORP SERIES C","Communication","Equity","2,508,162.56","0.02","2,508,162.56","28,976.00","86.56","United States","NASDAQ","USD","1.00","USD","-"
"ARMK","ARAMARK","Consumer Discretionary","Equity","2,509,050.88","0.02","2,509,050.88","70,007.00","35.84","United States","New York Stock Exchange Inc.","USD","1.00","USD","-"
"COHR","COHERENT CORP","Information Technology","Equity","2,505,707.36","0.02","2,505,707.36","34,879.00","71.84","United States","New York Stock Exchange Inc.","USD","1.00","USD","-"
"CUBE","CUBESMART REIT","Real Estate","Equity","2,499,577.74","0.02","2,499,577.74","58,869.00","42.46","United States","New York Stock Exchange Inc.","USD","1.00","USD","-"
"DTM","DT MIDSTREAM INC","Energy","Equity","2,489,262.18","0.02","2,489,262.18","26,589.00","93.62","United States","New York Stock Exchange Inc.","USD","1.00","USD","-"
"WBS","WEBSTER FINANCIAL CORP","Financials","Equity","2,487,154.25","0.02","2,487,154.25","46,795.00","53.15","United States","New York Stock Exchange Inc.","USD","1.00","USD","-"
"PCVX","VAXCYTE INC","Health Care","Equity","2,480,856.75","0.02","2,480,856.75","33,575.00","73.89","United States","NASDAQ","USD","1.00","USD","-"
"NVT","NVENT ELECTRIC PLC","Industrials","Equity","2,480,427.00","0.02","2,480,427.00","44,325.00","55.96","United States","New York Stock Exchange Inc.","USD","1.00","USD","-"
"MLI","MUELLER INDUSTRIES INC","Industrials","Equity","2,477,510.28","0.02","2,477,510.28","30,996.00","79.93","United States","New York Stock Exchange Inc.","USD","1.00","USD","-"
"AFG","AMERICAN FINANCIAL GROUP INC","Financials","Equity","2,471,311.08","0.02","2,471,311.08","19,516.00","126.63","United States","New York Stock Exchange Inc.","USD","1.00","USD","-"
"AIT","APPLIED INDUSTRIAL TECHNOLOGIES IN","Industrials","Equity","2,468,864.68","0.02","2,468,864.68","10,606.00","232.78","United States","New York Stock Exchange Inc.","USD","1.00","USD","-"
"OGE","OGE ENERGY CORP","Utilities","Equity","2,468,296.65","0.02","2,468,296.65","55,281.00","44.65","United States","New York Stock Exchange Inc.","USD","1.00","USD","-"
"BLD","TOPBUILD CORP","Consumer Discretionary","Equity","2,464,569.08","0.02","2,464,569.08","8,084.00","304.87","United States","New York Stock Exchange Inc.","USD","1.00","USD","-"
"AAL","AMERICAN AIRLINES GROUP INC","Industrials","Equity","2,465,397.75","0.02","2,465,397.75","174,975.00","14.09","United States","NASDAQ","USD","1.00","USD","-"
"NCLH","NORWEGIAN CRUISE LINE HOLDINGS LTD","Consumer Discretionary","Equity","2,463,962.70","0.02","2,463,962.70","115,679.00","21.30","United States","New York Stock Exchange Inc.","USD","1.00","USD","-"
"G","GENPACT LTD","Industrials","Equity","2,460,233.88","0.02","2,460,233.88","47,294.00","52.02","United States","New York Stock Exchange Inc.","USD","1.00","USD","-"
"FND","FLOOR DECOR HOLDINGS INC CLASS A","Consumer Discretionary","Equity","2,457,327.21","0.02","2,457,327.21","27,921.00","88.01","United States","New York Stock Exchange Inc.","USD","1.00","USD","-"
"EGP","EASTGROUP PROPERTIES REIT INC","Real Estate","Equity","2,455,351.08","0.02","2,455,351.08","13,098.00","187.46","United States","New York Stock Exchange Inc.","USD","1.00","USD","-"
"CNM","CORE & MAIN INC CLASS A","Industrials","Equity","2,452,357.88","0.02","2,452,357.88","51,596.00","47.53","United States","New York Stock Exchange Inc.","USD","1.00","USD","-"
"PCTY","PAYLOCITY HOLDING CORP","Industrials","Equity","2,437,859.16","0.02","2,437,859.16","12,071.00","201.96","United States","NASDAQ","USD","1.00","USD","-"
"FYBR","FRONTIER COMMUNICATIONS PARENT INC","Communication","Equity","2,428,530.09","0.02","2,428,530.09","67,403.00","36.03","United States","NASDAQ","USD","1.00","USD","-"
"HQY","HEALTHEQUITY INC","Health Care","Equity","2,391,586.56","0.02","2,391,586.56","23,067.00","103.68","United States","NASDAQ","USD","1.00","USD","-"
"AYI","ACUITY BRANDS INC","Industrials","Equity","2,374,179.84","0.02","2,374,179.84","8,576.00","276.84","United States","New York Stock Exchange Inc.","USD","1.00","USD","-"
"REXR","REXFORD INDUSTRIAL REALTY REIT INC","Real Estate","Equity","2,369,073.60","0.02","2,369,073.60","57,224.00","41.40","United States","New York Stock Exchange Inc.","USD","1.00","USD","-"
"GMED","GLOBUS MEDICAL INC CLASS A","Health Care","Equity","2,362,944.78","0.02","2,362,944.78","29,979.00","78.82","United States","New York Stock Exchange Inc.","USD","1.00","USD","-"
"RRC","RANGE RESOURCES CORP","Energy","Equity","2,347,238.79","0.02","2,347,238.79","62,543.00","37.53","United States","New York Stock Exchange Inc.","USD","1.00","USD","-"
"CHE","CHEMED CORP","Health Care","Equity","2,347,508.24","0.02","2,347,508.24","3,944.00","595.21","United States","New York Stock Exchange Inc.","USD","1.00","USD","-"
"HAS","HASBRO INC","Consumer Discretionary","Equity","2,347,546.56","0.02","2,347,546.56","37,239.00","63.04","United States","NASDAQ","USD","1.00","USD","-"
"FRT","FEDERAL REALTY INVESTMENT TRUST RE","Real Estate","Equity","2,327,061.50","0.02","2,327,061.50","22,475.00","103.54","United States","New York Stock Exchange Inc.","USD","1.00","USD","-"
"INGR","INGREDION INC","Consumer Staples","Equity","2,320,353.18","0.02","2,320,353.18","17,958.00","129.21","United States","New York Stock Exchange Inc.","USD","1.00","USD","-"
"RGEN","REPLIGEN CORP","Health Care","Equity","2,314,753.27","0.02","2,314,753.27","14,681.00","157.67","United States","NASDAQ","USD","1.00","USD","-"
"CRL","CHARLES RIVER LABORATORIES INTERNA","Health Care","Equity","2,315,541.00","0.02","2,315,541.00","13,820.00","167.55","United States","New York Stock Exchange Inc.","USD","1.00","USD","-"
"JAZZ","JAZZ PHARMACEUTICALS PLC","Health Care","Equity","2,313,795.00","0.02","2,313,795.00","16,500.00","140.23","United States","NASDAQ","USD","1.00","USD","-"
"MIDD","MIDDLEBY CORP","Industrials","Equity","2,311,043.50","0.02","2,311,043.50","14,435.00","160.10","United States","NASDAQ","USD","1.00","USD","-"
"DOCS","DOXIMITY INC CLASS A","Health Care","Equity","2,308,496.61","0.02","2,308,496.61","33,211.00","69.51","United States","New York Stock Exchange Inc.","USD","1.00","USD","-"
"EXAS","EXACT SCIENCES CORP","Health Care","Equity","2,306,959.05","0.02","2,306,959.05","48,435.00","47.63","United States","NASDAQ","USD","1.00","USD","-"
"ACI","ALBERTSONS COMPANY INC CLASS A","Consumer Staples","Equity","2,303,620.80","0.02","2,303,620.80","110,751.00","20.80","United States","New York Stock Exchange Inc.","USD","1.00","USD","-"
"MUSA","MURPHY USA INC","Consumer Discretionary","Equity","2,301,239.85","0.02","2,301,239.85","4,935.00","466.31","United States","New York Stock Exchange Inc.","USD","1.00","USD","-"
"ALB","ALBEMARLE CORP","Materials","Equity","2,301,919.99","0.02","2,301,919.99","31,019.00","74.21","United States","New York Stock Exchange Inc.","USD","1.00","USD","-"
"WAL","WESTERN ALLIANCE","Financials","Equity","2,300,599.84","0.02","2,300,599.84","28,336.00","81.19","United States","New York Stock Exchange Inc.","USD","1.00","USD","-"
"LSCC","LATTICE SEMICONDUCTOR CORP","Information Technology","Equity","2,295,711.82","0.02","2,295,711.82","36,661.00","62.62","United States","NASDAQ","USD","1.00","USD","-"
"ALSN","ALLISON TRANSMISSION HOLDINGS INC","Industrials","Equity","2,269,725.33","0.02","2,269,725.33","23,253.00","97.61","United States","New York Stock Exchange Inc.","USD","1.00","USD","-"
"AGNC","AGNC INVESTMENT REIT CORP","Financials","Equity","2,264,026.38","0.01","2,264,026.38","220,022.00","10.29","United States","NASDAQ","USD","1.00","USD","-"
"APG","API GROUP CORP","Industrials","Equity","2,261,179.87","0.01","2,261,179.87","60,899.00","37.13","United States","New York Stock Exchange Inc.","USD","1.00","USD","-"
"HRL","HORMEL FOODS CORP","Consumer Staples","Equity","2,257,458.68","0.01","2,257,458.68","78,493.00","28.76","United States","New York Stock Exchange Inc.","USD","1.00","USD","-"
"DCI","DONALDSON INC","Industrials","Equity","2,251,909.44","0.01","2,251,909.44","32,736.00","68.79","United States","New York Stock Exchange Inc.","USD","1.00","USD","-"
"HLI","HOULIHAN LOKEY INC CLASS A","Financials","Equity","2,249,020.50","0.01","2,249,020.50","13,870.00","162.15","United States","New York Stock Exchange Inc.","USD","1.00","USD","-"
"DAY","DAYFORCE INC","Industrials","Equity","2,244,503.37","0.01","2,244,503.37","39,219.00","57.23","United States","New York Stock Exchange Inc.","USD","1.00","USD","-"
"LAD","LITHIA MOTORS INC CLASS A","Consumer Discretionary","Equity","2,241,716.62","0.01","2,241,716.62","7,073.00","316.94","United States","New York Stock Exchange Inc.","USD","1.00","USD","-"
"MEDP","MEDPACE HOLDINGS INC","Health Care","Equity","2,237,493.60","0.01","2,237,493.60","6,810.00","328.56","United States","NASDAQ","USD","1.00","USD","-"
"X","US STEEL CORP","Materials","Equity","2,225,428.80","0.01","2,225,428.80","59,424.00","37.45","United States","New York Stock Exchange Inc.","USD","1.00","USD","-"
"QGEN","QIAGEN NV","Health Care","Equity","2,223,332.70","0.01","2,223,332.70","57,674.00","38.55","Germany","New York Stock Exchange Inc.","USD","1.00","USD","-"
"PR","PERMIAN RESOURCES CORP CLASS A","Energy","Equity","2,220,917.82","0.01","2,220,917.82","178,674.00","12.43","United States","New York Stock Exchange Inc.","USD","1.00","USD","-"
"CHDN","CHURCHILL DOWNS INC","Consumer Discretionary","Equity","2,214,508.89","0.01","2,214,508.89","19,339.00","114.51","United States","NASDAQ","USD","1.00","USD","-"
"ADC","AGREE REALTY REIT CORP","Real Estate","Equity","2,208,986.67","0.01","2,208,986.67","29,231.00","75.57","United States","New York Stock Exchange Inc.","USD","1.00","USD","-"
"PNFP","PINNACLE FINANCIAL PARTNERS INC","Financials","Equity","2,205,830.64","0.01","2,205,830.64","20,319.00","108.56","United States","NASDAQ","USD","1.00","USD","-"
"CACI","CACI INTERNATIONAL INC CLASS A","Industrials","Equity","2,206,975.34","0.01","2,206,975.34","6,082.00","362.87","United States","New York Stock Exchange Inc.","USD","1.00","USD","-"
"BRX","BRIXMOR PROPERTY GROUP REIT INC","Real Estate","Equity","2,203,306.38","0.01","2,203,306.38","80,442.00","27.39","United States","New York Stock Exchange Inc.","USD","1.00","USD","-"
"KD","KYNDRYL HOLDINGS INC","Information Technology","Equity","2,200,684.20","0.01","2,200,684.20","59,190.00","37.18","United States","New York Stock Exchange Inc.","USD","1.00","USD","-"
"BERY","BERRY GLOBAL GROUP INC","Materials","Equity","2,197,043.95","0.01","2,197,043.95","30,715.00","71.53","United States","New York Stock Exchange Inc.","USD","1.00","USD","-"
"MORN","MORNINGSTAR INC","Financials","Equity","2,188,726.76","0.01","2,188,726.76","7,246.00","302.06","United States","NASDAQ","USD","1.00","USD","-"
"PLNT","PLANET FITNESS INC CLASS A","Consumer Discretionary","Equity","2,184,893.28","0.01","2,184,893.28","22,632.00","96.54","United States","New York Stock Exchange Inc.","USD","1.00","USD","-"
"TTC","TORO","Industrials","Equity","2,185,684.18","0.01","2,185,684.18","28,018.00","78.01","United States","New York Stock Exchange Inc.","USD","1.00","USD","-"
"MTCH","MATCH GROUP INC","Communication","Equity","2,178,600.44","0.01","2,178,600.44","69,129.00","31.52","United States","NASDAQ","USD","1.00","USD","-"
"VFC","VF CORP","Consumer Discretionary","Equity","2,174,729.55","0.01","2,174,729.55","92,739.00","23.45","United States","New York Stock Exchange Inc.","USD","1.00","USD","-"
"AA","ALCOA CORP","Materials","Equity","2,170,237.12","0.01","2,170,237.12","67,024.00","32.38","United States","New York Stock Exchange Inc.","USD","1.00","USD","-"
"ALK","ALASKA AIR GROUP INC","Industrials","Equity","2,168,673.00","0.01","2,168,673.00","32,710.00","66.30","United States","New York Stock Exchange Inc.","USD","1.00","USD","-"
"RRX","REGAL REXNORD CORP","Industrials","Equity","2,159,064.18","0.01","2,159,064.18","17,409.00","124.02","United States","New York Stock Exchange Inc.","USD","1.00","USD","-"
"PCOR","PROCORE TECHNOLOGIES INC","Information Technology","Equity","2,154,150.72","0.01","2,154,150.72","28,192.00","76.41","United States","New York Stock Exchange Inc.","USD","1.00","USD","-"
"MTZ","MASTEC INC","Industrials","Equity","2,150,295.01","0.01","2,150,295.01","16,811.00","127.91","United States","New York Stock Exchange Inc.","USD","1.00","USD","-"
"AXTA","AXALTA COATING SYSTEMS LTD","Materials","Equity","2,150,863.08","0.01","2,150,863.08","60,862.00","35.34","United States","New York Stock Exchange Inc.","USD","1.00","USD","-"
"MASI","MASIMO CORP","Health Care","Equity","2,148,260.22","0.01","2,148,260.22","11,538.00","186.19","United States","NASDAQ","USD","1.00","USD","-"
"COKE","COCA COLA CONSOLIDATED INC","Consumer Staples","Equity","2,137,591.84","0.01","2,137,591.84","1,576.00","1,356.34","United States","NASDAQ","USD","1.00","USD","-"
"WMS","ADVANCED DRAINAGE SYSTEMS INC","Industrials","Equity","2,138,465.22","0.01","2,138,465.22","19,198.00","111.39","United States","New York Stock Exchange Inc.","USD","1.00","USD","-"
"CMA","COMERICA INC","Financials","Equity","2,138,926.98","0.01","2,138,926.98","36,021.00","59.38","United States","New York Stock Exchange Inc.","USD","1.00","USD","-"
"BBWI","BATH AND BODY WORKS INC","Consumer Discretionary","Equity","2,125,875.72","0.01","2,125,875.72","61,406.00","34.62","United States","New York Stock Exchange Inc.","USD","1.00","USD","-"
"MOS","MOSAIC","Materials","Equity","2,123,078.05","0.01","2,123,078.05","87,985.00","24.13","United States","New York Stock Exchange Inc.","USD","1.00","USD","-"
"AOS","A O SMITH CORP","Industrials","Equity","2,121,616.00","0.01","2,121,616.00","31,904.00","66.50","United States","New York Stock Exchange Inc.","USD","1.00","USD","-"
"EVR","EVERCORE INC CLASS A","Financials","Equity","2,122,045.80","0.01","2,122,045.80","9,533.00","222.60","United States","New York Stock Exchange Inc.","USD","1.00","USD","-"
"U","UNITY SOFTWARE INC","Information Technology","Equity","2,122,170.00","0.01","2,122,170.00","83,550.00","25.40","United States","New York Stock Exchange Inc.","USD","1.00","USD","-"
"ENPH","ENPHASE ENERGY INC","Information Technology","Equity","2,113,570.05","0.01","2,113,570.05","36,037.00","58.65","United States","NASDAQ","USD","1.00","USD","-"
"WH","WYNDHAM HOTELS RESORTS INC","Consumer Discretionary","Equity","2,107,294.86","0.01","2,107,294.86","20,018.00","105.27","United States","New York Stock Exchange Inc.","USD","1.00","USD","-"
"CBSH","COMMERCE BANCSHARES INC","Financials","Equity","2,103,777.96","0.01","2,103,777.96","33,521.00","62.76","United States","NASDAQ","USD","1.00","USD","-"
"NNN","NNN REIT INC","Real Estate","Equity","2,101,695.12","0.01","2,101,695.12","48,888.00","42.99","United States","New York Stock Exchange Inc.","USD","1.00","USD","-"
"CR","CRANE","Industrials","Equity","2,102,708.16","0.01","2,102,708.16","13,608.00","154.52","United States","New York Stock Exchange Inc.","USD","1.00","USD","-"
"HII","HUNTINGTON INGALLS INDUSTRIES INC","Industrials","Equity","2,097,547.65","0.01","2,097,547.65","10,835.00","193.59","United States","New York Stock Exchange Inc.","USD","1.00","USD","-"
"CFR","CULLEN FROST BANKERS INC","Financials","Equity","2,097,955.84","0.01","2,097,955.84","16,228.00","129.28","United States","New York Stock Exchange Inc.","USD","1.00","USD","-"
"CFLT","CONFLUENT INC CLASS A","Information Technology","Equity","2,084,306.00","0.01","2,084,306.00","64,730.00","32.20","United States","NASDAQ","USD","1.00","USD","-"
"AES","AES CORP","Utilities","Equity","2,081,413.60","0.01","2,081,413.60","189,910.00","10.96","United States","New York Stock Exchange Inc.","USD","1.00","USD","-"
"EXLS","EXLSERVICE HOLDINGS INC","Industrials","Equity","2,076,137.70","0.01","2,076,137.70","43,745.00","47.46","United States","NASDAQ","USD","1.00","USD","-"
"SKX","SKECHERS USA INC CLASS A","Consumer Discretionary","Equity","2,076,603.30","0.01","2,076,603.30","34,995.00","59.34","United States","New York Stock Exchange Inc.","USD","1.00","USD","-"
"BROS","DUTCH BROS INC CLASS A","Consumer Discretionary","Equity","2,074,357.74","0.01","2,074,357.74","29,386.00","70.59","United States","New York Stock Exchange Inc.","USD","1.00","USD","-"
"SEIC","SEI INVESTMENTS","Financials","Equity","2,073,955.87","0.01","2,073,955.87","26,959.00","76.93","United States","NASDAQ","USD","1.00","USD","-"
"SCCO","SOUTHERN COPPER CORP","Materials","Equity","2,068,963.36","0.01","2,068,963.36","22,864.00","90.49","Peru","New York Stock Exchange Inc.","USD","1.00","USD","-"
"TTEK","TETRA TECH INC","Industrials","Equity","2,065,042.64","0.01","2,065,042.64","71,356.00","28.94","United States","NASDAQ","USD","1.00","USD","-"
"HIMS","HIMS HERS HEALTH INC CLASS A","Health Care","Equity","2,062,491.60","0.01","2,062,491.60","50,440.00","40.89","United States","New York Stock Exchange Inc.","USD","1.00","USD","-"
"WBA","WALGREEN BOOTS ALLIANCE INC","Consumer Staples","Equity","2,062,796.00","0.01","2,062,796.00","191,888.00","10.75","United States","NASDAQ","USD","1.00","USD","-"
"NYT","NEW YORK TIMES CLASS A","Communication","Equity","2,055,283.68","0.01","2,055,283.68","43,804.00","46.92","United States","New York Stock Exchange Inc.","USD","1.00","USD","-"
"KNX","KNIGHT-SWIFT TRANSPORTATION HOLDIN","Industrials","Equity","2,052,981.64","0.01","2,052,981.64","42,173.00","48.68","United States","New York Stock Exchange Inc.","USD","1.00","USD","-"
"GPK","GRAPHIC PACKAGING HOLDING","Materials","Equity","2,045,317.32","0.01","2,045,317.32","78,006.00","26.22","United States","New York Stock Exchange Inc.","USD","1.00","USD","-"
"UMBF","UMB FINANCIAL CORP","Financials","Equity","2,043,092.97","0.01","2,043,092.97","19,553.00","104.49","United States","NASDAQ","USD","1.00","USD","-"
"FBIN","FORTUNE BRANDS INNOVATIONS INC","Industrials","Equity","2,043,646.84","0.01","2,043,646.84","32,756.00","62.39","United States","New York Stock Exchange Inc.","USD","1.00","USD","-"
"ZION","ZIONS BANCORPORATION","Financials","Equity","2,034,841.68","0.01","2,034,841.68","39,681.00","51.28","United States","NASDAQ","USD","1.00","USD","-"
"GNRC","GENERAC HOLDINGS INC","Industrials","Equity","2,026,490.60","0.01","2,026,490.60","15,580.00","130.07","United States","New York Stock Exchange Inc.","USD","1.00","USD","-"
"AXS","AXIS CAPITAL HOLDINGS LTD","Financials","Equity","2,012,016.25","0.01","2,012,016.25","21,235.00","94.75","United States","New York Stock Exchange Inc.","USD","1.00","USD","-"
"MGM","MGM RESORTS INTERNATIONAL","Consumer Discretionary","Equity","2,012,216.36","0.01","2,012,216.36","61,292.00","32.83","United States","New York Stock Exchange Inc.","USD","1.00","USD","-"
"FR","FIRST INDUSTRIAL REALTY TRUST INC","Real Estate","Equity","2,002,162.74","0.01","2,002,162.74","34,526.00","57.99","United States","New York Stock Exchange Inc.","USD","1.00","USD","-"
"LW","LAMB WESTON HOLDINGS INC","Consumer Staples","Equity","2,000,970.64","0.01","2,000,970.64","38,884.00","51.46","United States","New York Stock Exchange Inc.","USD","1.00","USD","-"
"WCC","WESCO INTERNATIONAL INC","Industrials","Equity","1,998,572.92","0.01","1,998,572.92","11,678.00","171.14","United States","New York Stock Exchange Inc.","USD","1.00","USD","-"
"EXP","EAGLE MATERIALS INC","Materials","Equity","1,995,741.15","0.01","1,995,741.15","9,035.00","220.89","United States","New York Stock Exchange Inc.","USD","1.00","USD","-"
"CPB","CAMPBELL SOUP","Consumer Staples","Equity","1,994,614.62","0.01","1,994,614.62","50,909.00","39.18","United States","NASDAQ","USD","1.00","USD","-"
"ALAB","ASTERA LABS INC","Information Technology","Equity","1,990,998.52","0.01","1,990,998.52","29,036.00","68.57","United States","NASDAQ","USD","1.00","USD","-"
"WTFC","WINTRUST FINANCIAL CORP","Financials","Equity","1,988,509.44","0.01","1,988,509.44","17,166.00","115.84","United States","NASDAQ","USD","1.00","USD","-"
"VOYA","VOYA FINANCIAL INC","Financials","Equity","1,979,390.00","0.01","1,979,390.00","28,277.00","70.00","United States","New York Stock Exchange Inc.","USD","1.00","USD","-"
"HALO","HALOZYME THERAPEUTICS INC","Health Care","Equity","1,973,955.27","0.01","1,973,955.27","33,159.00","59.53","United States","NASDAQ","USD","1.00","USD","-"
"ENSG","ENSIGN GROUP INC","Health Care","Equity","1,970,264.50","0.01","1,970,264.50","14,983.00","131.50","United States","NASDAQ","USD","1.00","USD","-"
"BECN","BEACON ROOFING SUPPLY INC","Industrials","Equity","1,967,049.24","0.01","1,967,049.24","17,273.00","113.88","United States","NASDAQ","USD","1.00","USD","-"
"MKTX","MARKETAXESS HOLDINGS INC","Financials","Equity","1,962,417.00","0.01","1,962,417.00","10,020.00","195.85","United States","NASDAQ","USD","1.00","USD","-"
"GTLB","GITLAB INC CLASS A","Information Technology","Equity","1,960,287.75","0.01","1,960,287.75","31,725.00","61.79","United States","NASDAQ","USD","1.00","USD","-"
"BFAM","BRIGHT HORIZONS FAMILY SOLUTIONS I","Consumer Discretionary","Equity","1,955,363.57","0.01","1,955,363.57","15,017.00","130.21","United States","New York Stock Exchange Inc.","USD","1.00","USD","-"
"FOX","FOX CORP CLASS B","Communication","Equity","1,951,398.40","0.01","1,951,398.40","37,120.00","52.57","United States","NASDAQ","USD","1.00","USD","-"
"OLED","UNIVERSAL DISPLAY CORP","Information Technology","Equity","1,932,719.52","0.01","1,932,719.52","12,652.00","152.76","United States","NASDAQ","USD","1.00","USD","-"
"CVLT","COMMVAULT SYSTEMS INC","Information Technology","Equity","1,922,684.00","0.01","1,922,684.00","11,450.00","167.92","United States","NASDAQ","USD","1.00","USD","-"
"HRB","H&R BLOCK INC","Consumer Discretionary","Equity","1,916,526.22","0.01","1,916,526.22","36,701.00","52.22","United States","New York Stock Exchange Inc.","USD","1.00","USD","-"
"VNO","VORNADO REALTY TRUST REIT","Real Estate","Equity","1,913,847.00","0.01","1,913,847.00","47,490.00","40.30","United States","New York Stock Exchange Inc.","USD","1.00","USD","-"
"ATI","ATI INC","Materials","Equity","1,913,504.45","0.01","1,913,504.45","33,077.00","57.85","United States","New York Stock Exchange Inc.","USD","1.00","USD","-"
"RYAN","RYAN SPECIALTY HOLDINGS INC CLASS","Financials","Equity","1,900,104.96","0.01","1,900,104.96","26,868.00","70.72","United States","New York Stock Exchange Inc.","USD","1.00","USD","-"
"LNTH","LANTHEUS HOLDINGS INC","Health Care","Equity","1,897,765.76","0.01","1,897,765.76","18,887.00","100.48","United States","NASDAQ","USD","1.00","USD","-"
"DVA","DAVITA INC","Health Care","Equity","1,890,000.00","0.01","1,890,000.00","13,500.00","140.00","United States","New York Stock Exchange Inc.","USD","1.00","USD","-"
"SSD","SIMPSON MANUFACTURING INC","Industrials","Equity","1,886,631.72","0.01","1,886,631.72","11,643.00","162.04","United States","New York Stock Exchange Inc.","USD","1.00","USD","-"
"RKLB","ROCKET LAB USA INC CLASS A","Industrials","Equity","1,887,958.80","0.01","1,887,958.80","92,547.00","20.40","United States","NASDAQ","USD","1.00","USD","-"
"ONTO","ONTO INNOVATION INC","Information Technology","Equity","1,883,043.78","0.01","1,883,043.78","13,434.00","140.17","United States","New York Stock Exchange Inc.","USD","1.00","USD","-"
"VMI","VALMONT INDS INC","Industrials","Equity","1,872,919.75","0.01","1,872,919.75","5,525.00","338.99","United States","New York Stock Exchange Inc.","USD","1.00","USD","-"
"FN","FABRINET","Information Technology","Equity","1,873,346.96","0.01","1,873,346.96","9,469.00","197.84","United States","New York Stock Exchange Inc.","USD","1.00","USD","-"
"GTLS","CHART INDUSTRIES INC","Industrials","Equity","1,873,874.25","0.01","1,873,874.25","11,285.00","166.05","United States","New York Stock Exchange Inc.","USD","1.00","USD","-"
"UGI","UGI CORP","Utilities","Equity","1,871,840.74","0.01","1,871,840.74","56,534.00","33.11","United States","New York Stock Exchange Inc.","USD","1.00","USD","-"
"R","RYDER SYSTEM INC","Industrials","Equity","1,870,774.92","0.01","1,870,774.92","12,006.00","155.82","United States","New York Stock Exchange Inc.","USD","1.00","USD","-"
"AZPN","ASPEN TECHNOLOGY INC","Information Technology","Equity","1,863,993.60","0.01","1,863,993.60","7,035.00","264.96","United States","NASDAQ","USD","1.00","USD","-"
"COOP","MR COOPER GROUP INC","Financials","Equity","1,864,590.78","0.01","1,864,590.78","16,894.00","110.37","United States","NASDAQ","USD","1.00","USD","-"
"QRVO","QORVO INC","Information Technology","Equity","1,862,374.06","0.01","1,862,374.06","26,179.00","71.14","United States","NASDAQ","USD","1.00","USD","-"
"ONB","OLD NATIONAL BANCORP","Financials","Equity","1,859,293.15","0.01","1,859,293.15","83,941.00","22.15","United States","NASDAQ","USD","1.00","USD","-"
"STAG","STAG INDUSTRIAL REIT INC","Real Estate","Equity","1,857,095.79","0.01","1,857,095.79","50,097.00","37.07","United States","New York Stock Exchange Inc.","USD","1.00","USD","-"
"AWI","ARMSTRONG WORLD INDUSTRIES INC","Industrials","Equity","1,854,488.35","0.01","1,854,488.35","12,155.00","152.57","United States","New York Stock Exchange Inc.","USD","1.00","USD","-"
"APA","APA CORP","Energy","Equity","1,844,229.42","0.01","1,844,229.42","99,473.00","18.54","United States","NASDAQ","USD","1.00","USD","-"
"NFG","NATIONAL FUEL GAS","Utilities","Equity","1,838,881.11","0.01","1,838,881.11","24,607.00","74.73","United States","New York Stock Exchange Inc.","USD","1.00","USD","-"
"ESAB","ESAB CORP","Industrials","Equity","1,835,907.10","0.01","1,835,907.10","15,154.00","121.15","United States","New York Stock Exchange Inc.","USD","1.00","USD","-"
"PB","PROSPERITY BANCSHARES INC","Financials","Equity","1,832,107.20","0.01","1,832,107.20","24,785.00","73.92","United States","New York Stock Exchange Inc.","USD","1.00","USD","-"
"KBR","KBR INC","Industrials","Equity","1,832,810.44","0.01","1,832,810.44","36,532.00","50.17","United States","New York Stock Exchange Inc.","USD","1.00","USD","-"
"BPOP","POPULAR INC","Financials","Equity","1,829,533.80","0.01","1,829,533.80","19,238.00","95.10","United States","NASDAQ","USD","1.00","USD","-"
"MAT","MATTEL INC","Consumer Discretionary","Equity","1,827,212.53","0.01","1,827,212.53","88,829.00","20.57","United States","NASDAQ","USD","1.00","USD","-"
"BWA","BORGWARNER INC","Consumer Discretionary","Equity","1,825,600.98","0.01","1,825,600.98","62,542.00","29.19","United States","New York Stock Exchange Inc.","USD","1.00","USD","-"
"SNV","SYNOVUS FINANCIAL CORP","Financials","Equity","1,823,426.92","0.01","1,823,426.92","37,643.00","48.44","United States","New York Stock Exchange Inc.","USD","1.00","USD","-"
"AZEK","AZEK COMPANY INC CLASS A","Industrials","Equity","1,816,472.62","0.01","1,816,472.62","39,713.00","45.74","United States","New York Stock Exchange Inc.","USD","1.00","USD","-"
"EAT","BRINKER INTERNATIONAL INC","Consumer Discretionary","Equity","1,813,753.26","0.01","1,813,753.26","12,078.00","150.17","United States","New York Stock Exchange Inc.","USD","1.00","USD","-"
"FLS","FLOWSERVE CORP","Industrials","Equity","1,811,480.04","0.01","1,811,480.04","35,631.00","50.84","United States","New York Stock Exchange Inc.","USD","1.00","USD","-"
"WING","WINGSTOP INC","Consumer Discretionary","Equity","1,802,600.20","0.01","1,802,600.20","7,817.00","230.60","United States","NASDAQ","USD","1.00","USD","-"
"OLLI","OLLIES BARGAIN OUTLET HOLDINGS INC","Consumer Discretionary","Equity","1,795,569.82","0.01","1,795,569.82","17,039.00","105.38","United States","NASDAQ","USD","1.00","USD","-"
"CWST","CASELLA WASTE SYSTEMS INC CLASS A","Industrials","Equity","1,783,464.36","0.01","1,783,464.36","15,978.00","111.62","United States","NASDAQ","USD","1.00","USD","-"
"FAF","FIRST AMERICAN FINANCIAL CORP","Financials","Equity","1,781,425.50","0.01","1,781,425.50","27,619.00","64.50","United States","New York Stock Exchange Inc.","USD","1.00","USD","-"
"AUR","AURORA INNOVATION INC CLASS A","Information Technology","Equity","1,779,266.20","0.01","1,779,266.20","245,755.00","7.24","United States","NASDAQ","USD","1.00","USD","-"
"CART","MAPLEBEAR INC","Consumer Staples","Equity","1,777,995.66","0.01","1,777,995.66","46,074.00","38.59","United States","NASDAQ","USD","1.00","USD","-"
"PARA","PARAMOUNT GLOBAL CLASS B","Communication","Equity","1,762,641.40","0.01","1,762,641.40","153,140.00","11.51","United States","NASDAQ","USD","1.00","USD","-"
"RLI","RLI CORP","Financials","Equity","1,755,722.39","0.01","1,755,722.39","23,129.00","75.91","United States","New York Stock Exchange Inc.","USD","1.00","USD","-"
"CAVA","CAVA GROUP INC","Consumer Discretionary","Equity","1,753,072.56","0.01","1,753,072.56","20,206.00","86.76","United States","New York Stock Exchange Inc.","USD","1.00","USD","-"
"CZR","CAESARS ENTERTAINMENT INC","Consumer Discretionary","Equity","1,749,251.26","0.01","1,749,251.26","57,598.00","30.37","United States","NASDAQ","USD","1.00","USD","-"
"RVMD","REVOLUTION MEDICINES INC","Health Care","Equity","1,747,281.62","0.01","1,747,281.62","44,101.00","39.62","United States","NASDAQ","USD","1.00","USD","-"
"CRDO","CREDO TECHNOLOGY GROUP HOLDING LTD","Information Technology","Equity","1,744,804.74","0.01","1,744,804.74","37,338.00","46.73","United States","NASDAQ","USD","1.00","USD","-"
"COLD","AMERICOLD REALTY INC TRUST","Real Estate","Equity","1,743,089.40","0.01","1,743,089.40","76,284.00","22.85","United States","New York Stock Exchange Inc.","USD","1.00","USD","-"
"TRNO","TERRENO REALTY REIT CORP","Real Estate","Equity","1,739,009.50","0.01","1,739,009.50","25,387.00","68.50","United States","New York Stock Exchange Inc.","USD","1.00","USD","-"
"SPXC","SPX TECHNOLOGIES INC","Industrials","Equity","1,738,053.72","0.01","1,738,053.72","12,324.00","141.03","United States","New York Stock Exchange Inc.","USD","1.00","USD","-"
"UFPI","UFP INDUSTRIES INC","Industrials","Equity","1,738,157.68","0.01","1,738,157.68","16,373.00","106.16","United States","NASDAQ","USD","1.00","USD","-"
"TFX","TELEFLEX INC","Health Care","Equity","1,723,681.99","0.01","1,723,681.99","12,847.00","134.17","United States","New York Stock Exchange Inc.","USD","1.00","USD","-"
"OSK","OSHKOSH CORP","Industrials","Equity","1,722,189.28","0.01","1,722,189.28","17,932.00","96.04","United States","New York Stock Exchange Inc.","USD","1.00","USD","-"
"CHRD","CHORD ENERGY CORP","Energy","Equity","1,720,550.52","0.01","1,720,550.52","16,978.00","101.34","United States","NASDAQ","USD","1.00","USD","-"
"ALTR","ALTAIR ENGINEERING INC CLASS A","Information Technology","Equity","1,721,452.48","0.01","1,721,452.48","15,464.00","111.32","United States","NASDAQ","USD","1.00","USD","-"
"SN","SHARKNINJA INC","Consumer Discretionary","Equity","1,707,383.68","0.01","1,707,383.68","17,728.00","96.31","United States","New York Stock Exchange Inc.","USD","1.00","USD","-"
"SLM","SLM CORP","Financials","Equity","1,702,782.25","0.01","1,702,782.25","58,175.00","29.27","United States","NASDAQ","USD","1.00","USD","-"
"BMI","BADGER METER INC","Information Technology","Equity","1,701,827.46","0.01","1,701,827.46","8,097.00","210.18","United States","New York Stock Exchange Inc.","USD","1.00","USD","-"
"CROX","CROCS INC","Consumer Discretionary","Equity","1,700,232.20","0.01","1,700,232.20","16,372.00","103.85","United States","NASDAQ","USD","1.00","USD","-"
"WEX","WEX INC","Financials","Equity","1,694,909.79","0.01","1,694,909.79","10,971.00","154.49","United States","New York Stock Exchange Inc.","USD","1.00","USD","-"
"DBX","DROPBOX INC CLASS A","Information Technology","Equity","1,691,902.24","0.01","1,691,902.24","64,282.00","26.32","United States","NASDAQ","USD","1.00","USD","-"
"STWD","STARWOOD PROPERTY TRUST REIT INC","Financials","Equity","1,687,524.76","0.01","1,687,524.76","83,873.00","20.12","United States","New York Stock Exchange Inc.","USD","1.00","USD","-"
"FLR","FLUOR CORP","Industrials","Equity","1,681,745.74","0.01","1,681,745.74","45,379.00","37.06","United States","New York Stock Exchange Inc.","USD","1.00","USD","-"
"TREX","TREX INC","Industrials","Equity","1,677,594.96","0.01","1,677,594.96","28,584.00","58.69","United States","New York Stock Exchange Inc.","USD","1.00","USD","-"
"UHALB","U HAUL NON VOTING SERIES N","Industrials","Equity","1,669,745.74","0.01","1,669,745.74","26,806.00","62.29","United States","New York Stock Exchange Inc.","USD","1.00","USD","-"
"HR","HEALTHCARE REALTY TRUST INC CLASS","Real Estate","Equity","1,666,315.20","0.01","1,666,315.20","99,660.00","16.72","United States","New York Stock Exchange Inc.","USD","1.00","USD","-"
"TMHC","TAYLOR MORRISON HOME CORP","Consumer Discretionary","Equity","1,655,217.20","0.01","1,655,217.20","26,936.00","61.45","United States","New York Stock Exchange Inc.","USD","1.00","USD","-"
"BFB","BROWN FORMAN CORP CLASS B","Consumer Staples","Equity","1,650,969.27","0.01","1,650,969.27","45,873.00","35.99","United States","New York Stock Exchange Inc.","USD","1.00","USD","-"
"NXT","NEXTRACKER INC CLASS A","Industrials","Equity","1,647,671.60","0.01","1,647,671.60","38,497.00","42.80","United States","NASDAQ","USD","1.00","USD","-"
"IVZ","INVESCO LTD","Financials","Equity","1,647,334.26","0.01","1,647,334.26","100,386.00","16.41","United States","New York Stock Exchange Inc.","USD","1.00","USD","-"
"LNC","LINCOLN NATIONAL CORP","Financials","Equity","1,642,304.24","0.01","1,642,304.24","45,044.00","36.46","United States","New York Stock Exchange Inc.","USD","1.00","USD","-"
"MTG","MGIC INVESTMENT CORP","Financials","Equity","1,642,309.46","0.01","1,642,309.46","69,179.00","23.74","United States","New York Stock Exchange Inc.","USD","1.00","USD","-"
"ESNT","ESSENT GROUP LTD","Financials","Equity","1,638,834.71","0.01","1,638,834.71","29,333.00","55.87","United States","New York Stock Exchange Inc.","USD","1.00","USD","-"
"H","HYATT HOTELS CORP CLASS A","Consumer Discretionary","Equity","1,639,136.53","0.01","1,639,136.53","11,719.00","139.87","United States","New York Stock Exchange Inc.","USD","1.00","USD","-"
"MTSI","MACOM TECHNOLOGY SOLUTIONS INC","Information Technology","Equity","1,635,679.48","0.01","1,635,679.48","14,654.00","111.62","United States","NASDAQ","USD","1.00","USD","-"
"MMSI","MERIT MEDICAL SYSTEMS INC","Health Care","Equity","1,633,353.30","0.01","1,633,353.30","15,578.00","104.85","United States","NASDAQ","USD","1.00","USD","-"
"IDA","IDACORP INC","Utilities","Equity","1,631,613.17","0.01","1,631,613.17","14,359.00","113.63","United States","New York Stock Exchange Inc.","USD","1.00","USD","-"
"BSY","BENTLEY SYSTEMS INC CLASS B","Information Technology","Equity","1,628,296.53","0.01","1,628,296.53","37,527.00","43.39","United States","NASDAQ","USD","1.00","USD","-"
"MHK","MOHAWK INDUSTRIES INC","Consumer Discretionary","Equity","1,627,024.05","0.01","1,627,024.05","13,905.00","117.01","United States","New York Stock Exchange Inc.","USD","1.00","USD","-"
"BEN","FRANKLIN RESOURCES INC","Financials","Equity","1,624,291.50","0.01","1,624,291.50","80,610.00","20.15","United States","New York Stock Exchange Inc.","USD","1.00","USD","-"
"LPX","LOUISIANA PACIFIC CORP","Materials","Equity","1,622,580.24","0.01","1,622,580.24","16,872.00","96.17","United States","New York Stock Exchange Inc.","USD","1.00","USD","-"
"CE","CELANESE CORP","Materials","Equity","1,620,392.25","0.01","1,620,392.25","29,825.00","54.33","United States","New York Stock Exchange Inc.","USD","1.00","USD","-"
"JXN","JACKSON FINANCIAL INC CLASS A","Financials","Equity","1,620,979.74","0.01","1,620,979.74","18,498.00","87.63","United States","New York Stock Exchange Inc.","USD","1.00","USD","-"
"MDGL","MADRIGAL PHARMACEUTICALS INC","Health Care","Equity","1,619,713.92","0.01","1,619,713.92","4,664.00","347.28","United States","NASDAQ","USD","1.00","USD","-"
"RITM","RITHM CAPITAL CORP","Financials","Equity","1,608,690.18","0.01","1,608,690.18","136,099.00","11.82","United States","New York Stock Exchange Inc.","USD","1.00","USD","-"
"HLNE","HAMILTON LANE INC CLASS A","Financials","Equity","1,608,957.42","0.01","1,608,957.42","10,514.00","153.03","United States","NASDAQ","USD","1.00","USD","-"
"FOUR","SHIFT4 PAYMENTS INC CLASS A","Financials","Equity","1,604,830.17","0.01","1,604,830.17","16,959.00","94.63","United States","New York Stock Exchange Inc.","USD","1.00","USD","-"
"MTN","VAIL RESORTS INC","Consumer Discretionary","Equity","1,605,126.51","0.01","1,605,126.51","10,179.00","157.69","United States","New York Stock Exchange Inc.","USD","1.00","USD","-"
"FCN","FTI CONSULTING INC","Industrials","Equity","1,599,780.01","0.01","1,599,780.01","9,421.00","169.81","United States","New York Stock Exchange Inc.","USD","1.00","USD","-"
"THG","HANOVER INSURANCE GROUP INC","Financials","Equity","1,600,680.16","0.01","1,600,680.16","9,448.00","169.42","United States","New York Stock Exchange Inc.","USD","1.00","USD","-"
"GLOB","GLOBANT SA","Information Technology","Equity","1,599,087.55","0.01","1,599,087.55","10,919.00","146.45","United States","New York Stock Exchange Inc.","USD","1.00","USD","-"
"RMBS","RAMBUS INC","Information Technology","Equity","1,582,137.70","0.01","1,582,137.70","29,326.00","53.95","United States","NASDAQ","USD","1.00","USD","-"
"RHI","ROBERT HALF","Industrials","Equity","1,575,667.20","0.01","1,575,667.20","28,416.00","55.45","United States","New York Stock Exchange Inc.","USD","1.00","USD","-"
"LRN","STRIDE INC","Consumer Discretionary","Equity","1,575,800.82","0.01","1,575,800.82","11,187.00","140.86","United States","New York Stock Exchange Inc.","USD","1.00","USD","-"
"ALTM","ARCADIUM LITHIUM PLC","Materials","Equity","1,569,640.16","0.01","1,569,640.16","268,774.00","5.84","United States","New York Stock Exchange Inc.","USD","1.00","USD","-"
"XP","XP CLASS A INC","Financials","Equity","1,567,794.90","0.01","1,567,794.90","109,254.00","14.35","Brazil","NASDAQ","USD","1.00","USD","-"
"KEX","KIRBY CORP","Industrials","Equity","1,565,775.75","0.01","1,565,775.75","15,697.00","99.75","United States","New York Stock Exchange Inc.","USD","1.00","USD","-"
"GNTX","GENTEX CORP","Consumer Discretionary","Equity","1,548,401.04","0.01","1,548,401.04","62,892.00","24.62","United States","NASDAQ","USD","1.00","USD","-"
"MSA","MSA SAFETY INC","Industrials","Equity","1,541,253.00","0.01","1,541,253.00","9,660.00","159.55","United States","New York Stock Exchange Inc.","USD","1.00","USD","-"
"ETSY","ETSY INC","Consumer Discretionary","Equity","1,535,400.00","0.01","1,535,400.00","30,708.00","50.00","United States","NASDAQ","USD","1.00","USD","-"
"OPCH","OPTION CARE HEALTH INC","Health Care","Equity","1,532,191.80","0.01","1,532,191.80","44,283.00","34.60","United States","NASDAQ","USD","1.00","USD","-"
"ARW","ARROW ELECTRONICS INC","Information Technology","Equity","1,523,803.05","0.01","1,523,803.05","14,385.00","105.93","United States","New York Stock Exchange Inc.","USD","1.00","USD","-"
"POST","POST HOLDINGS INC","Consumer Staples","Equity","1,524,209.46","0.01","1,524,209.46","13,402.00","113.73","United States","New York Stock Exchange Inc.","USD","1.00","USD","-"
"BPMC","BLUEPRINT MEDICINES CORP","Health Care","Equity","1,523,064.96","0.01","1,523,064.96","16,938.00","89.92","United States","NASDAQ","USD","1.00","USD","-"
"SITE","SITEONE LANDSCAPE SUPPLY INC","Industrials","Equity","1,523,321.94","0.01","1,523,321.94","12,271.00","124.14","United States","New York Stock Exchange Inc.","USD","1.00","USD","-"
"HOMB","HOME BANCSHARES INC","Financials","Equity","1,521,602.28","0.01","1,521,602.28","52,596.00","28.93","United States","New York Stock Exchange Inc.","USD","1.00","USD","-"
"MKSI","MKS INSTRUMENTS INC","Information Technology","Equity","1,518,184.46","0.01","1,518,184.46","17,641.00","86.06","United States","NASDAQ","USD","1.00","USD","-"
"AM","ANTERO MIDSTREAM CORP","Energy","Equity","1,516,161.18","0.01","1,516,161.18","89,291.00","16.98","United States","New York Stock Exchange Inc.","USD","1.00","USD","-"
"CRUS","CIRRUS LOGIC INC","Information Technology","Equity","1,514,770.47","0.01","1,514,770.47","14,373.00","105.39","United States","NASDAQ","USD","1.00","USD","-"
"SKY","CHAMPION HOMES INC","Consumer Discretionary","Equity","1,510,627.56","0.01","1,510,627.56","15,132.00","99.83","United States","New York Stock Exchange Inc.","USD","1.00","USD","-"
"MTDR","MATADOR RESOURCES","Energy","Equity","1,505,742.48","0.01","1,505,742.48","32,934.00","45.72","United States","New York Stock Exchange Inc.","USD","1.00","USD","-"
"NOV","NOV INC","Energy","Equity","1,504,087.76","0.01","1,504,087.76","105,476.00","14.26","United States","New York Stock Exchange Inc.","USD","1.00","USD","-"
"GPI","GROUP AUTOMOTIVE INC","Consumer Discretionary","Equity","1,504,539.40","0.01","1,504,539.40","3,380.00","445.13","United States","New York Stock Exchange Inc.","USD","1.00","USD","-"
"ALKS","ALKERMES","Health Care","Equity","1,502,469.36","0.01","1,502,469.36","42,587.00","35.28","United States","NASDAQ","USD","1.00","USD","-"
"LEA","LEAR CORP","Consumer Discretionary","Equity","1,503,124.92","0.01","1,503,124.92","15,972.00","94.11","United States","New York Stock Exchange Inc.","USD","1.00","USD","-"
"AGCO","AGCO CORP","Industrials","Equity","1,501,545.68","0.01","1,501,545.68","16,396.00","91.58","United States","New York Stock Exchange Inc.","USD","1.00","USD","-"
"CMC","COMMERCIAL METALS","Materials","Equity","1,500,711.48","0.01","1,500,711.48","31,788.00","47.21","United States","New York Stock Exchange Inc.","USD","1.00","USD","-"
"SNDK","SANDISK CORP","Information Technology","Equity","1,499,177.10","0.01","1,499,177.10","30,930.00","48.47","United States","NASDAQ","USD","1.00","USD","-"
"WSC","WILLSCOT HOLDINGS CORP CLASS A","Industrials","Equity","1,496,820.00","0.01","1,496,820.00","49,400.00","30.30","United States","NASDAQ","USD","1.00","USD","-"
"VNT","VONTIER CORP","Information Technology","Equity","1,497,220.08","0.01","1,497,220.08","42,888.00","34.91","United States","New York Stock Exchange Inc.","USD","1.00","USD","-"
"ACIW","ACI WORLDWIDE INC","Information Technology","Equity","1,497,817.00","0.01","1,497,817.00","27,635.00","54.20","United States","NASDAQ","USD","1.00","USD","-"
"ESI","ELEMENT SOLUTIONS INC","Materials","Equity","1,493,466.56","0.01","1,493,466.56","59,077.00","25.28","United States","New York Stock Exchange Inc.","USD","1.00","USD","-"
"RHP","RYMAN HOSPITALITY PROPERTIES REIT","Real Estate","Equity","1,494,243.98","0.01","1,494,243.98","15,523.00","96.26","United States","New York Stock Exchange Inc.","USD","1.00","USD","-"
"GKOS","GLAUKOS CORP","Health Care","Equity","1,491,644.48","0.01","1,491,644.48","13,304.00","112.12","United States","New York Stock Exchange Inc.","USD","1.00","USD","-"
"EPRT","ESSENTIAL PROPERTIES REALTY TRUST","Real Estate","Equity","1,487,399.42","0.01","1,487,399.42","46,322.00","32.11","United States","New York Stock Exchange Inc.","USD","1.00","USD","-"
"OMF","ONEMAIN HOLDINGS INC","Financials","Equity","1,486,104.78","0.01","1,486,104.78","29,586.00","50.23","United States","New York Stock Exchange Inc.","USD","1.00","USD","-"
"S","SENTINELONE INC CLASS A","Information Technology","Equity","1,484,851.90","0.01","1,484,851.90","73,910.00","20.09","United States","New York Stock Exchange Inc.","USD","1.00","USD","-"
"CWAN","CLEARWATER ANALYTICS HOLDINGS INC","Information Technology","Equity","1,483,493.22","0.01","1,483,493.22","48,338.00","30.69","United States","New York Stock Exchange Inc.","USD","1.00","USD","-"
"PRMB","PRIMO BRANDS CLASS A CORP","Consumer Staples","Equity","1,480,170.57","0.01","1,480,170.57","44,949.00","32.93","United States","New York Stock Exchange Inc.","USD","1.00","USD","-"
"WTS","WATTS WATER TECHNOLOGIES INC CLASS","Industrials","Equity","1,471,512.80","0.01","1,471,512.80","7,034.00","209.20","United States","New York Stock Exchange Inc.","USD","1.00","USD","-"
"MTH","MERITAGE CORP","Consumer Discretionary","Equity","1,467,902.08","0.01","1,467,902.08","19,648.00","74.71","United States","New York Stock Exchange Inc.","USD","1.00","USD","-"
"LOPE","GRAND CANYON EDUCATION INC","Consumer Discretionary","Equity","1,462,118.00","0.01","1,462,118.00","8,078.00","181.00","United States","NASDAQ","USD","1.00","USD","-"
"GBCI","GLACIER BANCORP INC","Financials","Equity","1,461,110.05","0.01","1,461,110.05","31,715.00","46.07","United States","New York Stock Exchange Inc.","USD","1.00","USD","-"
"CHX","CHAMPIONX CORP","Energy","Equity","1,459,261.62","0.01","1,459,261.62","51,637.00","28.26","United States","NASDAQ","USD","1.00","USD","-"
"CGNX","COGNEX CORP","Information Technology","Equity","1,459,549.47","0.01","1,459,549.47","45,483.00","32.09","United States","NASDAQ","USD","1.00","USD","-"
"GATX","GATX CORP","Industrials","Equity","1,443,591.38","0.01","1,443,591.38","9,053.00","159.46","United States","New York Stock Exchange Inc.","USD","1.00","USD","-"
"AAON","AAON INC","Industrials","Equity","1,442,307.88","0.01","1,442,307.88","17,602.00","81.94","United States","NASDAQ","USD","1.00","USD","-"
"PATH","UIPATH INC CLASS A","Information Technology","Equity","1,441,242.49","0.01","1,441,242.49","119,407.00","12.07","United States","New York Stock Exchange Inc.","USD","1.00","USD","-"
"LSTR","LANDSTAR SYSTEM INC","Industrials","Equity","1,430,174.16","0.01","1,430,174.16","9,252.00","154.58","United States","NASDAQ","USD","1.00","USD","-"
"BCPC","BALCHEM CORP","Materials","Equity","1,426,314.11","0.01","1,426,314.11","8,177.00","174.43","United States","NASDAQ","USD","1.00","USD","-"
"DAR","DARLING INGREDIENTS INC","Consumer Staples","Equity","1,424,195.74","0.01","1,424,195.74","42,526.00","33.49","United States","New York Stock Exchange Inc.","USD","1.00","USD","-"
"SIGI","SELECTIVE INSURANCE GROUP INC","Financials","Equity","1,424,760.16","0.01","1,424,760.16","16,754.00","85.04","United States","NASDAQ","USD","1.00","USD","-"
"IONS","IONIS PHARMACEUTICALS INC","Health Care","Equity","1,417,027.50","0.01","1,417,027.50","41,986.00","33.75","United States","NASDAQ","USD","1.00","USD","-"
"ABG","ASBURY AUTOMOTIVE GROUP INC","Consumer Discretionary","Equity","1,415,307.60","0.01","1,415,307.60","5,432.00","260.55","United States","New York Stock Exchange Inc.","USD","1.00","USD","-"
"ELAN","ELANCO ANIMAL HEALTH INC","Health Care","Equity","1,413,613.95","0.01","1,413,613.95","130,287.00","10.85","United States","New York Stock Exchange Inc.","USD","1.00","USD","-"
"LAZ","LAZARD INC","Financials","Equity","1,407,907.05","0.01","1,407,907.05","29,095.00","48.39","United States","New York Stock Exchange Inc.","USD","1.00","USD","-"
"NOVT","NOVANTA INC","Information Technology","Equity","1,403,444.79","0.01","1,403,444.79","9,837.00","142.67","United States","NASDAQ","USD","1.00","USD","-"
"JHG","JANUS HENDERSON GROUP PLC","Financials","Equity","1,396,883.83","0.01","1,396,883.83","34,757.00","40.19","United States","New York Stock Exchange Inc.","USD","1.00","USD","-"
"HXL","HEXCEL CORP","Industrials","Equity","1,395,052.47","0.01","1,395,052.47","23,247.00","60.01","United States","New York Stock Exchange Inc.","USD","1.00","USD","-"
"KNF","KNIFE RIVER CORP","Materials","Equity","1,394,603.73","0.01","1,394,603.73","15,327.00","90.99","United States","New York Stock Exchange Inc.","USD","1.00","USD","-"
"SAIC","SCIENCE APPLICATIONS INTERNATIONAL","Industrials","Equity","1,392,073.32","0.01","1,392,073.32","13,564.00","102.63","United States","NASDAQ","USD","1.00","USD","-"
"NXST","NEXSTAR MEDIA GROUP INC","Communication","Equity","1,391,814.15","0.01","1,391,814.15","8,205.00","169.63","United States","NASDAQ","USD","1.00","USD","-"
"LUMN","LUMEN TECHNOLOGIES INC","Communication","Equity","1,389,288.72","0.01","1,389,288.72","269,242.00","5.16","United States","New York Stock Exchange Inc.","USD","1.00","USD","-"
"AMG","AFFILIATED MANAGERS GROUP INC","Financials","Equity","1,389,562.20","0.01","1,389,562.20","8,385.00","165.72","United States","New York Stock Exchange Inc.","USD","1.00","USD","-"
"COLB","COLUMBIA BANKING SYSTEM INC","Financials","Equity","1,379,508.50","0.01","1,379,508.50","54,634.00","25.25","United States","NASDAQ","USD","1.00","USD","-"
"BRKR","BRUKER CORP","Health Care","Equity","1,376,196.94","0.01","1,376,196.94","29,362.00","46.87","United States","NASDAQ","USD","1.00","USD","-"
"LFUS","LITTELFUSE INC","Information Technology","Equity","1,373,996.16","0.01","1,373,996.16","6,312.00","217.68","United States","NASDAQ","USD","1.00","USD","-"
"IIIN","INSTEEL INDUSTRIES INC","Industrials","Equity","1,370,566.11","0.01","1,370,566.11","51,739.00","26.49","United States","New York Stock Exchange Inc.","USD","1.00","USD","-"
"FSS","FEDERAL SIGNAL CORP","Industrials","Equity","1,364,695.19","0.01","1,364,695.19","16,871.00","80.89","United States","New York Stock Exchange Inc.","USD","1.00","USD","-"
"INSP","INSPIRE MEDICAL SYSTEMS INC","Health Care","Equity","1,361,849.80","0.01","1,361,849.80","7,729.00","176.20","United States","New York Stock Exchange Inc.","USD","1.00","USD","-"
"APPF","APPFOLIO INC CLASS A","Information Technology","Equity","1,355,914.38","0.01","1,355,914.38","6,054.00","223.97","United States","NASDAQ","USD","1.00","USD","-"
"BIO","BIO RAD LABORATORIES INC CLASS A","Health Care","Equity","1,344,916.44","0.01","1,344,916.44","5,166.00","260.34","United States","New York Stock Exchange Inc.","USD","1.00","USD","-"
"BBIO","BRIDGEBIO PHARMA INC","Health Care","Equity","1,342,183.57","0.01","1,342,183.57","38,381.00","34.97","United States","NASDAQ","USD","1.00","USD","-"
"CSWI","CSW INDUSTRIALS INC","Industrials","Equity","1,342,395.12","0.01","1,342,395.12","4,412.00","304.26","United States","NASDAQ","USD","1.00","USD","-"
"OZK","BANK OZK","Financials","Equity","1,342,409.25","0.01","1,342,409.25","29,575.00","45.39","United States","NASDAQ","USD","1.00","USD","-"
"SIRI","SIRIUSXM HOLDINGS INC","Communication","Equity","1,342,438.47","0.01","1,342,438.47","57,789.00","23.23","United States","NASDAQ","USD","1.00","USD","-"
"DINO","HF SINCLAIR CORP","Energy","Equity","1,338,108.60","0.01","1,338,108.60","43,026.00","31.10","United States","New York Stock Exchange Inc.","USD","1.00","USD","-"
"ZWS","ZURN ELKAY WATER SOLUTIONS CORP","Industrials","Equity","1,337,455.29","0.01","1,337,455.29","39,027.00","34.27","United States","New York Stock Exchange Inc.","USD","1.00","USD","-"
"BILL","BILL HOLDINGS INC","Information Technology","Equity","1,335,423.84","0.01","1,335,423.84","27,011.00","49.44","United States","New York Stock Exchange Inc.","USD","1.00","USD","-"
"IDCC","INTERDIGITAL INC","Information Technology","Equity","1,334,250.95","0.01","1,334,250.95","6,535.00","204.17","United States","NASDAQ","USD","1.00","USD","-"
"AL","AIR LEASE CORP CLASS A","Industrials","Equity","1,332,029.00","0.01","1,332,029.00","28,450.00","46.82","United States","New York Stock Exchange Inc.","USD","1.00","USD","-"
"QTWO","Q2 HOLDINGS INC","Information Technology","Equity","1,320,228.49","0.01","1,320,228.49","16,273.00","81.13","United States","New York Stock Exchange Inc.","USD","1.00","USD","-"
"QLYS","QUALYS INC","Information Technology","Equity","1,318,700.78","0.01","1,318,700.78","10,019.00","131.62","United States","NASDAQ","USD","1.00","USD","-"
"SPSC","SPS COMMERCE INC","Information Technology","Equity","1,317,690.18","0.01","1,317,690.18","9,846.00","133.83","United States","NASDAQ","USD","1.00","USD","-"
"CTRE","CARETRUST REIT INC","Real Estate","Equity","1,313,676.92","0.01","1,313,676.92","49,498.00","26.54","United States","New York Stock Exchange Inc.","USD","1.00","USD","-"
"FNB","FNB CORP","Financials","Equity","1,313,936.55","0.01","1,313,936.55","94,189.00","13.95","United States","New York Stock Exchange Inc.","USD","1.00","USD","-"
"CLF","CLEVELAND CLIFFS INC","Materials","Equity","1,314,366.52","0.01","1,314,366.52","130,913.00","10.04","United States","New York Stock Exchange Inc.","USD","1.00","USD","-"
"WHR","WHIRLPOOL CORP","Consumer Discretionary","Equity","1,310,876.12","0.01","1,310,876.12","14,314.00","91.58","United States","New York Stock Exchange Inc.","USD","1.00","USD","-"
"FMC","FMC CORP","Materials","Equity","1,306,031.70","0.01","1,306,031.70","33,106.00","39.45","United States","New York Stock Exchange Inc.","USD","1.00","USD","-"
"CYTK","CYTOKINETICS INC","Health Care","Equity","1,302,490.04","0.01","1,302,490.04","29,683.00","43.88","United States","NASDAQ","USD","1.00","USD","-"
"MATX","MATSON INC","Industrials","Equity","1,292,195.01","0.01","1,292,195.01","9,393.00","137.57","United States","New York Stock Exchange Inc.","USD","1.00","USD","-"
"GTES","GATES INDUSTRIAL PLC","Industrials","Equity","1,292,322.24","0.01","1,292,322.24","63,536.00","20.34","United States","New York Stock Exchange Inc.","USD","1.00","USD","-"
"CUZ","COUSINS PROPERTIES REIT INC","Real Estate","Equity","1,287,270.28","0.01","1,287,270.28","43,226.00","29.78","United States","New York Stock Exchange Inc.","USD","1.00","USD","-"
"CORT","CORCEPT THERAPEUTICS INC","Health Care","Equity","1,280,487.24","0.01","1,280,487.24","23,076.00","55.49","United States","NASDAQ","USD","1.00","USD","-"
"DLB","DOLBY LABORATORIES INC CLASS A","Information Technology","Equity","1,277,552.40","0.01","1,277,552.40","15,542.00","82.20","United States","New York Stock Exchange Inc.","USD","1.00","USD","-"
"NJR","NEW JERSEY RESOURCES CORP","Utilities","Equity","1,277,994.85","0.01","1,277,994.85","26,465.00","48.29","United States","New York Stock Exchange Inc.","USD","1.00","USD","-"
"MOGA","MOOG INC CLASS A","Industrials","Equity","1,276,660.00","0.01","1,276,660.00","7,700.00","165.80","United States","New York Stock Exchange Inc.","USD","1.00","USD","-"
"CVCO","CAVCO INDUSTRIES INC","Consumer Discretionary","Equity","1,274,236.80","0.01","1,274,236.80","2,388.00","533.60","United States","NASDAQ","USD","1.00","USD","-"
"SWX","SOUTHWEST GAS HOLDINGS INC","Utilities","Equity","1,274,326.45","0.01","1,274,326.45","17,209.00","74.05","United States","New York Stock Exchange Inc.","USD","1.00","USD","-"
"AGO","ASSURED GUARANTY LTD","Financials","Equity","1,275,044.16","0.01","1,275,044.16","14,703.00","86.72","United States","New York Stock Exchange Inc.","USD","1.00","USD","-"
"HWC","HANCOCK WHITNEY CORP","Financials","Equity","1,271,164.44","0.01","1,271,164.44","23,676.00","53.69","United States","NASDAQ","USD","1.00","USD","-"
"VRNS","VARONIS SYSTEMS INC","Information Technology","Equity","1,269,579.63","0.01","1,269,579.63","30,293.00","41.91","United States","NASDAQ","USD","1.00","USD","-"
"TKR","TIMKEN","Industrials","Equity","1,268,470.53","0.01","1,268,470.53","16,719.00","75.87","United States","New York Stock Exchange Inc.","USD","1.00","USD","-"
"UBSI","UNITED BANKSHARES INC","Financials","Equity","1,268,735.63","0.01","1,268,735.63","35,911.00","35.33","United States","NASDAQ","USD","1.00","USD","-"
"FFIN","FIRST FINANCIAL BANKSHARES INC","Financials","Equity","1,265,367.48","0.01","1,265,367.48","34,554.00","36.62","United States","NASDAQ","USD","1.00","USD","-"
"ITRI","ITRON INC","Information Technology","Equity","1,265,894.34","0.01","1,265,894.34","11,833.00","106.98","United States","NASDAQ","USD","1.00","USD","-"
"KRG","KITE REALTY GROUP TRUST REIT","Real Estate","Equity","1,260,440.20","0.01","1,260,440.20","55,526.00","22.70","United States","New York Stock Exchange Inc.","USD","1.00","USD","-"
"RDN","RADIAN GROUP INC","Financials","Equity","1,258,013.60","0.01","1,258,013.60","39,610.00","31.76","United States","New York Stock Exchange Inc.","USD","1.00","USD","-"
"CCCS","CCC INTELLIGENT SOLUTIONS HOLDINGS","Information Technology","Equity","1,258,769.16","0.01","1,258,769.16","129,503.00","9.72","United States","NASDAQ","USD","1.00","USD","-"
"TGTX","TG THERAPEUTICS INC","Health Care","Equity","1,256,938.00","0.01","1,256,938.00","35,800.00","35.11","United States","NASDAQ","USD","1.00","USD","-"
"FIVE","FIVE BELOW INC","Consumer Discretionary","Equity","1,253,857.50","0.01","1,253,857.50","14,665.00","85.50","United States","NASDAQ","USD","1.00","USD","-"
"BE","BLOOM ENERGY CLASS A CORP","Industrials","Equity","1,252,406.88","0.01","1,252,406.88","51,924.00","24.12","United States","New York Stock Exchange Inc.","USD","1.00","USD","-"
"AXSM","AXSOME THERAPEUTICS INC","Health Care","Equity","1,250,624.70","0.01","1,250,624.70","9,997.00","125.10","United States","NASDAQ","USD","1.00","USD","-"
"GH","GUARDANT HEALTH INC","Health Care","Equity","1,246,866.48","0.01","1,246,866.48","29,228.00","42.66","United States","NASDAQ","USD","1.00","USD","-"
"BYD","BOYD GAMING CORP","Consumer Discretionary","Equity","1,247,419.40","0.01","1,247,419.40","17,018.00","73.30","United States","New York Stock Exchange Inc.","USD","1.00","USD","-"
"IRT","INDEPENDENCE REALTY INC TRUST","Real Estate","Equity","1,245,235.20","0.01","1,245,235.20","58,080.00","21.44","United States","New York Stock Exchange Inc.","USD","1.00","USD","-"
"BIPC","BROOKFIELD INFRASTRUCTURE CORP CLA","Utilities","Equity","1,240,694.91","0.01","1,240,694.91","31,707.00","39.13","Canada","New York Stock Exchange Inc.","USD","1.00","USD","-"
"PECO","PHILLIPS EDISON AND COMPANY INC","Real Estate","Equity","1,237,690.81","0.01","1,237,690.81","33,697.00","36.73","United States","NASDAQ","USD","1.00","USD","-"
"KAI","KADANT INC","Industrials","Equity","1,231,237.53","0.01","1,231,237.53","3,331.00","369.63","United States","New York Stock Exchange Inc.","USD","1.00","USD","-"
"AHR","AMERICAN HEALTHCARE REIT INC","Real Estate","Equity","1,231,453.30","0.01","1,231,453.30","40,535.00","30.38","United States","New York Stock Exchange Inc.","USD","1.00","USD","-"
"ROIV","ROIVANT SCIENCES LTD","Health Care","Equity","1,224,133.50","0.01","1,224,133.50","114,405.00","10.70","United States","NASDAQ","USD","1.00","USD","-"
"CELH","CELSIUS HOLDINGS INC","Consumer Staples","Equity","1,215,210.12","0.01","1,215,210.12","47,156.00","25.77","United States","NASDAQ","USD","1.00","USD","-"
"BOX","BOX INC CLASS A","Information Technology","Equity","1,215,434.75","0.01","1,215,434.75","37,525.00","32.39","United States","New York Stock Exchange Inc.","USD","1.00","USD","-"
"VVV","VALVOLINE INC","Consumer Discretionary","Equity","1,215,005.98","0.01","1,215,005.98","34,187.00","35.54","United States","New York Stock Exchange Inc.","USD","1.00","USD","-"
"UPST","UPSTART HOLDINGS INC","Financials","Equity","1,212,623.62","0.01","1,212,623.62","20,234.00","59.93","United States","NASDAQ","USD","1.00","USD","-"
"TENB","TENABLE HOLDINGS INC","Information Technology","Equity","1,211,080.96","0.01","1,211,080.96","31,424.00","38.54","United States","NASDAQ","USD","1.00","USD","-"
"WTM","WHITE MOUNTAINS INSURANCE GROUP LT","Financials","Equity","1,209,068.80","0.01","1,209,068.80","652.00","1,854.40","United States","New York Stock Exchange Inc.","USD","1.00","USD","-"
"RH","RH","Consumer Discretionary","Equity","1,210,315.88","0.01","1,210,315.88","4,181.00","289.48","United States","New York Stock Exchange Inc.","USD","1.00","USD","-"
"SEE","SEALED AIR CORP","Materials","Equity","1,210,367.58","0.01","1,210,367.58","38,026.00","31.83","United States","New York Stock Exchange Inc.","USD","1.00","USD","-"
"SR","SPIRE INC","Utilities","Equity","1,208,202.40","0.01","1,208,202.40","15,740.00","76.76","United States","New York Stock Exchange Inc.","USD","1.00","USD","-"
"SON","SONOCO PRODUCTS","Materials","Equity","1,206,606.78","0.01","1,206,606.78","26,134.00","46.17","United States","New York Stock Exchange Inc.","USD","1.00","USD","-"
"EEFT","EURONET WORLDWIDE INC","Financials","Equity","1,205,488.71","0.01","1,205,488.71","12,429.00","96.99","United States","NASDAQ","USD","1.00","USD","-"
"AN","AUTONATION INC","Consumer Discretionary","Equity","1,202,491.95","0.01","1,202,491.95","6,897.00","174.35","United States","New York Stock Exchange Inc.","USD","1.00","USD","-"
"ANF","ABERCROMBIE AND FITCH CLASS A","Consumer Discretionary","Equity","1,198,627.43","0.01","1,198,627.43","13,741.00","87.23","United States","New York Stock Exchange Inc.","USD","1.00","USD","-"
"AVT","AVNET INC","Information Technology","Equity","1,199,563.24","0.01","1,199,563.24","24,436.00","49.09","United States","NASDAQ","USD","1.00","USD","-"
"GXO","GXO LOGISTICS INC","Industrials","Equity","1,197,074.32","0.01","1,197,074.32","31,109.00","38.48","United States","New York Stock Exchange Inc.","USD","1.00","USD","-"
"KRYS","KRYSTAL BIOTECH INC","Health Care","Equity","1,197,579.06","0.01","1,197,579.06","6,651.00","180.06","United States","NASDAQ","USD","1.00","USD","-"
"SFBS","SERVISFIRST BANCSHARES INC","Financials","Equity","1,195,977.31","0.01","1,195,977.31","13,673.00","87.47","United States","New York Stock Exchange Inc.","USD","1.00","USD","-"
"IONQ","IONQ INC","Information Technology","Equity","1,194,094.58","0.01","1,194,094.58","52,766.00","22.63","United States","New York Stock Exchange Inc.","USD","1.00","USD","-"
"CADE","CADENCE BANK","Financials","Equity","1,192,673.70","0.01","1,192,673.70","38,190.00","31.23","United States","New York Stock Exchange Inc.","USD","1.00","USD","-"
"FELE","FRANKLIN ELECTRIC INC","Industrials","Equity","1,192,219.50","0.01","1,192,219.50","11,810.00","100.95","United States","NASDAQ","USD","1.00","USD","-"
"BDC","BELDEN INC","Information Technology","Equity","1,189,648.15","0.01","1,189,648.15","11,239.00","105.85","United States","New York Stock Exchange Inc.","USD","1.00","USD","-"
"VNOM","VIPER ENERGY INC CLASS A","Energy","Equity","1,189,753.36","0.01","1,189,753.36","27,688.00","42.97","United States","NASDAQ","USD","1.00","USD","-"
"POR","PORTLAND GENERAL ELECTRIC","Utilities","Equity","1,180,295.40","0.01","1,180,295.40","26,886.00","43.90","United States","New York Stock Exchange Inc.","USD","1.00","USD","-"
"PIPR","PIPER SANDLER COMPANIES","Financials","Equity","1,175,886.66","0.01","1,175,886.66","4,458.00","263.77","United States","New York Stock Exchange Inc.","USD","1.00","USD","-"
"CBT","CABOT CORP","Materials","Equity","1,173,342.32","0.01","1,173,342.32","14,152.00","82.91","United States","New York Stock Exchange Inc.","USD","1.00","USD","-"
"FRPT","FRESHPET INC","Consumer Staples","Equity","1,171,355.64","0.01","1,171,355.64","12,194.00","96.06","United States","NASDAQ","USD","1.00","USD","-"
"WK","WORKIVA INC CLASS A","Information Technology","Equity","1,169,782.38","0.01","1,169,782.38","13,098.00","89.31","United States","New York Stock Exchange Inc.","USD","1.00","USD","-"
"LITE","LUMENTUM HOLDINGS INC","Information Technology","Equity","1,170,436.54","0.01","1,170,436.54","17,381.00","67.34","United States","NASDAQ","USD","1.00","USD","-"
"CNX","CNX RESOURCES CORP","Energy","Equity","1,168,469.82","0.01","1,168,469.82","39,462.00","29.61","United States","New York Stock Exchange Inc.","USD","1.00","USD","-"
"PBH","PRESTIGE CONSUMER HEALTHCARE INC","Health Care","Equity","1,168,853.52","0.01","1,168,853.52","13,674.00","85.48","United States","New York Stock Exchange Inc.","USD","1.00","USD","-"
"TPG","TPG INC CLASS A","Financials","Equity","1,166,548.50","0.01","1,166,548.50","22,950.00","50.83","United States","NASDAQ","USD","1.00","USD","-"
"SLG","SL GREEN REALTY REIT CORP","Real Estate","Equity","1,159,497.99","0.01","1,159,497.99","18,753.00","61.83","United States","New York Stock Exchange Inc.","USD","1.00","USD","-"
"ENS","ENERSYS","Industrials","Equity","1,155,882.50","0.01","1,155,882.50","11,530.00","100.25","United States","New York Stock Exchange Inc.","USD","1.00","USD","-"
"LYFT","LYFT INC CLASS A","Industrials","Equity","1,154,003.76","0.01","1,154,003.76","93,366.00","12.36","United States","NASDAQ","USD","1.00","USD","-"
"SLAB","SILICON LABORATORIES INC","Information Technology","Equity","1,148,484.96","0.01","1,148,484.96","8,388.00","136.92","United States","NASDAQ","USD","1.00","USD","-"
"ADMA","ADMA BIOLOGICS INC","Health Care","Equity","1,145,540.24","0.01","1,145,540.24","64,793.00","17.68","United States","NASDAQ","USD","1.00","USD","-"
"SLGN","SILGAN HOLDINGS INC","Materials","Equity","1,145,988.70","0.01","1,145,988.70","22,102.00","51.85","United States","New York Stock Exchange Inc.","USD","1.00","USD","-"
"MWA","MUELLER WATER PRODUCTS INC SERIES","Industrials","Equity","1,145,995.29","0.01","1,145,995.29","45,639.00","25.11","United States","New York Stock Exchange Inc.","USD","1.00","USD","-"
"VLY","VALLEY NATIONAL","Financials","Equity","1,146,228.00","0.01","1,146,228.00","124,590.00","9.20","United States","NASDAQ","USD","1.00","USD","-"
"MAC","MACERICH REIT","Real Estate","Equity","1,145,491.31","0.01","1,145,491.31","63,043.00","18.17","United States","New York Stock Exchange Inc.","USD","1.00","USD","-"
"NSIT","INSIGHT ENTERPRISES INC","Information Technology","Equity","1,141,678.88","0.01","1,141,678.88","7,379.00","154.72","United States","NASDAQ","USD","1.00","USD","-"
"KTOS","KRATOS DEFENSE AND SECURITY SOLUTI","Industrials","Equity","1,137,206.52","0.01","1,137,206.52","40,892.00","27.81","United States","NASDAQ","USD","1.00","USD","-"
"JBTM","JBT MAREL CORP","Industrials","Equity","1,136,370.24","0.01","1,136,370.24","8,664.00","131.16","United States","New York Stock Exchange Inc.","USD","1.00","USD","-"
"MOD","MODINE MANUFACTURING","Consumer Discretionary","Equity","1,134,594.15","0.01","1,134,594.15","14,295.00","79.37","United States","New York Stock Exchange Inc.","USD","1.00","USD","-"
"KBH","KB HOME","Consumer Discretionary","Equity","1,127,118.30","0.01","1,127,118.30","18,194.00","61.95","United States","New York Stock Exchange Inc.","USD","1.00","USD","-"
"EXPO","EXPONENT INC","Industrials","Equity","1,125,247.47","0.01","1,125,247.47","13,439.00","83.73","United States","NASDAQ","USD","1.00","USD","-"
"CNO","CNO FINANCIAL GROUP INC","Financials","Equity","1,123,568.46","0.01","1,123,568.46","27,579.00","40.74","United States","New York Stock Exchange Inc.","USD","1.00","USD","-"
"ORA","ORMAT TECH INC","Utilities","Equity","1,124,302.48","0.01","1,124,302.48","16,184.00","69.47","United States","New York Stock Exchange Inc.","USD","1.00","USD","-"
"TXNM","TXNM ENERGY INC","Utilities","Equity","1,124,321.85","0.01","1,124,321.85","22,455.00","50.07","United States","New York Stock Exchange Inc.","USD","1.00","USD","-"
"MMS","MAXIMUS INC","Industrials","Equity","1,120,504.00","0.01","1,120,504.00","16,478.00","68.00","United States","New York Stock Exchange Inc.","USD","1.00","USD","-"
"ITGR","INTEGER HOLDINGS CORP","Health Care","Equity","1,119,788.52","0.01","1,119,788.52","9,124.00","122.73","United States","New York Stock Exchange Inc.","USD","1.00","USD","-"
"FCFS","FIRSTCASH HOLDINGS INC","Financials","Equity","1,112,345.28","0.01","1,112,345.28","9,778.00","113.76","United States","NASDAQ","USD","1.00","USD","-"
"EPR","EPR PROPERTIES REIT","Real Estate","Equity","1,106,247.12","0.01","1,106,247.12","20,724.00","53.38","United States","New York Stock Exchange Inc.","USD","1.00","USD","-"
"DY","DYCOM INDUSTRIES INC","Industrials","Equity","1,105,699.65","0.01","1,105,699.65","7,185.00","153.89","United States","New York Stock Exchange Inc.","USD","1.00","USD","-"
"BCC","BOISE CASCADE","Industrials","Equity","1,101,914.88","0.01","1,101,914.88","10,984.00","100.32","United States","New York Stock Exchange Inc.","USD","1.00","USD","-"
"MARA","MARA HOLDINGS INC","Information Technology","Equity","1,098,694.80","0.01","1,098,694.80","72,665.00","15.12","United States","NASDAQ","USD","1.00","USD","-"
"SPR","SPIRIT AEROSYSTEMS INC CLASS A","Industrials","Equity","1,099,539.00","0.01","1,099,539.00","32,550.00","33.78","United States","New York Stock Exchange Inc.","USD","1.00","USD","-"
"ST","SENSATA TECHNOLOGIES HOLDING PLC","Industrials","Equity","1,097,902.30","0.01","1,097,902.30","40,513.00","27.10","United States","New York Stock Exchange Inc.","USD","1.00","USD","-"
"BC","BRUNSWICK CORP","Consumer Discretionary","Equity","1,096,931.22","0.01","1,096,931.22","18,942.00","57.91","United States","New York Stock Exchange Inc.","USD","1.00","USD","-"
"MGY","MAGNOLIA OIL GAS CORP CLASS A","Energy","Equity","1,094,216.17","0.01","1,094,216.17","48,481.00","22.57","United States","New York Stock Exchange Inc.","USD","1.00","USD","-"
"PRGO","PERRIGO PLC","Health Care","Equity","1,092,276.08","0.01","1,092,276.08","37,064.00","29.47","United States","New York Stock Exchange Inc.","USD","1.00","USD","-"
"ESE","ESCO TECHNOLOGIES INC","Industrials","Equity","1,090,888.92","0.01","1,090,888.92","6,638.00","164.34","United States","New York Stock Exchange Inc.","USD","1.00","USD","-"
"CHH","CHOICE HOTELS INTERNATIONAL INC","Consumer Discretionary","Equity","1,088,736.99","0.01","1,088,736.99","7,557.00","144.07","United States","New York Stock Exchange Inc.","USD","1.00","USD","-"
"KMPR","KEMPER CORP","Financials","Equity","1,089,267.95","0.01","1,089,267.95","16,417.00","66.35","United States","New York Stock Exchange Inc.","USD","1.00","USD","-"
"THO","THOR INDUSTRIES INC","Consumer Discretionary","Equity","1,087,341.20","0.01","1,087,341.20","13,358.00","81.40","United States","New York Stock Exchange Inc.","USD","1.00","USD","-"
"SANM","SANMINA CORP","Information Technology","Equity","1,085,663.60","0.01","1,085,663.60","14,063.00","77.20","United States","NASDAQ","USD","1.00","USD","-"
"SBRA","SABRA HEALTH CARE REIT INC","Real Estate","Equity","1,082,121.71","0.01","1,082,121.71","63,319.00","17.09","United States","NASDAQ","USD","1.00","USD","-"
"URBN","URBAN OUTFITTERS INC","Consumer Discretionary","Equity","1,082,579.20","0.01","1,082,579.20","18,880.00","57.34","United States","NASDAQ","USD","1.00","USD","-"
"RYN","RAYONIER REIT INC","Real Estate","Equity","1,080,792.18","0.01","1,080,792.18","39,546.00","27.33","United States","New York Stock Exchange Inc.","USD","1.00","USD","-"
"NPO","ENPRO INC","Industrials","Equity","1,074,044.32","0.01","1,074,044.32","6,053.00","177.44","United States","New York Stock Exchange Inc.","USD","1.00","USD","-"
"OGS","ONE GAS INC","Utilities","Equity","1,070,004.04","0.01","1,070,004.04","14,483.00","73.88","United States","New York Stock Exchange Inc.","USD","1.00","USD","-"
"AROC","ARCHROCK INC","Energy","Equity","1,070,532.16","0.01","1,070,532.16","42,347.00","25.28","United States","New York Stock Exchange Inc.","USD","1.00","USD","-"
"WFRD","WEATHERFORD INTERNATIONAL PLC","Energy","Equity","1,067,771.76","0.01","1,067,771.76","19,492.00","54.78","United States","NASDAQ","USD","1.00","USD","-"
"STRL","STERLING INFRASTRUCTURE INC","Industrials","Equity","1,064,404.18","0.01","1,064,404.18","8,273.00","128.66","United States","NASDAQ","USD","1.00","USD","-"
"AEIS","ADVANCED ENERGY INDUSTRIES INC","Information Technology","Equity","1,062,644.80","0.01","1,062,644.80","9,608.00","110.60","United States","NASDAQ","USD","1.00","USD","-"
"ASTS","AST SPACEMOBILE INC CLASS A","Communication","Equity","1,059,799.00","0.01","1,059,799.00","31,355.00","33.80","United States","NASDAQ","USD","1.00","USD","-"
"BKH","BLACK HILLS CORP","Utilities","Equity","1,059,971.64","0.01","1,059,971.64","17,628.00","60.13","United States","New York Stock Exchange Inc.","USD","1.00","USD","-"
"MSGS","MADISON SQUARE GARDEN SPORTS CORP","Communication","Equity","1,060,335.26","0.01","1,060,335.26","5,294.00","200.29","United States","New York Stock Exchange Inc.","USD","1.00","USD","-"
"AVAV","AEROVIRONMENT INC","Industrials","Equity","1,057,839.24","0.01","1,057,839.24","7,796.00","135.69","United States","NASDAQ","USD","1.00","USD","-"
"ATGE","ADTALEM GLOBAL EDUCATION INC","Consumer Discretionary","Equity","1,058,864.30","0.01","1,058,864.30","10,595.00","99.94","United States","New York Stock Exchange Inc.","USD","1.00","USD","-"
"KRC","KILROY REALTY REIT CORP","Real Estate","Equity","1,058,896.00","0.01","1,058,896.00","31,144.00","34.00","United States","New York Stock Exchange Inc.","USD","1.00","USD","-"
"GAP","GAP INC","Consumer Discretionary","Equity","1,059,217.92","0.01","1,059,217.92","53,388.00","19.84","United States","New York Stock Exchange Inc.","USD","1.00","USD","-"
"ACA","ARCOSA INC","Industrials","Equity","1,056,339.86","0.01","1,056,339.86","12,829.00","82.34","United States","New York Stock Exchange Inc.","USD","1.00","USD","-"
"SKYW","SKYWEST INC","Industrials","Equity","1,057,408.71","0.01","1,057,408.71","11,381.00","92.91","United States","NASDAQ","USD","1.00","USD","-"
"CNR","CORE NATURAL RESOURCES INC","Energy","Equity","1,053,782.94","0.01","1,053,782.94","14,763.00","71.38","United States","New York Stock Exchange Inc.","USD","1.00","USD","-"
"MC","MOELIS CLASS A","Financials","Equity","1,049,919.99","0.01","1,049,919.99","16,331.00","64.29","United States","New York Stock Exchange Inc.","USD","1.00","USD","-"
"PVH","PVH CORP","Consumer Discretionary","Equity","1,045,526.72","0.01","1,045,526.72","14,672.00","71.26","United States","New York Stock Exchange Inc.","USD","1.00","USD","-"
"ESGR","ENSTAR GROUP LTD","Financials","Equity","1,044,005.54","0.01","1,044,005.54","3,154.00","331.01","United States","NASDAQ","USD","1.00","USD","-"
"TNL","TRAVEL LEISURE","Consumer Discretionary","Equity","1,040,268.40","0.01","1,040,268.40","18,983.00","54.80","United States","New York Stock Exchange Inc.","USD","1.00","USD","-"
"IBP","INSTALLED BUILDING PRODUCTS INC","Consumer Discretionary","Equity","1,041,020.28","0.01","1,041,020.28","6,037.00","172.44","United States","New York Stock Exchange Inc.","USD","1.00","USD","-"
"PTCT","PTC THERAPEUTICS INC","Health Care","Equity","1,032,160.68","0.01","1,032,160.68","19,876.00","51.93","United States","NASDAQ","USD","1.00","USD","-"
"IRDM","IRIDIUM COMMUNICATIONS INC","Communication","Equity","1,033,146.66","0.01","1,033,146.66","33,774.00","30.59","United States","NASDAQ","USD","1.00","USD","-"
"SKT","TANGER INC","Real Estate","Equity","1,028,964.16","0.01","1,028,964.16","28,936.00","35.56","United States","New York Stock Exchange Inc.","USD","1.00","USD","-"
"RARE","ULTRAGENYX PHARMACEUTICAL INC","Health Care","Equity","1,027,390.06","0.01","1,027,390.06","25,138.00","40.87","United States","NASDAQ","USD","1.00","USD","-"
"PCH","POTLATCHDELTIC CORP","Real Estate","Equity","1,022,370.99","0.01","1,022,370.99","21,711.00","47.09","United States","NASDAQ","USD","1.00","USD","-"
"LINE","LINEAGE INC","Real Estate","Equity","1,022,762.12","0.01","1,022,762.12","16,571.00","61.72","United States","NASDAQ","USD","1.00","USD","-"
"BCO","BRINKS","Industrials","Equity","1,017,410.56","0.01","1,017,410.56","11,689.00","87.04","United States","New York Stock Exchange Inc.","USD","1.00","USD","-"
"FUN","SIX FLAGS ENTERTAINMENT CORP","Communication","Equity","1,016,560.80","0.01","1,016,560.80","24,770.00","41.04","United States","New York Stock Exchange Inc.","USD","1.00","USD","-"
"WLK","WESTLAKE CORP","Materials","Equity","1,006,659.00","0.01","1,006,659.00","9,069.00","111.00","United States","New York Stock Exchange Inc.","USD","1.00","USD","-"
"GFS","GLOBALFOUNDRIES INC","Information Technology","Equity","1,006,782.72","0.01","1,006,782.72","26,328.00","38.24","United States","NASDAQ","USD","1.00","USD","-"
"ASB","ASSOCIATED BANCORP","Financials","Equity","1,005,357.60","0.01","1,005,357.60","43,056.00","23.35","United States","New York Stock Exchange Inc.","USD","1.00","USD","-"
"AX","AXOS FINANCIAL INC","Financials","Equity","1,005,494.58","0.01","1,005,494.58","15,606.00","64.43","United States","New York Stock Exchange Inc.","USD","1.00","USD","-"
"NWS","NEWS CORP CLASS B","Communication","Equity","1,005,852.06","0.01","1,005,852.06","31,571.00","31.86","United States","NASDAQ","USD","1.00","USD","-"
"STEP","STEPSTONE GROUP INC CLASS A","Financials","Equity","1,006,354.35","0.01","1,006,354.35","17,609.00","57.15","United States","NASDAQ","USD","1.00","USD","-"
"PEGA","PEGASYSTEMS INC","Information Technology","Equity","1,004,000.48","0.01","1,004,000.48","12,656.00","79.33","United States","NASDAQ","USD","1.00","USD","-"
"DORM","DORMAN PRODUCTS INC","Consumer Discretionary","Equity","1,001,624.49","0.01","1,001,624.49","7,431.00","134.79","United States","NASDAQ","USD","1.00","USD","-"
"HRI","HERC HOLDINGS INC","Industrials","Equity","994,975.50","0.01","994,975.50","7,453.00","133.50","United States","New York Stock Exchange Inc.","USD","1.00","USD","-"
"CBZ","CBIZ INC","Industrials","Equity","993,311.00","0.01","993,311.00","13,607.00","73.00","United States","New York Stock Exchange Inc.","USD","1.00","USD","-"
"COMP","COMPASS INC CLASS A","Real Estate","Equity","991,057.04","0.01","991,057.04","108,194.00","9.16","United States","New York Stock Exchange Inc.","USD","1.00","USD","-"
"OGN","ORGANON","Health Care","Equity","989,348.15","0.01","989,348.15","68,467.00","14.45","United States","New York Stock Exchange Inc.","USD","1.00","USD","-"
"NEU","NEWMARKET CORP","Materials","Equity","989,643.64","0.01","989,643.64","1,774.00","557.86","United States","New York Stock Exchange Inc.","USD","1.00","USD","-"
"ZI","ZOOMINFO TECHNOLOGIES INC","Communication","Equity","987,009.80","0.01","987,009.80","82,942.00","11.90","United States","NASDAQ","USD","1.00","USD","-"
"ALE","ALLETE INC","Utilities","Equity","985,781.79","0.01","985,781.79","15,057.00","65.47","United States","New York Stock Exchange Inc.","USD","1.00","USD","-"
"CALM","CAL MAINE FOODS INC","Consumer Staples","Equity","986,201.66","0.01","986,201.66","11,714.00","84.19","United States","NASDAQ","USD","1.00","USD","-"
"ABCB","AMERIS BANCORP","Financials","Equity","986,271.00","0.01","986,271.00","16,302.00","60.50","United States","New York Stock Exchange Inc.","USD","1.00","USD","-"
"BHF","BRIGHTHOUSE FINANCIAL INC","Financials","Equity","983,983.70","0.01","983,983.70","17,462.00","56.35","United States","NASDAQ","USD","1.00","USD","-"
"M","MACYS INC","Consumer Discretionary","Equity","984,580.63","0.01","984,580.63","73,973.00","13.31","United States","New York Stock Exchange Inc.","USD","1.00","USD","-"
"TCBI","TEXAS CAPITAL BANCSHARES INC","Financials","Equity","983,109.25","0.01","983,109.25","13,075.00","75.19","United States","NASDAQ","USD","1.00","USD","-"
"LANC","LANCASTER COLONY CORP","Consumer Staples","Equity","977,435.25","0.01","977,435.25","5,071.00","192.75","United States","NASDAQ","USD","1.00","USD","-"
"SATS","ECHOSTAR CORP CLASS A","Communication","Equity","972,440.57","0.01","972,440.57","31,583.00","30.79","United States","NASDAQ","USD","1.00","USD","-"
"ASO","ACADEMY SPORTS AND OUTDOORS INC","Consumer Discretionary","Equity","969,408.00","0.01","969,408.00","20,196.00","48.00","United States","NASDAQ","USD","1.00","USD","-"
"AVNT","AVIENT CORP","Materials","Equity","970,031.70","0.01","970,031.70","23,085.00","42.02","United States","New York Stock Exchange Inc.","USD","1.00","USD","-"
"TDS","TELEPHONE AND DATA SYSTEMS INC","Communication","Equity","964,885.44","0.01","964,885.44","27,663.00","34.88","United States","New York Stock Exchange Inc.","USD","1.00","USD","-"
"MSM","MSC INDUSTRIAL INC CLASS A","Industrials","Equity","963,071.96","0.01","963,071.96","12,382.00","77.78","United States","New York Stock Exchange Inc.","USD","1.00","USD","-"
"VRRM","VERRA MOBILITY CORP CLASS A","Industrials","Equity","959,296.64","0.01","959,296.64","44,248.00","21.68","United States","NASDAQ","USD","1.00","USD","-"
"SWTX","SPRINGWORKS THERAPEUTICS INC","Health Care","Equity","956,859.26","0.01","956,859.26","18,914.00","50.59","United States","NASDAQ","USD","1.00","USD","-"
"BXMT","BLACKSTONE MORTGAGE TRUST REIT CLA","Financials","Equity","957,030.24","0.01","957,030.24","47,756.00","20.04","United States","New York Stock Exchange Inc.","USD","1.00","USD","-"
"SNEX","STONEX GROUP INC","Financials","Equity","957,311.86","0.01","957,311.86","7,963.00","120.22","United States","NASDAQ","USD","1.00","USD","-"
"PLXS","PLEXUS CORP","Information Technology","Equity","953,536.44","0.01","953,536.44","7,484.00","127.41","United States","NASDAQ","USD","1.00","USD","-"
"SITM","SITIME CORP","Information Technology","Equity","954,857.79","0.01","954,857.79","5,241.00","182.19","United States","NASDAQ","USD","1.00","USD","-"
"MP","MP MATERIALS CORP CLASS A","Materials","Equity","948,393.60","0.01","948,393.60","36,960.00","25.66","United States","New York Stock Exchange Inc.","USD","1.00","USD","-"
"ZG","ZILLOW GROUP INC CLASS A","Real Estate","Equity","946,213.65","0.01","946,213.65","12,591.00","75.15","United States","NASDAQ","USD","1.00","USD","-"
"BEPC","BROOKFIELD RENEWABLE SUBORDINATE V","Utilities","Equity","946,510.80","0.01","946,510.80","34,620.00","27.34","Canada","New York Stock Exchange Inc.","USD","1.00","USD","-"
"PJT","PJT PARTNERS INC CLASS A","Financials","Equity","940,029.42","0.01","940,029.42","6,303.00","149.14","United States","New York Stock Exchange Inc.","USD","1.00","USD","-"
"SHAK","SHAKE SHACK INC CLASS A","Consumer Discretionary","Equity","941,041.09","0.01","941,041.09","9,493.00","99.13","United States","New York Stock Exchange Inc.","USD","1.00","USD","-"
"PLMR","PALOMAR HOLDINGS INC","Financials","Equity","937,545.86","0.01","937,545.86","7,274.00","128.89","United States","NASDAQ","USD","1.00","USD","-"
"CDE","COEUR MINING INC","Materials","Equity","935,529.21","0.01","935,529.21","166,761.00","5.61","United States","New York Stock Exchange Inc.","USD","1.00","USD","-"
"BOOT","BOOT BARN HOLDINGS INC","Consumer Discretionary","Equity","932,340.00","0.01","932,340.00","8,200.00","113.70","United States","New York Stock Exchange Inc.","USD","1.00","USD","-"
"PRIM","PRIMORIS SERVICES CORP","Industrials","Equity","932,840.28","0.01","932,840.28","13,674.00","68.22","United States","New York Stock Exchange Inc.","USD","1.00","USD","-"
"POWI","POWER INTEGRATIONS INC","Information Technology","Equity","931,819.30","0.01","931,819.30","15,674.00","59.45","United States","NASDAQ","USD","1.00","USD","-"
"APLE","APPLE HOSPITALITY REIT INC","Real Estate","Equity","930,254.25","0.01","930,254.25","63,935.00","14.55","United States","New York Stock Exchange Inc.","USD","1.00","USD","-"
"ELF","ELF BEAUTY INC","Consumer Staples","Equity","928,790.54","0.01","928,790.54","14,362.00","64.67","United States","New York Stock Exchange Inc.","USD","1.00","USD","-"
"INTA","INTAPP INC","Information Technology","Equity","926,296.40","0.01","926,296.40","14,207.00","65.20","United States","NASDAQ","USD","1.00","USD","-"
"IAC","IAC INC","Communication","Equity","927,065.92","0.01","927,065.92","20,456.00","45.32","United States","NASDAQ","USD","1.00","USD","-"
"RDNT","RADNET INC","Health Care","Equity","927,163.76","0.01","927,163.76","17,464.00","53.09","United States","NASDAQ","USD","1.00","USD","-"
"HAE","HAEMONETICS CORP","Health Care","Equity","922,509.76","0.01","922,509.76","13,736.00","67.16","United States","New York Stock Exchange Inc.","USD","1.00","USD","-"
"IBOC","INTERNATIONAL BANCSHARES CORP","Financials","Equity","922,825.80","0.01","922,825.80","14,690.00","62.82","United States","NASDAQ","USD","1.00","USD","-"
"HL","HECLA MINING","Materials","Equity","922,889.00","0.01","922,889.00","167,798.00","5.50","United States","New York Stock Exchange Inc.","USD","1.00","USD","-"
"ABM","ABM INDUSTRIES INC","Industrials","Equity","920,840.40","0.01","920,840.40","17,580.00","52.38","United States","New York Stock Exchange Inc.","USD","1.00","USD","-"
"KFY","KORN FERRY","Industrials","Equity","919,771.20","0.01","919,771.20","14,194.00","64.80","United States","New York Stock Exchange Inc.","USD","1.00","USD","-"
"FHB","FIRST HAWAIIAN INC","Financials","Equity","919,892.68","0.01","919,892.68","35,476.00","25.93","United States","NASDAQ","USD","1.00","USD","-"
"MUR","MURPHY OIL CORP","Energy","Equity","915,810.54","0.01","915,810.54","38,127.00","24.02","United States","New York Stock Exchange Inc.","USD","1.00","USD","-"
"AKRO","AKERO THERAPEUTICS INC","Health Care","Equity","916,409.78","0.01","916,409.78","20,306.00","45.13","United States","NASDAQ","USD","1.00","USD","-"
"FLO","FLOWERS FOODS INC","Consumer Staples","Equity","914,988.36","0.01","914,988.36","49,566.00","18.46","United States","New York Stock Exchange Inc.","USD","1.00","USD","-"
"MPW","MEDICAL PROPERTIES TRUST REIT INC","Real Estate","Equity","905,689.53","0.01","905,689.53","158,061.00","5.73","United States","New York Stock Exchange Inc.","USD","1.00","USD","-"
"GLNG","GOLAR LNG LTD","Energy","Equity","904,859.04","0.01","904,859.04","25,332.00","35.72","Norway","NASDAQ","USD","1.00","USD","-"
"HASI","HA SUSTAINABLE INFRASTRUCTURE CAPI","Financials","Equity","904,886.01","0.01","904,886.01","31,717.00","28.53","United States","New York Stock Exchange Inc.","USD","1.00","USD","-"
"FRSH","FRESHWORKS INC CLASS A","Information Technology","Equity","901,129.81","0.01","901,129.81","54,187.00","16.63","United States","NASDAQ","USD","1.00","USD","-"
"MDU","MDU RESOURCES GROUP INC","Utilities","Equity","886,906.24","0.01","886,906.24","52,294.00","16.96","United States","New York Stock Exchange Inc.","USD","1.00","USD","-"
"ALGM","ALLEGRO MICROSYSTEMS INC","Information Technology","Equity","884,596.96","0.01","884,596.96","33,032.00","26.78","United States","NASDAQ","USD","1.00","USD","-"
"CIVI","CIVITAS RESOURCES INC","Energy","Equity","885,353.12","0.01","885,353.12","26,764.00","33.08","United States","New York Stock Exchange Inc.","USD","1.00","USD","-"
"PAG","PENSKE AUTOMOTIVE GROUP VOTING INC","Consumer Discretionary","Equity","882,648.60","0.01","882,648.60","5,340.00","165.29","United States","New York Stock Exchange Inc.","USD","1.00","USD","-"
"GVA","GRANITE CONSTRUCTION INC","Industrials","Equity","882,002.16","0.01","882,002.16","11,086.00","79.56","United States","New York Stock Exchange Inc.","USD","1.00","USD","-"
"GMS","GMS INC","Industrials","Equity","882,277.95","0.01","882,277.95","11,195.00","78.81","United States","New York Stock Exchange Inc.","USD","1.00","USD","-"
"SM","SM ENERGY","Energy","Equity","880,172.16","0.01","880,172.16","31,983.00","27.52","United States","New York Stock Exchange Inc.","USD","1.00","USD","-"
"LLYVK","LIBERTY MEDIA LIBERTY LIVE CORP SE","Communication","Equity","878,487.30","0.01","878,487.30","12,321.00","71.30","United States","NASDAQ","USD","1.00","USD","-"
"CACC","CREDIT ACCEPTANCE CORP","Financials","Equity","879,127.14","0.01","879,127.14","1,829.00","480.66","United States","NASDAQ","USD","1.00","USD","-"
"RUSHA","RUSH ENTERPRISES INC CLASS A","Industrials","Equity","874,932.64","0.01","874,932.64","15,524.00","56.36","United States","NASDAQ","USD","1.00","USD","-"
"DXC","DXC TECHNOLOGY","Information Technology","Equity","876,309.12","0.01","876,309.12","48,096.00","18.22","United States","New York Stock Exchange Inc.","USD","1.00","USD","-"
"KTB","KONTOOR BRANDS INC","Consumer Discretionary","Equity","874,079.70","0.01","874,079.70","14,185.00","61.62","United States","New York Stock Exchange Inc.","USD","1.00","USD","-"
"MHO","M I HOMES INC","Consumer Discretionary","Equity","871,032.54","0.01","871,032.54","7,311.00","119.14","United States","New York Stock Exchange Inc.","USD","1.00","USD","-"
"PENN","PENN ENTERTAINMENT INC","Consumer Discretionary","Equity","871,423.84","0.01","871,423.84","43,376.00","20.09","United States","NASDAQ","USD","1.00","USD","-"
"UNF","UNIFIRST CORP","Industrials","Equity","868,853.08","0.01","868,853.08","4,126.00","210.58","United States","New York Stock Exchange Inc.","USD","1.00","USD","-"
"RXO","RXO INC","Industrials","Equity","868,315.86","0.01","868,315.86","42,502.00","20.43","United States","New York Stock Exchange Inc.","USD","1.00","USD","-"
"WDFC","WD-40","Consumer Staples","Equity","864,777.25","0.01","864,777.25","3,595.00","240.55","United States","NASDAQ","USD","1.00","USD","-"
"IRTC","IRHYTHM TECHNOLOGIES INC","Health Care","Equity","860,363.20","0.01","860,363.20","7,990.00","107.68","United States","NASDAQ","USD","1.00","USD","-"
"OSCR","OSCAR HEALTH INC CLASS A","Financials","Equity","858,487.50","0.01","858,487.50","52,830.00","16.25","United States","New York Stock Exchange Inc.","USD","1.00","USD","-"
"ICUI","ICU MEDICAL INC","Health Care","Equity","859,122.88","0.01","859,122.88","5,984.00","143.57","United States","NASDAQ","USD","1.00","USD","-"
"NWE","NORTHWESTERN ENERGY GROUP INC","Utilities","Equity","859,574.40","0.01","859,574.40","15,572.00","55.20","United States","NASDAQ","USD","1.00","USD","-"
"MIR","MIRION TECHNOLOGIES INC CLASS A","Information Technology","Equity","853,856.64","0.01","853,856.64","56,472.00","15.12","United States","New York Stock Exchange Inc.","USD","1.00","USD","-"
"XRAY","DENTSPLY SIRONA INC","Health Care","Equity","854,012.00","0.01","854,012.00","52,880.00","16.15","United States","NASDAQ","USD","1.00","USD","-"
"MGEE","MGE ENERGY INC","Utilities","Equity","854,207.56","0.01","854,207.56","9,524.00","89.69","United States","NASDAQ","USD","1.00","USD","-"
"BGC","BGC GROUP INC CLASS A","Financials","Equity","855,055.50","0.01","855,055.50","87,698.00","9.75","United States","NASDAQ","USD","1.00","USD","-"
"HGV","HILTON GRAND VACATIONS INC","Consumer Discretionary","Equity","852,321.60","0.01","852,321.60","20,410.00","41.76","United States","New York Stock Exchange Inc.","USD","1.00","USD","-"
"GEO","GEO GROUP INC","Industrials","Equity","853,295.04","0.01","853,295.04","33,228.00","25.68","United States","New York Stock Exchange Inc.","USD","1.00","USD","-"
"FTDR","FRONTDOOR INC","Consumer Discretionary","Equity","850,713.55","0.01","850,713.55","20,231.00","42.05","United States","NASDAQ","USD","1.00","USD","-"
"RNA","AVIDITY BIOSCIENCES INC","Health Care","Equity","849,207.90","0.01","849,207.90","28,738.00","29.55","United States","NASDAQ","USD","1.00","USD","-"
"W","WAYFAIR INC CLASS A","Consumer Discretionary","Equity","846,694.25","0.01","846,694.25","24,721.00","34.25","United States","New York Stock Exchange Inc.","USD","1.00","USD","-"
"COLM","COLUMBIA SPORTSWEAR","Consumer Discretionary","Equity","847,058.76","0.01","847,058.76","10,041.00","84.36","United States","NASDAQ","USD","1.00","USD","-"
"CBU","COMMUNITY FINANCIAL SYSTEM INC","Financials","Equity","847,132.02","0.01","847,132.02","14,133.00","59.94","United States","New York Stock Exchange Inc.","USD","1.00","USD","-"
"FUL","HB FULLER","Materials","Equity","845,644.98","0.01","845,644.98","15,117.00","55.94","United States","New York Stock Exchange Inc.","USD","1.00","USD","-"
"OLN","OLIN CORP","Materials","Equity","844,343.61","0.01","844,343.61","33,519.00","25.19","United States","New York Stock Exchange Inc.","USD","1.00","USD","-"
"RELY","REMITLY GLOBAL INC","Financials","Equity","840,404.84","0.01","840,404.84","37,822.00","22.22","United States","NASDAQ","USD","1.00","USD","-"
"NE","NOBLE CORPORATION PLC","Energy","Equity","840,671.60","0.01","840,671.60","37,330.00","22.52","United States","New York Stock Exchange Inc.","USD","1.00","USD","-"
"SOUN","SOUNDHOUND AI INC CLASS A","Information Technology","Equity","839,536.95","0.01","839,536.95","82,713.00","10.15","United States","NASDAQ","USD","1.00","USD","-"
"OTTR","OTTER TAIL CORP","Utilities","Equity","837,106.85","0.01","837,106.85","10,603.00","78.95","United States","NASDAQ","USD","1.00","USD","-"
"NHI","NATIONAL HEALTH INVESTORS REIT INC","Real Estate","Equity","837,567.40","0.01","837,567.40","11,411.00","73.40","United States","New York Stock Exchange Inc.","USD","1.00","USD","-"
"CARG","CARGURUS INC CLASS A","Communication","Equity","838,441.80","0.01","838,441.80","25,830.00","32.46","United States","NASDAQ","USD","1.00","USD","-"
"WSFS","WSFS FINANCIAL CORP","Financials","Equity","832,879.82","0.01","832,879.82","15,922.00","52.31","United States","NASDAQ","USD","1.00","USD","-"
"ATMU","ATMUS FILTRATION TECHNOLOGIES INC","Industrials","Equity","831,807.28","0.01","831,807.28","22,457.00","37.04","United States","New York Stock Exchange Inc.","USD","1.00","USD","-"
"OSIS","OSI SYSTEMS INC","Information Technology","Equity","826,928.96","0.01","826,928.96","4,576.00","180.71","United States","NASDAQ","USD","1.00","USD","-"
"WHD","CACTUS INC CLASS A","Energy","Equity","827,636.37","0.01","827,636.37","17,457.00","47.41","United States","New York Stock Exchange Inc.","USD","1.00","USD","-"
"CRVL","CORVEL CORP","Health Care","Equity","825,903.75","0.01","825,903.75","7,665.00","107.75","United States","NASDAQ","USD","1.00","USD","-"
"EBC","EASTERN BANKSHARES INC","Financials","Equity","822,756.05","0.01","822,756.05","48,655.00","16.91","United States","NASDAQ","USD","1.00","USD","-"
"TPH","TRI POINTE HOMES INC","Consumer Discretionary","Equity","822,773.67","0.01","822,773.67","25,849.00","31.83","United States","New York Stock Exchange Inc.","USD","1.00","USD","-"
"FBP","FIRST BANCORP","Financials","Equity","818,962.50","0.01","818,962.50","43,678.00","18.75","United States","New York Stock Exchange Inc.","USD","1.00","USD","-"
"FULT","FULTON FINANCIAL CORP","Financials","Equity","819,611.00","0.01","819,611.00","43,550.00","18.82","United States","NASDAQ","USD","1.00","USD","-"
"ASH","ASHLAND INC","Materials","Equity","816,133.70","0.01","816,133.70","13,735.00","59.42","United States","New York Stock Exchange Inc.","USD","1.00","USD","-"
"CCOI","COGENT COMMUNICATIONS HOLDINGS INC","Communication","Equity","813,010.77","0.01","813,010.77","11,583.00","70.19","United States","NASDAQ","USD","1.00","USD","-"
"ZETA","ZETA GLOBAL HOLDINGS CORP CLASS A","Information Technology","Equity","813,858.62","0.01","813,858.62","47,483.00","17.14","United States","New York Stock Exchange Inc.","USD","1.00","USD","-"
"NSP","INSPERITY INC","Industrials","Equity","812,062.16","0.01","812,062.16","9,436.00","86.06","United States","New York Stock Exchange Inc.","USD","1.00","USD","-"
"ROAD","CONSTRUCTION PARTNERS INC CLASS A","Industrials","Equity","810,231.45","0.01","810,231.45","11,751.00","68.95","United States","NASDAQ","USD","1.00","USD","-"
"AUB","ATLANTIC UNION BANKSHARES CORP","Financials","Equity","810,593.94","0.01","810,593.94","23,799.00","34.06","United States","New York Stock Exchange Inc.","USD","1.00","USD","-"
"SMPL","THE SIMPLY GOOD FOODS COMPANY","Consumer Staples","Equity","811,153.42","0.01","811,153.42","22,901.00","35.42","United States","NASDAQ","USD","1.00","USD","-"
"GHC","GRAHAM HOLDINGS COMPANY CLASS B","Consumer Discretionary","Equity","809,153.12","0.01","809,153.12","848.00","954.19","United States","New York Stock Exchange Inc.","USD","1.00","USD","-"
"SXT","SENSIENT TECHNOLOGIES CORP","Materials","Equity","809,646.31","0.01","809,646.31","11,447.00","70.73","United States","New York Stock Exchange Inc.","USD","1.00","USD","-"
"AMED","AMEDISYS INC","Health Care","Equity","809,771.97","0.01","809,771.97","8,799.00","92.03","United States","NASDAQ","USD","1.00","USD","-"
"FCPT","FOUR CORNERS PROPERTY INC TRUST","Real Estate","Equity","807,057.28","0.01","807,057.28","27,868.00","28.96","United States","New York Stock Exchange Inc.","USD","1.00","USD","-"
"CDP","COPT DEFENSE PROPERTIES","Real Estate","Equity","806,599.63","0.01","806,599.63","29,863.00","27.01","United States","New York Stock Exchange Inc.","USD","1.00","USD","-"
"HOG","HARLEY DAVIDSON INC","Consumer Discretionary","Equity","801,453.60","0.01","801,453.60","31,905.00","25.12","United States","New York Stock Exchange Inc.","USD","1.00","USD","-"
"WD","WALKER & DUNLOP INC","Financials","Equity","798,393.70","0.01","798,393.70","9,490.00","84.13","United States","New York Stock Exchange Inc.","USD","1.00","USD","-"
"NMIH","NMI HOLDINGS INC","Financials","Equity","795,805.63","0.01","795,805.63","22,223.00","35.81","United States","NASDAQ","USD","1.00","USD","-"
"CRNX","CRINETICS PHARMACEUTICALS INC","Health Care","Equity","792,223.25","0.01","792,223.25","23,335.00","33.95","United States","NASDAQ","USD","1.00","USD","-"
"AWR","AMERICAN STATES WATER","Utilities","Equity","793,029.60","0.01","793,029.60","10,230.00","77.52","United States","New York Stock Exchange Inc.","USD","1.00","USD","-"
"VIRT","VIRTU FINANCIAL INC CLASS A","Financials","Equity","790,649.73","0.01","790,649.73","21,799.00","36.27","United States","NASDAQ","USD","1.00","USD","-"
"SRRK","SCHOLAR ROCK HOLDING CORP","Health Care","Equity","791,502.14","0.01","791,502.14","21,901.00","36.14","United States","NASDAQ","USD","1.00","USD","-"
"HUN","HUNTSMAN CORP","Materials","Equity","789,226.92","0.01","789,226.92","45,202.00","17.46","United States","New York Stock Exchange Inc.","USD","1.00","USD","-"
"NVST","ENVISTA HOLDINGS CORP","Health Care","Equity","789,445.44","0.01","789,445.44","43,281.00","18.24","United States","New York Stock Exchange Inc.","USD","1.00","USD","-"
"ASGN","ASGN INC","Information Technology","Equity","787,701.28","0.01","787,701.28","12,037.00","65.44","United States","New York Stock Exchange Inc.","USD","1.00","USD","-"
"BNL","BROADSTONE NET LEASE INC","Real Estate","Equity","786,865.84","0.01","786,865.84","46,726.00","16.84","United States","New York Stock Exchange Inc.","USD","1.00","USD","-"
"GSHD","GOOSEHEAD INSURANCE INC CLASS A","Financials","Equity","786,879.36","0.01","786,879.36","6,354.00","123.84","United States","NASDAQ","USD","1.00","USD","-"
"CRC","CALIFORNIA RESOURCES CORP","Energy","Equity","784,983.11","0.01","784,983.11","19,493.00","40.27","United States","New York Stock Exchange Inc.","USD","1.00","USD","-"
"CATY","CATHAY GENERAL BANCORP","Financials","Equity","785,445.86","0.01","785,445.86","17,603.00","44.62","United States","NASDAQ","USD","1.00","USD","-"
"HIW","HIGHWOODS PROPERTIES REIT INC","Real Estate","Equity","783,269.96","0.01","783,269.96","27,178.00","28.82","United States","New York Stock Exchange Inc.","USD","1.00","USD","-"
"TGNA","TEGNA INC","Communication","Equity","783,288.87","0.01","783,288.87","45,303.00","17.29","United States","New York Stock Exchange Inc.","USD","1.00","USD","-"
"GFF","GRIFFON CORP","Industrials","Equity","780,118.10","0.01","780,118.10","11,135.00","70.06","United States","New York Stock Exchange Inc.","USD","1.00","USD","-"
"YETI","YETI HOLDINGS INC","Consumer Discretionary","Equity","781,031.29","0.01","781,031.29","22,711.00","34.39","United States","New York Stock Exchange Inc.","USD","1.00","USD","-"
"WSBC","WESBANCO INC","Financials","Equity","781,055.73","0.01","781,055.73","24,129.00","32.37","United States","NASDAQ","USD","1.00","USD","-"
"WU","WESTERN UNION","Financials","Equity","776,051.24","0.01","776,051.24","72,596.00","10.69","United States","New York Stock Exchange Inc.","USD","1.00","USD","-"
"PTEN","PATTERSON UTI ENERGY INC","Energy","Equity","774,617.60","0.01","774,617.60","106,112.00","7.30","United States","NASDAQ","USD","1.00","USD","-"
"NWL","NEWELL BRANDS INC","Consumer Discretionary","Equity","773,323.86","0.01","773,323.86","115,594.00","6.69","United States","NASDAQ","USD","1.00","USD","-"
"HEES","H AND E EQUIPMENT SERVICES INC","Industrials","Equity","771,347.55","0.01","771,347.55","8,165.00","94.47","United States","NASDAQ","USD","1.00","USD","-"
"ADT","ADT INC","Consumer Discretionary","Equity","768,290.60","0.01","768,290.60","99,778.00","7.70","United States","New York Stock Exchange Inc.","USD","1.00","USD","-"
"UCB","UNITED COMMUNITY BANKS INC","Financials","Equity","766,074.90","0.01","766,074.90","25,283.00","30.30","United States","New York Stock Exchange Inc.","USD","1.00","USD","-"
"VKTX","VIKING THERAPEUTICS INC","Health Care","Equity","766,701.54","0.01","766,701.54","27,441.00","27.94","United States","NASDAQ","USD","1.00","USD","-"
"PATK","PATRICK INDUSTRIES INC","Consumer Discretionary","Equity","766,941.00","0.01","766,941.00","8,850.00","86.66","United States","NASDAQ","USD","1.00","USD","-"
"ALIT","ALIGHT INC CLASS A","Industrials","Equity","761,726.88","0.01","761,726.88","116,472.00","6.54","United States","New York Stock Exchange Inc.","USD","1.00","USD","-"
"MRP","MILLROSE PROPERTIES INC CLASS A","Consumer Discretionary","Equity","762,849.69","0.01","762,849.69","34,071.00","22.39","United States","New York Stock Exchange Inc.","USD","1.00","USD","-"
"DEI","DOUGLAS EMMETT REIT INC","Real Estate","Equity","756,030.47","0.01","756,030.47","44,551.00","16.97","United States","New York Stock Exchange Inc.","USD","1.00","USD","-"
"PRVA","PRIVIA HEALTH GROUP INC","Health Care","Equity","751,638.02","0.00","751,638.02","29,258.00","25.69","United States","NASDAQ","USD","1.00","USD","-"
"ACLX","ARCELLX INC","Health Care","Equity","750,172.08","0.00","750,172.08","10,891.00","68.88","United States","NASDAQ","USD","1.00","USD","-"
"CPK","CHESAPEAKE UTILITIES CORP","Utilities","Equity","743,883.36","0.00","743,883.36","5,874.00","126.64","United States","New York Stock Exchange Inc.","USD","1.00","USD","-"
"INDB","INDEPENDENT BANK CORP","Financials","Equity","744,644.20","0.00","744,644.20","11,527.00","64.60","United States","NASDAQ","USD","1.00","USD","-"
"VCEL","VERICEL CORP","Health Care","Equity","738,888.67","0.00","738,888.67","14,339.00","51.53","United States","NASDAQ","USD","1.00","USD","-"
"FLG","FLAGSTAR FINANCIAL INC","Financials","Equity","740,019.16","0.00","740,019.16","63,034.00","11.74","United States","New York Stock Exchange Inc.","USD","1.00","USD","-"
"WAY","WAYSTAR HOLDING CORP","Health Care","Equity","738,492.07","0.00","738,492.07","16,903.00","43.69","United States","NASDAQ","USD","1.00","USD","-"
"BLKB","BLACKBAUD INC","Information Technology","Equity","735,978.21","0.00","735,978.21","11,321.00","65.01","United States","NASDAQ","USD","1.00","USD","-"
"FOLD","AMICUS THERAPEUTICS INC","Health Care","Equity","736,941.00","0.00","736,941.00","80,540.00","9.15","United States","NASDAQ","USD","1.00","USD","-"
"DOCN","DIGITALOCEAN HOLDINGS INC","Information Technology","Equity","735,590.32","0.00","735,590.32","17,708.00","41.54","United States","New York Stock Exchange Inc.","USD","1.00","USD","-"
"ACHC","ACADIA HEALTHCARE COMPANY INC","Health Care","Equity","731,760.40","0.00","731,760.40","24,655.00","29.68","United States","NASDAQ","USD","1.00","USD","-"
"BHVN","BIOHAVEN LTD","Health Care","Equity","731,015.88","0.00","731,015.88","23,604.00","30.97","United States","New York Stock Exchange Inc.","USD","1.00","USD","-"
"ALRM","ALARM.COM HOLDINGS INC","Information Technology","Equity","731,157.86","0.00","731,157.86","12,239.00","59.74","United States","NASDAQ","USD","1.00","USD","-"
"PSN","PARSONS CORP","Industrials","Equity","728,232.12","0.00","728,232.12","12,474.00","58.38","United States","New York Stock Exchange Inc.","USD","1.00","USD","-"
"EVTC","EVERTEC INC","Financials","Equity","726,760.56","0.00","726,760.56","19,196.00","37.86","United States","New York Stock Exchange Inc.","USD","1.00","USD","-"
"CWT","CALIFORNIA WATER SERVICE GROUP","Utilities","Equity","725,220.90","0.00","725,220.90","15,546.00","46.65","United States","New York Stock Exchange Inc.","USD","1.00","USD","-"
"JOBY","JOBY AVIATION INC CLASS A","Industrials","Equity","725,267.06","0.00","725,267.06","106,814.00","6.79","United States","New York Stock Exchange Inc.","USD","1.00","USD","-"
"AKR","ACADIA REALTY TRUST REIT","Real Estate","Equity","725,559.84","0.00","725,559.84","31,464.00","23.06","United States","New York Stock Exchange Inc.","USD","1.00","USD","-"
"SMTC","SEMTECH CORP","Information Technology","Equity","726,005.88","0.00","726,005.88","19,707.00","36.84","United States","NASDAQ","USD","1.00","USD","-"
"BUR","BURFORD CAPITAL LTD","Financials","Equity","723,776.22","0.00","723,776.22","53,258.00","13.59","United Kingdom","New York Stock Exchange Inc.","USD","1.00","USD","-"
"DNB","DUN BRADST HLDG INC","Industrials","Equity","722,436.42","0.00","722,436.42","83,326.00","8.67","United States","New York Stock Exchange Inc.","USD","1.00","USD","-"
"AVA","AVISTA CORP","Utilities","Equity","722,509.04","0.00","722,509.04","18,296.00","39.49","United States","New York Stock Exchange Inc.","USD","1.00","USD","-"
"VIAV","VIAVI SOLUTIONS INC","Information Technology","Equity","723,214.82","0.00","723,214.82","64,058.00","11.29","United States","NASDAQ","USD","1.00","USD","-"
"GNW","GENWORTH FINANCIAL INC","Financials","Equity","721,862.40","0.00","721,862.40","107,420.00","6.72","United States","New York Stock Exchange Inc.","USD","1.00","USD","-"
"BOH","BANK OF HAWAII CORP","Financials","Equity","718,282.50","0.00","718,282.50","10,335.00","69.50","United States","New York Stock Exchange Inc.","USD","1.00","USD","-"
"WEN","WENDYS","Consumer Discretionary","Equity","719,050.15","0.00","719,050.15","48,097.00","14.95","United States","NASDAQ","USD","1.00","USD","-"
"RYTM","RHYTHM PHARMACEUTICALS INC","Health Care","Equity","717,213.80","0.00","717,213.80","13,540.00","52.97","United States","NASDAQ","USD","1.00","USD","-"
"NSA","NATIONAL STORAGE AFFILIATES TRUST","Real Estate","Equity","717,325.23","0.00","717,325.23","18,483.00","38.81","United States","New York Stock Exchange Inc.","USD","1.00","USD","-"
"BL","BLACKLINE INC","Information Technology","Equity","715,712.40","0.00","715,712.40","14,920.00","47.97","United States","NASDAQ","USD","1.00","USD","-"
"VAC","MARRIOTT VACATIONS WORLDWIDE CORP","Consumer Discretionary","Equity","713,691.00","0.00","713,691.00","9,790.00","72.90","United States","New York Stock Exchange Inc.","USD","1.00","USD","-"
"HCC","WARRIOR MET COAL INC","Materials","Equity","711,992.88","0.00","711,992.88","14,596.00","48.78","United States","New York Stock Exchange Inc.","USD","1.00","USD","-"
"CPRX","CATALYST PHARMACEUTICALS INC","Health Care","Equity","712,366.27","0.00","712,366.27","32,543.00","21.89","United States","NASDAQ","USD","1.00","USD","-"
"OUT","OUTFRONT MEDIA INC","Real Estate","Equity","710,016.25","0.00","710,016.25","38,905.00","18.25","United States","New York Stock Exchange Inc.","USD","1.00","USD","-"
"SFNC","SIMMONS FIRST NATIONAL CORP CLASS","Financials","Equity","710,809.00","0.00","710,809.00","34,010.00","20.90","United States","NASDAQ","USD","1.00","USD","-"
"STNE","STONECO LTD CLASS A","Financials","Equity","710,940.80","0.00","710,940.80","76,610.00","9.28","Brazil","NASDAQ","USD","1.00","USD","-"
"MGRC","MCGRATH RENT","Industrials","Equity","709,134.96","0.00","709,134.96","6,168.00","114.97","United States","NASDAQ","USD","1.00","USD","-"
"PK","PARK HOTELS RESORTS INC","Real Estate","Equity","709,359.60","0.00","709,359.60","59,560.00","11.91","United States","New York Stock Exchange Inc.","USD","1.00","USD","-"
"JWN","NORDSTROM INC","Consumer Discretionary","Equity","709,558.08","0.00","709,558.08","29,128.00","24.36","United States","New York Stock Exchange Inc.","USD","1.00","USD","-"
"LAUR","LAUREATE EDUCATION INC","Consumer Discretionary","Equity","702,438.09","0.00","702,438.09","35,423.00","19.83","United States","NASDAQ","USD","1.00","USD","-"
"PRCT","PROCEPT BIOROBOTICS CORP","Health Care","Equity","702,646.56","0.00","702,646.56","11,088.00","63.37","United States","NASDAQ","USD","1.00","USD","-"
"TEX","TEREX CORP","Industrials","Equity","703,533.49","0.00","703,533.49","18,007.00","39.07","United States","New York Stock Exchange Inc.","USD","1.00","USD","-"
"REZI","RESIDEO TECHNOLOGIES INC","Industrials","Equity","699,816.44","0.00","699,816.44","37,951.00","18.44","United States","New York Stock Exchange Inc.","USD","1.00","USD","-"
"BKU","BANKUNITED INC","Financials","Equity","699,959.48","0.00","699,959.48","20,108.00","34.81","United States","New York Stock Exchange Inc.","USD","1.00","USD","-"
"MAN","MANPOWER INC","Industrials","Equity","700,037.84","0.00","700,037.84","11,944.00","58.61","United States","New York Stock Exchange Inc.","USD","1.00","USD","-"
"ENVA","ENOVA INTERNATIONAL INC","Financials","Equity","700,129.42","0.00","700,129.42","7,262.00","96.41","United States","New York Stock Exchange Inc.","USD","1.00","USD","-"
"EPAC","ENERPAC TOOL GROUP CORP CLASS A","Industrials","Equity","700,448.58","0.00","700,448.58","15,894.00","44.07","United States","New York Stock Exchange Inc.","USD","1.00","USD","-"
"PFSI","PENNYMAC FINANCIAL SERVICES INC","Financials","Equity","697,152.36","0.00","697,152.36","6,779.00","102.84","United States","New York Stock Exchange Inc.","USD","1.00","USD","-"
"CNK","CINEMARK HOLDINGS INC","Communication","Equity","697,427.28","0.00","697,427.28","29,353.00","23.76","United States","New York Stock Exchange Inc.","USD","1.00","USD","-"
"HURN","HURON CONSULTING GROUP INC","Industrials","Equity","695,923.28","0.00","695,923.28","4,706.00","147.88","United States","NASDAQ","USD","1.00","USD","-"
"WNS","WNS HOLDINGS LTD","Industrials","Equity","691,923.66","0.00","691,923.66","12,314.00","56.19","United States","New York Stock Exchange Inc.","USD","1.00","USD","-"
"BANF","BANCFIRST CORP","Financials","Equity","689,062.11","0.00","689,062.11","5,983.00","115.17","United States","NASDAQ","USD","1.00","USD","-"
"APLS","APELLIS PHARMACEUTICALS INC","Health Care","Equity","689,312.00","0.00","689,312.00","26,512.00","26.00","United States","NASDAQ","USD","1.00","USD","-"
"LXP","LXP INDUSTRIAL TRUST","Real Estate","Equity","688,595.70","0.00","688,595.70","74,685.00","9.22","United States","New York Stock Exchange Inc.","USD","1.00","USD","-"
"PTON","PELOTON INTERACTIVE CLASS A INC","Consumer Discretionary","Equity","686,622.95","0.00","686,622.95","99,655.00","6.89","United States","NASDAQ","USD","1.00","USD","-"
"HP","HELMERICH & PAYNE INC","Energy","Equity","684,628.50","0.00","684,628.50","27,114.00","25.25","United States","New York Stock Exchange Inc.","USD","1.00","USD","-"
"RNG","RINGCENTRAL INC CLASS A","Information Technology","Equity","684,649.66","0.00","684,649.66","24,478.00","27.97","United States","New York Stock Exchange Inc.","USD","1.00","USD","-"
"FIBK","FIRST INTERSTATE BANCSYSTEM INC","Financials","Equity","685,373.80","0.00","685,373.80","23,740.00","28.87","United States","NASDAQ","USD","1.00","USD","-"
"NUVL","NUVALENT INC CLASS A","Health Care","Equity","683,329.08","0.00","683,329.08","9,492.00","71.99","United States","NASDAQ","USD","1.00","USD","-"
"LCII","LCI INDUSTRIES","Consumer Discretionary","Equity","681,262.10","0.00","681,262.10","6,973.00","97.70","United States","New York Stock Exchange Inc.","USD","1.00","USD","-"
"HUBG","HUB GROUP INC CLASS A","Industrials","Equity","681,631.67","0.00","681,631.67","17,393.00","39.19","United States","NASDAQ","USD","1.00","USD","-"
"CXT","CRANE NXT","Information Technology","Equity","680,110.50","0.00","680,110.50","12,665.00","53.70","United States","New York Stock Exchange Inc.","USD","1.00","USD","-"
"CPRI","CAPRI HOLDINGS LTD","Consumer Discretionary","Equity","678,265.50","0.00","678,265.50","30,525.00","22.22","United States","New York Stock Exchange Inc.","USD","1.00","USD","-"
"NOG","NORTHERN OIL AND GAS INC","Energy","Equity","675,892.80","0.00","675,892.80","24,480.00","27.61","United States","New York Stock Exchange Inc.","USD","1.00","USD","-"
"PDCO","PATTERSON COMPANIES INC","Health Care","Equity","673,589.34","0.00","673,589.34","21,631.00","31.14","United States","NASDAQ","USD","1.00","USD","-"
"CVBF","CVB FINANCIAL CORP","Financials","Equity","671,504.76","0.00","671,504.76","34,578.00","19.42","United States","NASDAQ","USD","1.00","USD","-"
"IPAR","INTERPARFUMS INC","Consumer Staples","Equity","672,155.00","0.00","672,155.00","5,050.00","133.10","United States","NASDAQ","USD","1.00","USD","-"
"AI","C3 AI INC CLASS A","Information Technology","Equity","667,721.52","0.00","667,721.52","29,493.00","22.64","United States","New York Stock Exchange Inc.","USD","1.00","USD","-"
"FIVN","FIVE9 INC","Information Technology","Equity","667,741.30","0.00","667,741.30","19,445.00","34.34","United States","NASDAQ","USD","1.00","USD","-"
"BWIN","BALDWIN INSURANCE GROUP INC CLASS","Financials","Equity","668,346.36","0.00","668,346.36","16,333.00","40.92","United States","NASDAQ","USD","1.00","USD","-"
"SMG","SCOTTS MIRACLE GRO","Materials","Equity","667,409.80","0.00","667,409.80","10,756.00","62.05","United States","New York Stock Exchange Inc.","USD","1.00","USD","-"
"CNS","COHEN & STEERS INC","Financials","Equity","661,845.25","0.00","661,845.25","7,975.00","82.99","United States","New York Stock Exchange Inc.","USD","1.00","USD","-"
"QDEL","QUIDELORTHO CORP","Health Care","Equity","661,893.95","0.00","661,893.95","16,685.00","39.67","United States","NASDAQ","USD","1.00","USD","-"
"FORM","FORMFACTOR INC","Information Technology","Equity","662,527.18","0.00","662,527.18","20,461.00","32.38","United States","NASDAQ","USD","1.00","USD","-"
"GT","GOODYEAR TIRE & RUBBER","Consumer Discretionary","Equity","657,758.32","0.00","657,758.32","75,431.00","8.72","United States","NASDAQ","USD","1.00","USD","-"
"VCYT","VERACYTE INC","Health Care","Equity","657,980.48","0.00","657,980.48","19,963.00","32.96","United States","NASDAQ","USD","1.00","USD","-"
"PRGS","PROGRESS SOFTWARE CORP","Information Technology","Equity","657,998.90","0.00","657,998.90","11,771.00","55.90","United States","NASDAQ","USD","1.00","USD","-"
"BRZE","BRAZE INC CLASS A","Information Technology","Equity","658,391.04","0.00","658,391.04","18,048.00","36.48","United States","NASDAQ","USD","1.00","USD","-"
"CHEF","CHEFS WAREHOUSE INC","Consumer Staples","Equity","656,296.10","0.00","656,296.10","10,526.00","62.35","United States","NASDAQ","USD","1.00","USD","-"
"VCTR","VICTORY CAPITAL HOLDINGS CLASS A I","Financials","Equity","656,958.54","0.00","656,958.54","10,932.00","60.09","United States","NASDAQ","USD","1.00","USD","-"
"SYNA","SYNAPTICS INC","Information Technology","Equity","654,038.02","0.00","654,038.02","10,282.00","63.61","United States","NASDAQ","USD","1.00","USD","-"
"LBRT","LIBERTY ENERGY INC CLASS A","Energy","Equity","651,992.77","0.00","651,992.77","41,449.00","15.73","United States","New York Stock Exchange Inc.","USD","1.00","USD","-"
"BFH","BREAD FINANCIAL HOLDINGS INC","Financials","Equity","652,488.88","0.00","652,488.88","12,814.00","50.92","United States","New York Stock Exchange Inc.","USD","1.00","USD","-"
"SLVM","SYLVAMO CORP","Materials","Equity","651,008.71","0.00","651,008.71","9,409.00","69.19","United States","New York Stock Exchange Inc.","USD","1.00","USD","-"
"PAR","PAR TECHNOLOGY CORP","Information Technology","Equity","648,662.95","0.00","648,662.95","10,049.00","64.55","United States","New York Stock Exchange Inc.","USD","1.00","USD","-"
"PFS","PROVIDENT FINANCIAL SERVICES INC","Financials","Equity","645,032.96","0.00","645,032.96","36,608.00","17.62","United States","New York Stock Exchange Inc.","USD","1.00","USD","-"
"AMTM","AMENTUM HOLDINGS INC","Industrials","Equity","645,048.25","0.00","645,048.25","33,509.00","19.25","United States","New York Stock Exchange Inc.","USD","1.00","USD","-"
"RIOT","RIOT PLATFORMS INC","Information Technology","Equity","640,567.68","0.00","640,567.68","72,136.00","8.88","United States","NASDAQ","USD","1.00","USD","-"
"IOSP","INNOSPEC INC","Materials","Equity","640,788.48","0.00","640,788.48","6,528.00","98.16","United States","NASDAQ","USD","1.00","USD","-"
"BOKF","BOK FINANCIAL CORP","Financials","Equity","639,292.40","0.00","639,292.40","6,070.00","105.32","United States","NASDAQ","USD","1.00","USD","-"
"TNET","TRINET GROUP INCINARY","Industrials","Equity","638,256.36","0.00","638,256.36","8,526.00","74.86","United States","New York Stock Exchange Inc.","USD","1.00","USD","-"
"GPOR","GULFPORT ENERGY CORP","Energy","Equity","635,998.12","0.00","635,998.12","3,748.00","169.69","United States","New York Stock Exchange Inc.","USD","1.00","USD","-"
"TWST","TWIST BIOSCIENCE CORP","Health Care","Equity","636,216.50","0.00","636,216.50","15,130.00","42.05","United States","NASDAQ","USD","1.00","USD","-"
"PSMT","PRICESMART INC","Consumer Staples","Equity","634,434.22","0.00","634,434.22","7,378.00","85.99","United States","NASDAQ","USD","1.00","USD","-"
"FFBC","FIRST FINANCIAL BANCORP","Financials","Equity","634,538.85","0.00","634,538.85","24,585.00","25.81","United States","NASDAQ","USD","1.00","USD","-"
"YELP","YELP INC","Communication","Equity","633,857.60","0.00","633,857.60","18,820.00","33.68","United States","New York Stock Exchange Inc.","USD","1.00","USD","-"
"CON","CONCENTRA GROUP HOLDINGS PARENT IN","Health Care","Equity","630,751.40","0.00","630,751.40","27,604.00","22.85","United States","New York Stock Exchange Inc.","USD","1.00","USD","-"
"ACVA","ACV AUCTIONS INC CLASS A","Industrials","Equity","630,819.54","0.00","630,819.54","41,474.00","15.21","United States","NASDAQ","USD","1.00","USD","-"
"BANR","BANNER CORP","Financials","Equity","630,925.56","0.00","630,925.56","9,732.00","64.83","United States","NASDAQ","USD","1.00","USD","-"
"CWEN","CLEARWAY ENERGY INC CLASS C","Utilities","Equity","625,815.02","0.00","625,815.02","22,991.00","27.22","United States","New York Stock Exchange Inc.","USD","1.00","USD","-"
"ACAD","ACADIA PHARMACEUTICALS INC","Health Care","Equity","626,327.36","0.00","626,327.36","34,642.00","18.08","United States","NASDAQ","USD","1.00","USD","-"
"APAM","ARTISAN PARTNERS ASSET MANAGEMENT","Financials","Equity","624,284.58","0.00","624,284.58","14,871.00","41.98","United States","New York Stock Exchange Inc.","USD","1.00","USD","-"
"ATKR","ATKORE INC","Industrials","Equity","622,788.45","0.00","622,788.45","9,995.00","62.31","United States","New York Stock Exchange Inc.","USD","1.00","USD","-"
"NCNO","NCINO INC","Information Technology","Equity","619,989.80","0.00","619,989.80","20,428.00","30.35","United States","NASDAQ","USD","1.00","USD","-"
"TDC","TERADATA CORP","Information Technology","Equity","620,344.92","0.00","620,344.92","26,364.00","23.53","United States","New York Stock Exchange Inc.","USD","1.00","USD","-"
"UE","URBAN EDGE PROPERTIES","Real Estate","Equity","617,880.84","0.00","617,880.84","30,318.00","20.38","United States","New York Stock Exchange Inc.","USD","1.00","USD","-"
"RRR","RED ROCK RESORTS ORS CLASS A INC","Consumer Discretionary","Equity","617,652.00","0.00","617,652.00","12,900.00","47.88","United States","NASDAQ","USD","1.00","USD","-"
"KAR","OPENLANE INC","Industrials","Equity","614,470.00","0.00","614,470.00","28,580.00","21.50","United States","New York Stock Exchange Inc.","USD","1.00","USD","-"
"PAYO","PAYONEER GLOBAL INC","Financials","Equity","612,973.32","0.00","612,973.32","73,498.00","8.34","United States","NASDAQ","USD","1.00","USD","-"
"WRBY","WARBY PARKER INC CLASS A","Consumer Discretionary","Equity","609,660.50","0.00","609,660.50","25,943.00","23.50","United States","New York Stock Exchange Inc.","USD","1.00","USD","-"
"PTGX","PROTAGONIST THERAPEUTICS INC","Health Care","Equity","609,970.80","0.00","609,970.80","15,864.00","38.45","United States","NASDAQ","USD","1.00","USD","-"
"AZZ","AZZ INC","Industrials","Equity","607,882.56","0.00","607,882.56","6,752.00","90.03","United States","New York Stock Exchange Inc.","USD","1.00","USD","-"
"VC","VISTEON CORP","Consumer Discretionary","Equity","606,023.10","0.00","606,023.10","7,002.00","86.55","United States","NASDAQ","USD","1.00","USD","-"
"AIR","AAR CORP","Industrials","Equity","602,668.20","0.00","602,668.20","9,402.00","64.10","United States","New York Stock Exchange Inc.","USD","1.00","USD","-"
"AMKR","AMKOR TECHNOLOGY INC","Information Technology","Equity","602,786.24","0.00","602,786.24","29,092.00","20.72","United States","NASDAQ","USD","1.00","USD","-"
"TRN","TRINITY INDUSTRIES INC","Industrials","Equity","602,887.36","0.00","602,887.36","20,204.00","29.84","United States","New York Stock Exchange Inc.","USD","1.00","USD","-"
"PII","POLARIS INC","Consumer Discretionary","Equity","602,947.52","0.00","602,947.52","14,624.00","41.23","United States","New York Stock Exchange Inc.","USD","1.00","USD","-"
"HHH","HOWARD HUGHES HOLDINGS INC","Real Estate","Equity","604,037.28","0.00","604,037.28","7,788.00","77.56","United States","New York Stock Exchange Inc.","USD","1.00","USD","-"
"AVPT","AVEPOINT INC CLASS A","Information Technology","Equity","601,917.30","0.00","601,917.30","39,341.00","15.30","United States","NASDAQ","USD","1.00","USD","-"
"DRS","LEONARDO DRS INC","Industrials","Equity","602,434.60","0.00","602,434.60","19,585.00","30.76","United States","NASDAQ","USD","1.00","USD","-"
"RKT","ROCKET COMPANIES INC CLASS A","Financials","Equity","600,321.00","0.00","600,321.00","40,290.00","14.90","United States","New York Stock Exchange Inc.","USD","1.00","USD","-"
"SPB","SPECTRUM BRANDS HOLDINGS INC","Consumer Staples","Equity","601,006.25","0.00","601,006.25","8,125.00","73.97","United States","New York Stock Exchange Inc.","USD","1.00","USD","-"
"DIOD","DIODES INC","Information Technology","Equity","598,787.28","0.00","598,787.28","12,168.00","49.21","United States","NASDAQ","USD","1.00","USD","-"
"TOWN","TOWNEBANK","Financials","Equity","599,156.12","0.00","599,156.12","17,036.00","35.17","United States","NASDAQ","USD","1.00","USD","-"
"FRME","FIRST MERCHANTS CORP","Financials","Equity","597,681.91","0.00","597,681.91","14,357.00","41.63","United States","NASDAQ","USD","1.00","USD","-"
"TMDX","TRANSMEDICS GROUP INC","Health Care","Equity","592,325.52","0.00","592,325.52","8,783.00","67.44","United States","NASDAQ","USD","1.00","USD","-"
"AZTA","AZENTA INC","Health Care","Equity","592,401.80","0.00","592,401.80","14,470.00","40.94","United States","NASDAQ","USD","1.00","USD","-"
"TBBK","BANCORP INC","Financials","Equity","593,007.14","0.00","593,007.14","11,572.00","51.24","United States","NASDAQ","USD","1.00","USD","-"
"TRMK","TRUSTMARK CORP","Financials","Equity","589,027.50","0.00","589,027.50","16,710.00","35.25","United States","NASDAQ","USD","1.00","USD","-"
"AEO","AMERICAN EAGLE OUTFITTERS INC","Consumer Discretionary","Equity","590,171.28","0.00","590,171.28","48,694.00","12.12","United States","New York Stock Exchange Inc.","USD","1.00","USD","-"
"AIN","ALBANY INTERNATIONAL CORP CLASS A","Industrials","Equity","588,006.49","0.00","588,006.49","7,999.00","73.51","United States","New York Stock Exchange Inc.","USD","1.00","USD","-"
"NMRK","NEWMARK GROUP INC CLASS A","Real Estate","Equity","587,328.38","0.00","587,328.38","41,773.00","14.06","United States","NASDAQ","USD","1.00","USD","-"
"HWKN","HAWKINS INC","Materials","Equity","583,092.22","0.00","583,092.22","5,618.00","103.79","United States","NASDAQ","USD","1.00","USD","-"
"PBF","PBF ENERGY INC CLASS A","Energy","Equity","583,124.14","0.00","583,124.14","29,069.00","20.06","United States","New York Stock Exchange Inc.","USD","1.00","USD","-"
"CURB","CURBLINE PROPERTIES","Real Estate","Equity","581,961.60","0.00","581,961.60","24,048.00","24.20","United States","New York Stock Exchange Inc.","USD","1.00","USD","-"
"CAKE","CHEESECAKE FACTORY INC","Consumer Discretionary","Equity","582,133.87","0.00","582,133.87","11,659.00","49.93","United States","NASDAQ","USD","1.00","USD","-"
"MQ","MARQETA INC CLASS A","Financials","Equity","582,271.92","0.00","582,271.92","141,672.00","4.11","United States","NASDAQ","USD","1.00","USD","-"
"LOAR","LOAR HOLDINGS INC","Industrials","Equity","580,017.90","0.00","580,017.90","8,085.00","71.74","United States","New York Stock Exchange Inc.","USD","1.00","USD","-"
"SIG","SIGNET JEWELERS LTD","Consumer Discretionary","Equity","581,411.44","0.00","581,411.44","11,779.00","49.36","United States","New York Stock Exchange Inc.","USD","1.00","USD","-"
"SHO","SUNSTONE HOTEL INVESTORS REIT INC","Real Estate","Equity","578,487.90","0.00","578,487.90","54,885.00","10.54","United States","New York Stock Exchange Inc.","USD","1.00","USD","-"
"PI","IMPINJ INC","Information Technology","Equity","578,496.82","0.00","578,496.82","6,101.00","94.82","United States","NASDAQ","USD","1.00","USD","-"
"SG","SWEETGREEN INC CLASS A","Consumer Discretionary","Equity","578,724.51","0.00","578,724.51","25,151.00","23.01","United States","New York Stock Exchange Inc.","USD","1.00","USD","-"
"HNI","HNI CORP","Industrials","Equity","577,824.61","0.00","577,824.61","12,947.00","44.63","United States","New York Stock Exchange Inc.","USD","1.00","USD","-"
"PHIN","PHINIA INC","Consumer Discretionary","Equity","577,915.80","0.00","577,915.80","12,509.00","46.20","United States","New York Stock Exchange Inc.","USD","1.00","USD","-"
"MRCY","MERCURY SYSTEMS INC","Industrials","Equity","578,293.44","0.00","578,293.44","13,152.00","43.97","United States","NASDAQ","USD","1.00","USD","-"
"LCID","LUCID GROUP INC","Consumer Discretionary","Equity","575,559.95","0.00","575,559.95","265,235.00","2.17","United States","NASDAQ","USD","1.00","USD","-"
"SAM","BOSTON BEER INC CLASS A","Consumer Staples","Equity","575,850.18","0.00","575,850.18","2,423.00","237.66","United States","New York Stock Exchange Inc.","USD","1.00","USD","-"
"ENR","ENERGIZER HOLDINGS INC","Consumer Staples","Equity","576,570.58","0.00","576,570.58","19,361.00","29.78","United States","New York Stock Exchange Inc.","USD","1.00","USD","-"
"CNXC","CONCENTRIX CORP","Industrials","Equity","570,868.00","0.00","570,868.00","13,276.00","43.00","United States","NASDAQ","USD","1.00","USD","-"
"HBI","HANESBRANDS INC","Consumer Discretionary","Equity","570,629.54","0.00","570,629.54","95,423.00","5.98","United States","New York Stock Exchange Inc.","USD","1.00","USD","-"
"PRK","PARK NATIONAL CORP","Financials","Equity","569,126.76","0.00","569,126.76","3,572.00","159.33","United States","Nyse Mkt Llc","USD","1.00","USD","-"
"KLIC","KULICKE AND SOFFA INDUSTRIES INC","Information Technology","Equity","567,077.28","0.00","567,077.28","15,114.00","37.52","United States","NASDAQ","USD","1.00","USD","-"
"FWONA","LIBERTY MEDIA FORMULA ONE CORP SER","Communication","Equity","567,393.58","0.00","567,393.58","6,593.00","86.06","United States","NASDAQ","USD","1.00","USD","-"
"SXI","STANDEX INTERNATIONAL CORP","Industrials","Equity","567,683.62","0.00","567,683.62","3,106.00","182.77","United States","New York Stock Exchange Inc.","USD","1.00","USD","-"
"VSH","VISHAY INTERTECHNOLOGY INC","Information Technology","Equity","564,867.45","0.00","564,867.45","32,445.00","17.41","United States","New York Stock Exchange Inc.","USD","1.00","USD","-"
"RNST","RENASANT CORP","Financials","Equity","564,883.65","0.00","564,883.65","16,209.00","34.85","United States","New York Stock Exchange Inc.","USD","1.00","USD","-"
"COTY","COTY INC CLASS A","Consumer Staples","Equity","564,944.10","0.00","564,944.10","99,113.00","5.70","United States","New York Stock Exchange Inc.","USD","1.00","USD","-"
"IIPR","INNOVATIVE INDUSTRIAL PROPERTIES I","Real Estate","Equity","565,388.58","0.00","565,388.58","7,806.00","72.43","United States","New York Stock Exchange Inc.","USD","1.00","USD","-"
"LIVN","LIVANOVA PLC","Health Care","Equity","565,436.45","0.00","565,436.45","13,835.00","40.87","United States","NASDAQ","USD","1.00","USD","-"
"CXW","CORECIVIC REIT INC","Industrials","Equity","563,923.20","0.00","563,923.20","30,648.00","18.40","United States","New York Stock Exchange Inc.","USD","1.00","USD","-"
"BIRK","BIRKENSTOCK HOLDING PLC","Consumer Discretionary","Equity","562,245.60","0.00","562,245.60","11,760.00","47.81","United States","New York Stock Exchange Inc.","USD","1.00","USD","-"
"SHOO","STEVEN MADDEN LTD","Consumer Discretionary","Equity","561,082.41","0.00","561,082.41","19,341.00","29.01","United States","NASDAQ","USD","1.00","USD","-"
"LBTYK","LIBERTY GLOBAL LTD CLASS C","Communication","Equity","558,768.45","0.00","558,768.45","46,065.00","12.13","United States","NASDAQ","USD","1.00","USD","-"
"TTMI","TTM TECHNOLOGIES INC","Information Technology","Equity","560,008.80","0.00","560,008.80","24,180.00","23.16","United States","NASDAQ","USD","1.00","USD","-"
"PPC","PILGRIMS PRIDE CORP","Consumer Staples","Equity","558,248.04","0.00","558,248.04","10,458.00","53.38","United States","NASDAQ","USD","1.00","USD","-"
"UEC","URANIUM ENERGY CORP","Energy","Equity","554,409.26","0.00","554,409.26","105,401.00","5.26","United States","Nyse Mkt Llc","USD","1.00","USD","-"
"SSRM","SSR MINING INC","Materials","Equity","554,927.52","0.00","554,927.52","53,256.00","10.42","Canada","NASDAQ","USD","1.00","USD","-"
"HAYW","HAYWARD HOLDINGS INC","Industrials","Equity","555,148.80","0.00","555,148.80","37,920.00","14.64","United States","New York Stock Exchange Inc.","USD","1.00","USD","-"
"JJSF","J AND J SNACK FOODS CORP","Consumer Staples","Equity","555,546.24","0.00","555,546.24","4,128.00","134.58","United States","NASDAQ","USD","1.00","USD","-"
"BEAM","BEAM THERAPEUTICS INC","Health Care","Equity","555,620.80","0.00","555,620.80","21,280.00","26.11","United States","NASDAQ","USD","1.00","USD","-"
"AGIO","AGIOS PHARMACEUTICALS INC","Health Care","Equity","553,452.90","0.00","553,452.90","16,302.00","33.95","United States","NASDAQ","USD","1.00","USD","-"
"IVT","INVENTRUST PROPERTIES CORP","Real Estate","Equity","551,669.89","0.00","551,669.89","18,581.00","29.69","United States","New York Stock Exchange Inc.","USD","1.00","USD","-"
"EWTX","EDGEWISE THERAPEUTICS INC","Health Care","Equity","550,199.29","0.00","550,199.29","20,599.00","26.71","United States","NASDAQ","USD","1.00","USD","-"
"MTX","MINERALS TECHNOLOGIES INC","Materials","Equity","548,883.92","0.00","548,883.92","8,104.00","67.73","United States","New York Stock Exchange Inc.","USD","1.00","USD","-"
"YOU","CLEAR SECURE INC CLASS A","Information Technology","Equity","549,450.00","0.00","549,450.00","21,978.00","25.00","United States","New York Stock Exchange Inc.","USD","1.00","USD","-"
"DV","DOUBLEVERIFY HOLDINGS INC","Information Technology","Equity","547,243.27","0.00","547,243.27","37,051.00","14.77","United States","New York Stock Exchange Inc.","USD","1.00","USD","-"
"VSEC","VSE CORP","Industrials","Equity","546,325.60","0.00","546,325.60","4,624.00","118.15","United States","NASDAQ","USD","1.00","USD","-"
"NEOG","NEOGEN CORP","Health Care","Equity","546,508.44","0.00","546,508.44","57,286.00","9.54","United States","NASDAQ","USD","1.00","USD","-"
"CC","CHEMOURS","Materials","Equity","540,876.00","0.00","540,876.00","38,360.00","14.10","United States","New York Stock Exchange Inc.","USD","1.00","USD","-"
"BATRK","ATLANTA BRAVES HOLDINGS INC SERIES","Communication","Equity","541,678.08","0.00","541,678.08","13,488.00","40.16","United States","NASDAQ","USD","1.00","USD","-"
"IPGP","IPG PHOTONICS CORP","Information Technology","Equity","541,733.64","0.00","541,733.64","8,542.00","63.42","United States","NASDAQ","USD","1.00","USD","-"
"NATL","NCR ATLEOS CORP","Financials","Equity","541,749.60","0.00","541,749.60","21,498.00","25.20","United States","New York Stock Exchange Inc.","USD","1.00","USD","-"
"LZB","LA-Z-BOY INC","Consumer Discretionary","Equity","539,429.10","0.00","539,429.10","12,810.00","42.11","United States","New York Stock Exchange Inc.","USD","1.00","USD","-"
"AAP","ADVANCE AUTO PARTS INC","Consumer Discretionary","Equity","536,753.10","0.00","536,753.10","15,626.00","34.35","United States","New York Stock Exchange Inc.","USD","1.00","USD","-"
"LTH","LIFE TIME GROUP HOLDINGS INC","Consumer Discretionary","Equity","534,675.90","0.00","534,675.90","16,610.00","32.19","United States","New York Stock Exchange Inc.","USD","1.00","USD","-"
"PYCR","PAYCOR HCM INC","Industrials","Equity","534,701.40","0.00","534,701.40","23,924.00","22.35","United States","NASDAQ","USD","1.00","USD","-"
"ROCK","GIBRALTAR INDUSTRIES INC","Industrials","Equity","534,707.36","0.00","534,707.36","8,156.00","65.56","United States","NASDAQ","USD","1.00","USD","-"
"ARWR","ARROWHEAD PHARMACEUTICALS INC","Health Care","Equity","535,212.80","0.00","535,212.80","30,848.00","17.35","United States","NASDAQ","USD","1.00","USD","-"
"VAL","VALARIS LTD","Energy","Equity","535,320.92","0.00","535,320.92","15,754.00","33.98","United States","New York Stock Exchange Inc.","USD","1.00","USD","-"
"EXTR","EXTREME NETWORKS INC","Information Technology","Equity","534,056.48","0.00","534,056.48","35,228.00","15.16","United States","NASDAQ","USD","1.00","USD","-"
"TDW","TIDEWATER INC","Energy","Equity","534,250.08","0.00","534,250.08","13,104.00","40.77","United States","New York Stock Exchange Inc.","USD","1.00","USD","-"
"SYBT","STOCK YARDS BANCORP INC","Financials","Equity","534,432.60","0.00","534,432.60","7,613.00","70.20","United States","NASDAQ","USD","1.00","USD","-"
"NBTB","NBT BANCORP INC","Financials","Equity","531,838.16","0.00","531,838.16","11,816.00","45.01","United States","NASDAQ","USD","1.00","USD","-"
"EFSC","ENTERPRISE FINANCIAL SERVICES CORP","Financials","Equity","532,408.80","0.00","532,408.80","9,380.00","56.76","United States","NASDAQ","USD","1.00","USD","-"
"RIG","TRANSOCEAN LTD","Energy","Equity","529,161.36","0.00","529,161.36","193,832.00","2.73","United States","New York Stock Exchange Inc.","USD","1.00","USD","-"
"ENOV","ENOVIS CORP","Health Care","Equity","527,480.25","0.00","527,480.25","14,025.00","37.61","United States","New York Stock Exchange Inc.","USD","1.00","USD","-"
"DNLI","DENALI THERAPEUTICS INC","Health Care","Equity","527,875.50","0.00","527,875.50","32,385.00","16.30","United States","NASDAQ","USD","1.00","USD","-"
"CLSKW","CLEANSPARK INC","Information Technology","Equity","524,080.80","0.00","524,080.80","61,296.00","8.55","United States","NASDAQ","USD","1.00","USD","-"
"DVAX","DYNAVAX TECHNOLOGIES CORP","Health Care","Equity","524,296.23","0.00","524,296.23","37,423.00","14.01","United States","NASDAQ","USD","1.00","USD","-"
"NTB","BANK OF NT BUTTERFIELD & SON LTD","Financials","Equity","525,005.91","0.00","525,005.91","14,079.00","37.29","United States","New York Stock Exchange Inc.","USD","1.00","USD","-"
"JBLU","JETBLUE AIRWAYS CORP","Industrials","Equity","522,903.60","0.00","522,903.60","80,695.00","6.48","United States","NASDAQ","USD","1.00","USD","-"
"KNTK","KINETIK HOLDINGS INC CLASS A","Energy","Equity","523,336.44","0.00","523,336.44","9,713.00","53.88","United States","New York Stock Exchange Inc.","USD","1.00","USD","-"
"ECG","EVERUS CONSTRUCTION GROUP INC","Industrials","Equity","521,169.50","0.00","521,169.50","13,075.00","39.86","United States","New York Stock Exchange Inc.","USD","1.00","USD","-"
"AMBA","AMBARELLA INC","Information Technology","Equity","521,240.45","0.00","521,240.45","9,283.00","56.15","United States","NASDAQ","USD","1.00","USD","-"
"PRDO","PERDOCEO EDUCATION CORP","Consumer Discretionary","Equity","519,794.62","0.00","519,794.62","20,257.00","25.66","United States","NASDAQ","USD","1.00","USD","-"
"LMND","LEMONADE INC","Financials","Equity","518,345.42","0.00","518,345.42","14,074.00","36.83","United States","New York Stock Exchange Inc.","USD","1.00","USD","-"
"ACLS","AXCELIS TECHNOLOGIES INC","Information Technology","Equity","518,430.24","0.00","518,430.24","8,856.00","58.54","United States","NASDAQ","USD","1.00","USD","-"
"IGT","INTERNATIONAL GAME TECHNOLOGY PLC","Consumer Discretionary","Equity","519,027.51","0.00","519,027.51","28,883.00","17.97","United States","New York Stock Exchange Inc.","USD","1.00","USD","-"
"BCRX","BIOCRYST PHARMACEUTICALS INC","Health Care","Equity","519,225.00","0.00","519,225.00","64,500.00","8.05","United States","NASDAQ","USD","1.00","USD","-"
"NVCR","NOVOCURE LTD","Health Care","Equity","516,590.40","0.00","516,590.40","26,976.00","19.15","United States","NASDAQ","USD","1.00","USD","-"
"HI","HILLENBRAND INC","Industrials","Equity","517,560.61","0.00","517,560.61","19,007.00","27.23","United States","New York Stock Exchange Inc.","USD","1.00","USD","-"
"WERN","WERNER ENTERPRISES INC","Industrials","Equity","517,861.70","0.00","517,861.70","16,414.00","31.55","United States","NASDAQ","USD","1.00","USD","-"
"PPBI","PACIFIC PREMIER BANCORP INC","Financials","Equity","515,191.46","0.00","515,191.46","22,786.00","22.61","United States","NASDAQ","USD","1.00","USD","-"
"AGYS","AGILYSYS INC","Information Technology","Equity","513,734.95","0.00","513,734.95","6,295.00","81.61","United States","NASDAQ","USD","1.00","USD","-"
"LBTYA","LIBERTY GLOBAL LTD CLASS A","Communication","Equity","514,290.96","0.00","514,290.96","44,412.00","11.58","United States","NASDAQ","USD","1.00","USD","-"
"AGM","FEDERAL AGRICULTURAL MORTGAGE NON","Financials","Equity","514,627.30","0.00","514,627.30","2,530.00","203.41","United States","New York Stock Exchange Inc.","USD","1.00","USD","-"
"OI","O I GLASS INC","Materials","Equity","512,691.40","0.00","512,691.40","43,745.00","11.72","United States","New York Stock Exchange Inc.","USD","1.00","USD","-"
"CLVT","CLARIVATE PLC","Industrials","Equity","507,474.03","0.00","507,474.03","123,473.00","4.11","United States","New York Stock Exchange Inc.","USD","1.00","USD","-"
"MYRG","MYR GROUP INC","Industrials","Equity","507,481.20","0.00","507,481.20","4,086.00","124.20","United States","NASDAQ","USD","1.00","USD","-"
"BUSE","FIRST BUSEY CORP","Financials","Equity","508,000.28","0.00","508,000.28","22,618.00","22.46","United States","NASDAQ","USD","1.00","USD","-"
"CALX","CALIX NETWORKS INC","Information Technology","Equity","508,499.06","0.00","508,499.06","14,566.00","34.91","United States","New York Stock Exchange Inc.","USD","1.00","USD","-"
"BFA","BROWN FORMAN CORP CLASS A","Consumer Staples","Equity","508,745.82","0.00","508,745.82","14,187.00","35.86","United States","New York Stock Exchange Inc.","USD","1.00","USD","-"
"WKC","WORLD KINECT CORP","Energy","Equity","505,840.66","0.00","505,840.66","17,849.00","28.34","United States","New York Stock Exchange Inc.","USD","1.00","USD","-"
"OSW","ONESPAWORLD HOLDINGS LTD","Consumer Discretionary","Equity","506,059.75","0.00","506,059.75","26,705.00","18.95","United States","NASDAQ","USD","1.00","USD","-"
"SARO","STANDARDAERO","Industrials","Equity","507,283.25","0.00","507,283.25","18,575.00","27.31","United States","New York Stock Exchange Inc.","USD","1.00","USD","-"
"ABR","ARBOR REALTY TRUST REIT INC","Financials","Equity","507,344.34","0.00","507,344.34","41,214.00","12.31","United States","New York Stock Exchange Inc.","USD","1.00","USD","-"
"CSGS","CSG SYSTEMS INTERNATIONAL INC","Industrials","Equity","504,984.98","0.00","504,984.98","7,883.00","64.06","United States","NASDAQ","USD","1.00","USD","-"
"STNG","SCORPIO TANKERS INC","Energy","Equity","503,862.84","0.00","503,862.84","12,834.00","39.26","United States","New York Stock Exchange Inc.","USD","1.00","USD","-"
"CCS","CENTURY COMMUNITIES INC","Consumer Discretionary","Equity","504,315.15","0.00","504,315.15","7,185.00","70.19","United States","New York Stock Exchange Inc.","USD","1.00","USD","-"
"GRBK","GREEN BRICK PARTNERS INC","Consumer Discretionary","Equity","501,930.45","0.00","501,930.45","8,295.00","60.51","United States","New York Stock Exchange Inc.","USD","1.00","USD","-"
"PRKS","UNITED PARKS AND RESORTS INC","Consumer Discretionary","Equity","502,110.45","0.00","502,110.45","10,113.00","49.65","United States","New York Stock Exchange Inc.","USD","1.00","USD","-"
"ZD","ZIFF DAVIS INC","Communication","Equity","499,988.83","0.00","499,988.83","13,099.00","38.17","United States","NASDAQ","USD","1.00","USD","-"
"FBK","FB FINANCIAL CORP","Financials","Equity","498,640.86","0.00","498,640.86","10,434.00","47.79","United States","New York Stock Exchange Inc.","USD","1.00","USD","-"
"RAMP","LIVERAMP HOLDINGS INC","Information Technology","Equity","494,596.85","0.00","494,596.85","16,715.00","29.59","United States","New York Stock Exchange Inc.","USD","1.00","USD","-"
"WAFD","WAFD INC","Financials","Equity","492,424.03","0.00","492,424.03","17,033.00","28.91","United States","NASDAQ","USD","1.00","USD","-"
"STC","STEWART INFO SERVICES CORP","Financials","Equity","492,846.64","0.00","492,846.64","6,968.00","70.73","United States","New York Stock Exchange Inc.","USD","1.00","USD","-"
"DAN","DANA INCORPORATED INC","Consumer Discretionary","Equity","493,275.12","0.00","493,275.12","34,184.00","14.43","United States","New York Stock Exchange Inc.","USD","1.00","USD","-"
"MGNI","MAGNITE INC","Communication","Equity","493,543.89","0.00","493,543.89","34,061.00","14.49","United States","NASDAQ","USD","1.00","USD","-"
"CRGY","CRESCENT ENERGY CLASS A","Energy","Equity","489,668.16","0.00","489,668.16","44,354.00","11.04","United States","New York Stock Exchange Inc.","USD","1.00","USD","-"
"OII","OCEANEERING INTERNATIONAL INC","Energy","Equity","489,793.50","0.00","489,793.50","24,850.00","19.71","United States","New York Stock Exchange Inc.","USD","1.00","USD","-"
"PLUS","EPLUS","Information Technology","Equity","490,194.60","0.00","490,194.60","7,620.00","64.33","United States","NASDAQ","USD","1.00","USD","-"
"KWR","QUAKER HOUGHTON CORP","Materials","Equity","488,655.72","0.00","488,655.72","3,558.00","137.34","United States","New York Stock Exchange Inc.","USD","1.00","USD","-"
"STRA","STRATEGIC EDUCATION INC","Consumer Discretionary","Equity","486,827.64","0.00","486,827.64","5,916.00","82.29","United States","NASDAQ","USD","1.00","USD","-"
"AGX","ARGAN INC","Industrials","Equity","483,782.68","0.00","483,782.68","3,853.00","125.56","United States","New York Stock Exchange Inc.","USD","1.00","USD","-"
"CENTA","CENTRAL GARDEN AND PET CLASS A","Consumer Staples","Equity","480,598.80","0.00","480,598.80","15,180.00","31.66","United States","NASDAQ","USD","1.00","USD","-"
"CASH","PATHWARD FINANCIAL INC","Financials","Equity","478,696.65","0.00","478,696.65","6,553.00","73.05","United States","NASDAQ","USD","1.00","USD","-"
"KMT","KENNAMETAL INC","Industrials","Equity","478,718.24","0.00","478,718.24","22,204.00","21.56","United States","New York Stock Exchange Inc.","USD","1.00","USD","-"
"BANC","BANC OF CALIFORNIA INC","Financials","Equity","479,925.74","0.00","479,925.74","33,941.00","14.14","United States","New York Stock Exchange Inc.","USD","1.00","USD","-"
"SHC","SOTERA HEALTH COMPANY","Health Care","Equity","477,788.04","0.00","477,788.04","40,422.00","11.82","United States","NASDAQ","USD","1.00","USD","-"
"SEM","SELECT MEDICAL HOLDINGS CORP","Health Care","Equity","478,240.40","0.00","478,240.40","26,510.00","18.04","United States","New York Stock Exchange Inc.","USD","1.00","USD","-"
"SGRY","SURGERY PARTNERS INC","Health Care","Equity","478,273.41","0.00","478,273.41","19,953.00","23.97","United States","NASDAQ","USD","1.00","USD","-"
"VERX","VERTEX INC CLASS A","Information Technology","Equity","476,469.84","0.00","476,469.84","14,421.00","33.04","United States","NASDAQ","USD","1.00","USD","-"
"PD","PAGERDUTY INC","Information Technology","Equity","473,172.12","0.00","473,172.12","26,748.00","17.69","United States","New York Stock Exchange Inc.","USD","1.00","USD","-"
"VYX","NCR VOYIX CORP","Information Technology","Equity","471,440.50","0.00","471,440.50","44,350.00","10.63","United States","New York Stock Exchange Inc.","USD","1.00","USD","-"
"DRH","DIAMONDROCK HOSPITALITY REIT","Real Estate","Equity","472,016.02","0.00","472,016.02","56,938.00","8.29","United States","New York Stock Exchange Inc.","USD","1.00","USD","-"
"VSCO","VICTORIA S SECRET","Consumer Discretionary","Equity","472,406.70","0.00","472,406.70","21,270.00","22.21","United States","New York Stock Exchange Inc.","USD","1.00","USD","-"
"GOLF","ACUSHNET HOLDINGS CORP","Consumer Discretionary","Equity","472,432.72","0.00","472,432.72","7,144.00","66.13","United States","New York Stock Exchange Inc.","USD","1.00","USD","-"
"CWK","CUSHMAN AND WAKEFIELD PLC","Real Estate","Equity","469,892.55","0.00","469,892.55","40,265.00","11.67","United States","New York Stock Exchange Inc.","USD","1.00","USD","-"
"EPC","EDGEWELL PERSONAL CARE","Consumer Staples","Equity","470,000.72","0.00","470,000.72","15,176.00","30.97","United States","New York Stock Exchange Inc.","USD","1.00","USD","-"
"ACHR","ARCHER AVIATION INC CLASS A","Industrials","Equity","468,044.10","0.00","468,044.10","57,570.00","8.13","United States","New York Stock Exchange Inc.","USD","1.00","USD","-"
"MIRM","MIRUM PHARMACEUTICALS INC","Health Care","Equity","465,595.20","0.00","465,595.20","10,430.00","44.64","United States","NASDAQ","USD","1.00","USD","-"
"SDRL","SEADRILL LTD","Energy","Equity","463,874.58","0.00","463,874.58","19,773.00","23.46","Norway","New York Stock Exchange Inc.","USD","1.00","USD","-"
"GBX","GREENBRIER INC","Industrials","Equity","464,245.44","0.00","464,245.44","8,392.00","55.32","United States","New York Stock Exchange Inc.","USD","1.00","USD","-"
"OFG","OFG BANCORP","Financials","Equity","462,540.12","0.00","462,540.12","11,298.00","40.94","United States","New York Stock Exchange Inc.","USD","1.00","USD","-"
"ARCB","ARCBEST CORP","Industrials","Equity","463,481.20","0.00","463,481.20","6,188.00","74.90","United States","NASDAQ","USD","1.00","USD","-"
"AS","AMER SPORTS INC","Consumer Discretionary","Equity","460,892.50","0.00","460,892.50","15,650.00","29.45","United States","New York Stock Exchange Inc.","USD","1.00","USD","-"
"HE","HAWAIIAN ELECTRIC INDUSTRIES INC","Utilities","Equity","460,898.98","0.00","460,898.98","44,063.00","10.46","United States","New York Stock Exchange Inc.","USD","1.00","USD","-"
"INOD","INNODATA INC","Industrials","Equity","459,990.00","0.00","459,990.00","8,550.00","53.80","United States","NASDAQ","USD","1.00","USD","-"
"WGS","GENEDX HOLDINGS CORP CLASS A","Health Care","Equity","460,415.32","0.00","460,415.32","4,372.00","105.31","United States","NASDAQ","USD","1.00","USD","-"
"PGNY","PROGYNY INC","Health Care","Equity","457,615.62","0.00","457,615.62","21,098.00","21.69","United States","NASDAQ","USD","1.00","USD","-"
"POWL","POWELL INDUSTRIES INC","Industrials","Equity","457,844.48","0.00","457,844.48","2,848.00","160.76","United States","NASDAQ","USD","1.00","USD","-"
"VSTS","VESTIS CORP","Industrials","Equity","457,854.66","0.00","457,854.66","40,554.00","11.29","United States","New York Stock Exchange Inc.","USD","1.00","USD","-"
"MBC","MASTERBRAND INC","Industrials","Equity","458,109.68","0.00","458,109.68","34,264.00","13.37","United States","New York Stock Exchange Inc.","USD","1.00","USD","-"
"SBCF","SEACOAST BANKING OF FLORIDA","Financials","Equity","458,293.65","0.00","458,293.65","16,955.00","27.03","United States","NASDAQ","USD","1.00","USD","-"
"WLY","JOHN WILEY AND SONS INC CLASS A","Communication","Equity","458,711.00","0.00","458,711.00","12,100.00","37.91","United States","New York Stock Exchange Inc.","USD","1.00","USD","-"
"SMMT","SUMMIT THERAPEUTICS INC","Health Care","Equity","456,785.75","0.00","456,785.75","23,365.00","19.55","United States","NASDAQ","USD","1.00","USD","-"
"ATRC","ATRICURE INC","Health Care","Equity","457,152.30","0.00","457,152.30","12,078.00","37.85","United States","NASDAQ","USD","1.00","USD","-"
"CORZ","CORE SCIENTIFIC INC","Information Technology","Equity","454,803.00","0.00","454,803.00","47,400.00","9.60","United States","NASDAQ","USD","1.00","USD","-"
"UPWK","UPWORK INC","Industrials","Equity","455,588.95","0.00","455,588.95","30,515.00","14.93","United States","NASDAQ","USD","1.00","USD","-"
"GNL","GLOBAL NET LEASE INC","Real Estate","Equity","455,638.12","0.00","455,638.12","55,162.00","8.26","United States","New York Stock Exchange Inc.","USD","1.00","USD","-"
"DJT","TRUMP MEDIA TECHNOLOGY GROUP CORP","Communication","Equity","454,090.80","0.00","454,090.80","20,004.00","22.70","United States","NASDAQ","USD","1.00","USD","-"
"HMN","HORACE MANN EDUCATORS CORP","Financials","Equity","454,276.55","0.00","454,276.55","10,907.00","41.65","United States","New York Stock Exchange Inc.","USD","1.00","USD","-"
"LGND","LIGAND PHARMACEUTICALS INC","Health Care","Equity","451,830.15","0.00","451,830.15","3,915.00","115.41","United States","NASDAQ","USD","1.00","USD","-"
"NGVT","INGEVITY CORP","Materials","Equity","452,636.73","0.00","452,636.73","9,753.00","46.41","United States","New York Stock Exchange Inc.","USD","1.00","USD","-"
"CNMD","CONMED CORP","Health Care","Equity","452,736.00","0.00","452,736.00","7,860.00","57.60","United States","New York Stock Exchange Inc.","USD","1.00","USD","-"
"DBRG","DIGITALBRIDGE GROUP INC CLASS A","Financials","Equity","450,184.14","0.00","450,184.14","42,034.00","10.71","United States","New York Stock Exchange Inc.","USD","1.00","USD","-"
"MTRN","MATERION CORP","Materials","Equity","449,754.60","0.00","449,754.60","5,028.00","89.45","United States","New York Stock Exchange Inc.","USD","1.00","USD","-"
"PINC","PREMIER INC CLASS A","Health Care","Equity","447,953.76","0.00","447,953.76","25,656.00","17.46","United States","NASDAQ","USD","1.00","USD","-"
"BLX","BANCO LATINOAMERICANO DE COMERCIO","Financials","Equity","446,379.78","0.00","446,379.78","10,938.00","40.81","Panama","New York Stock Exchange Inc.","USD","1.00","USD","-"
"SKWD","SKYWARD SPECIALTY INSURANCE GROUP","Financials","Equity","445,109.05","0.00","445,109.05","8,545.00","52.09","United States","NASDAQ","USD","1.00","USD","-"
"QS","QUANTUMSCAPE CORP CLASS A","Consumer Discretionary","Equity","439,895.68","0.00","439,895.68","98,191.00","4.48","United States","New York Stock Exchange Inc.","USD","1.00","USD","-"
"HLMN","HILLMAN SOLUTIONS CORP","Industrials","Equity","440,192.72","0.00","440,192.72","46,532.00","9.46","United States","NASDAQ","USD","1.00","USD","-"
"CHCO","CITY HOLDING","Financials","Equity","440,258.22","0.00","440,258.22","3,834.00","114.83","United States","NASDAQ","USD","1.00","USD","-"
"HTH","HILLTOP HOLDINGS INC","Financials","Equity","439,024.95","0.00","439,024.95","13,845.00","31.71","United States","New York Stock Exchange Inc.","USD","1.00","USD","-"
"OMCL","OMNICELL INC","Health Care","Equity","439,241.48","0.00","439,241.48","11,614.00","37.82","United States","NASDAQ","USD","1.00","USD","-"
"RPD","RAPID7 INC","Information Technology","Equity","436,394.88","0.00","436,394.88","15,216.00","28.68","United States","NASDAQ","USD","1.00","USD","-"
"RXRX","RECURSION PHARMACEUTICALS INC CLAS","Health Care","Equity","435,984.22","0.00","435,984.22","66,259.00","6.58","United States","NASDAQ","USD","1.00","USD","-"
"TARS","TARSUS PHARMACEUTICALS INC","Health Care","Equity","433,730.52","0.00","433,730.52","9,738.00","44.54","United States","NASDAQ","USD","1.00","USD","-"
"RLJ","RLJ LODGING TRUST REIT","Real Estate","Equity","434,148.75","0.00","434,148.75","46,935.00","9.25","United States","New York Stock Exchange Inc.","USD","1.00","USD","-"
"MLKN","MILLERKNOLL INC","Industrials","Equity","432,617.43","0.00","432,617.43","21,093.00","20.51","United States","NASDAQ","USD","1.00","USD","-"
"LGIH","LGI HOMES INC","Consumer Discretionary","Equity","432,910.28","0.00","432,910.28","5,972.00","72.49","United States","NASDAQ","USD","1.00","USD","-"
"ROOT","ROOT INC CLASS A","Financials","Equity","429,106.50","0.00","429,106.50","3,006.00","142.75","United States","NASDAQ","USD","1.00","USD","-"
"AMRX","AMNEAL PHARMACEUTICALS INC CLASS A","Health Care","Equity","429,860.34","0.00","429,860.34","47,922.00","8.97","United States","NASDAQ","USD","1.00","USD","-"
"ADUS","ADDUS HOMECARE CORP","Health Care","Equity","427,275.98","0.00","427,275.98","4,442.00","96.19","United States","NASDAQ","USD","1.00","USD","-"
"ACMR","ACM RESEARCH CLASS A INC","Information Technology","Equity","427,359.80","0.00","427,359.80","16,030.00","26.66","United States","NASDAQ","USD","1.00","USD","-"
"UFPT","UFP TECHNOLOGIES INC","Health Care","Equity","427,509.45","0.00","427,509.45","1,985.00","215.37","United States","NASDAQ","USD","1.00","USD","-"
"ALG","ALAMO GROUP INC","Industrials","Equity","427,752.00","0.00","427,752.00","2,400.00","178.23","United States","New York Stock Exchange Inc.","USD","1.00","USD","-"
"CRK","COMSTOCK RESOURCES INC","Energy","Equity","425,716.77","0.00","425,716.77","22,489.00","18.93","United States","New York Stock Exchange Inc.","USD","1.00","USD","-"
"ADEA","ADEIA INC","Information Technology","Equity","427,089.60","0.00","427,089.60","28,098.00","15.20","United States","NASDAQ","USD","1.00","USD","-"
"SONO","SONOS INC","Consumer Discretionary","Equity","424,292.04","0.00","424,292.04","32,364.00","13.11","United States","NASDAQ","USD","1.00","USD","-"
"KN","KNOWLES CORP","Information Technology","Equity","423,152.73","0.00","423,152.73","26,169.00","16.17","United States","New York Stock Exchange Inc.","USD","1.00","USD","-"
"IART","INTEGRA LIFESCIENCES HOLDINGS CORP","Health Care","Equity","423,381.33","0.00","423,381.33","19,359.00","21.87","United States","NASDAQ","USD","1.00","USD","-"
"IDYA","IDEAYA BIOSCIENCES INC","Health Care","Equity","422,391.76","0.00","422,391.76","21,784.00","19.39","United States","NASDAQ","USD","1.00","USD","-"
"MNKD","MANNKIND CORP","Health Care","Equity","422,557.50","0.00","422,557.50","82,050.00","5.15","United States","NASDAQ","USD","1.00","USD","-"
"DNOW","DNOW INC","Industrials","Equity","419,812.11","0.00","419,812.11","27,747.00","15.13","United States","New York Stock Exchange Inc.","USD","1.00","USD","-"
"SUPN","SUPERNUS PHARMACEUTICALS INC","Health Care","Equity","420,476.56","0.00","420,476.56","13,144.00","31.99","United States","NASDAQ","USD","1.00","USD","-"
"REVG","REV GROUP INC","Industrials","Equity","420,563.65","0.00","420,563.65","15,047.00","27.95","United States","New York Stock Exchange Inc.","USD","1.00","USD","-"
"BHE","BENCHMARK ELECTRONICS INC","Information Technology","Equity","418,150.48","0.00","418,150.48","10,678.00","39.16","United States","New York Stock Exchange Inc.","USD","1.00","USD","-"
"SJW","SJW GROUP","Utilities","Equity","416,860.92","0.00","416,860.92","7,694.00","54.18","United States","NASDAQ","USD","1.00","USD","-"
"LMAT","LEMAITRE VASCULAR INC","Health Care","Equity","415,860.00","0.00","415,860.00","4,780.00","87.00","United States","NASDAQ","USD","1.00","USD","-"
"CAR","AVIS BUDGET GROUP INC","Industrials","Equity","416,222.13","0.00","416,222.13","5,433.00","76.61","United States","NASDAQ","USD","1.00","USD","-"
"INFA","INFORMATICA INC CLASS A","Information Technology","Equity","412,368.32","0.00","412,368.32","21,658.00","19.04","United States","New York Stock Exchange Inc.","USD","1.00","USD","-"
"CODI","COMPASS DIVERSIFIED","Financials","Equity","412,536.60","0.00","412,536.60","20,322.00","20.30","United States","New York Stock Exchange Inc.","USD","1.00","USD","-"
"ELME","ELME","Real Estate","Equity","413,316.24","0.00","413,316.24","23,836.00","17.34","United States","New York Stock Exchange Inc.","USD","1.00","USD","-"
"TGLS","TECNOGLASS INC","Industrials","Equity","410,690.25","0.00","410,690.25","5,965.00","68.85","United States","New York Stock Exchange Inc.","USD","1.00","USD","-"
"XHR","XENIA HOTELS RESORTS REIT INC","Real Estate","Equity","411,219.12","0.00","411,219.12","31,012.00","13.26","United States","New York Stock Exchange Inc.","USD","1.00","USD","-"
"KYMR","KYMERA THERAPEUTICS INC","Health Care","Equity","411,307.50","0.00","411,307.50","12,975.00","31.70","United States","NASDAQ","USD","1.00","USD","-"
"ARI","APOLLO COMMERCIAL REAL ESTATE FINA","Financials","Equity","411,714.92","0.00","411,714.92","41,254.00","9.98","United States","New York Stock Exchange Inc.","USD","1.00","USD","-"
"RGTI","RIGETTI COMPUTING INC","Information Technology","Equity","411,846.64","0.00","411,846.64","50,348.00","8.18","United States","NASDAQ","USD","1.00","USD","-"
"TPB","TURNING POINT BRANDS INC","Consumer Staples","Equity","410,028.36","0.00","410,028.36","6,118.00","67.02","United States","New York Stock Exchange Inc.","USD","1.00","USD","-"
"ANDE","ANDERSONS INC","Consumer Staples","Equity","408,121.20","0.00","408,121.20","9,858.00","41.40","United States","NASDAQ","USD","1.00","USD","-"
"CRI","CARTERS INC","Consumer Discretionary","Equity","405,040.50","0.00","405,040.50","9,855.00","41.10","United States","New York Stock Exchange Inc.","USD","1.00","USD","-"
"PEB","PEBBLEBROOK HOTEL TRUST REIT","Real Estate","Equity","405,455.46","0.00","405,455.46","34,158.00","11.87","United States","New York Stock Exchange Inc.","USD","1.00","USD","-"
"VRE","VERIS RESIDENTIAL INC","Real Estate","Equity","405,677.16","0.00","405,677.16","24,234.00","16.74","United States","New York Stock Exchange Inc.","USD","1.00","USD","-"
"TDOC","TELADOC HEALTH INC","Health Care","Equity","403,045.02","0.00","403,045.02","44,634.00","9.03","United States","New York Stock Exchange Inc.","USD","1.00","USD","-"
"AMR","ALPHA METALLURGICAL RESOURCE INC","Materials","Equity","403,134.72","0.00","403,134.72","3,032.00","132.96","United States","New York Stock Exchange Inc.","USD","1.00","USD","-"
"THS","TREEHOUSE FOODS INC","Consumer Staples","Equity","403,631.64","0.00","403,631.64","13,308.00","30.33","United States","New York Stock Exchange Inc.","USD","1.00","USD","-"
"LNN","LINDSAY CORP","Industrials","Equity","403,963.35","0.00","403,963.35","3,111.00","129.85","United States","New York Stock Exchange Inc.","USD","1.00","USD","-"
"TGI","TRIUMPH GROUP INC","Industrials","Equity","404,251.32","0.00","404,251.32","15,972.00","25.31","United States","New York Stock Exchange Inc.","USD","1.00","USD","-"
"UPBD","UPBOUND GROUP INC","Consumer Discretionary","Equity","401,584.28","0.00","401,584.28","16,418.00","24.46","United States","NASDAQ","USD","1.00","USD","-"
"KGS","KODIAK GAS SERVICES INC","Energy","Equity","401,868.48","0.00","401,868.48","9,908.00","40.56","United States","New York Stock Exchange Inc.","USD","1.00","USD","-"
"ICFI","ICF INTERNATIONAL INC","Industrials","Equity","398,804.30","0.00","398,804.30","4,870.00","81.89","United States","NASDAQ","USD","1.00","USD","-"
"PAGS","PAGSEGURO DIGITAL LTD CLASS A","Financials","Equity","397,327.98","0.00","397,327.98","52,766.00","7.53","Brazil","New York Stock Exchange Inc.","USD","1.00","USD","-"
"VRNT","VERINT SYSTEMS INC","Information Technology","Equity","397,964.76","0.00","397,964.76","17,814.00","22.34","United States","NASDAQ","USD","1.00","USD","-"
"UNFI","UNITED NATURAL FOODS INC","Consumer Staples","Equity","395,918.55","0.00","395,918.55","14,145.00","27.99","United States","New York Stock Exchange Inc.","USD","1.00","USD","-"
"JOE","ST JOE","Real Estate","Equity","396,764.40","0.00","396,764.40","8,440.00","47.01","United States","New York Stock Exchange Inc.","USD","1.00","USD","-"
"COCO","THE VITA COCO COMPANY INC","Consumer Staples","Equity","392,818.92","0.00","392,818.92","11,882.00","33.06","United States","NASDAQ","USD","1.00","USD","-"
"INMD","INMODE LTD","Health Care","Equity","393,173.64","0.00","393,173.64","20,414.00","19.26","Israel","NASDAQ","USD","1.00","USD","-"
"ROG","ROGERS CORP","Information Technology","Equity","391,416.41","0.00","391,416.41","5,033.00","77.77","United States","New York Stock Exchange Inc.","USD","1.00","USD","-"
"PZZA","PAPA JOHNS INTERNATIONAL INC","Consumer Discretionary","Equity","392,315.61","0.00","392,315.61","8,759.00","44.79","United States","NASDAQ","USD","1.00","USD","-"
"BTU","PEABODY ENERGY CORP","Energy","Equity","389,626.32","0.00","389,626.32","30,631.00","12.72","United States","New York Stock Exchange Inc.","USD","1.00","USD","-"
"SMR","NUSCALE POWER CORP CLASS A","Industrials","Equity","390,081.04","0.00","390,081.04","22,522.00","17.32","United States","New York Stock Exchange Inc.","USD","1.00","USD","-"
"HRMY","HARMONY BIOSCIENCES HLDG INC","Health Care","Equity","390,169.36","0.00","390,169.36","11,564.00","33.74","United States","NASDAQ","USD","1.00","USD","-"
"CNA","CNA FINANCIAL CORP","Financials","Equity","390,410.28","0.00","390,410.28","8,073.00","48.36","United States","New York Stock Exchange Inc.","USD","1.00","USD","-"
"NNI","NELNET INC CLASS A","Financials","Equity","388,136.00","0.00","388,136.00","3,248.00","119.50","United States","New York Stock Exchange Inc.","USD","1.00","USD","-"
"WABC","WESTAMERICA BANCORPORATION","Financials","Equity","388,466.90","0.00","388,466.90","7,723.00","50.30","United States","NASDAQ","USD","1.00","USD","-"
"TNC","TENNANT","Industrials","Equity","384,927.08","0.00","384,927.08","4,636.00","83.03","United States","New York Stock Exchange Inc.","USD","1.00","USD","-"
"UTI","UNIVERSAL TECHNICAL INSTITUTE INC","Consumer Discretionary","Equity","381,900.78","0.00","381,900.78","13,842.00","27.59","United States","New York Stock Exchange Inc.","USD","1.00","USD","-"
"MCY","MERCURY GENERAL CORP","Financials","Equity","380,438.82","0.00","380,438.82","7,053.00","53.94","United States","New York Stock Exchange Inc.","USD","1.00","USD","-"
"DDS","DILLARDS INC CLASS A","Consumer Discretionary","Equity","380,550.48","0.00","380,550.48","1,052.00","361.74","United States","New York Stock Exchange Inc.","USD","1.00","USD","-"
"NIC","NICOLET BANKSHARES INC","Financials","Equity","380,784.25","0.00","380,784.25","3,275.00","116.27","United States","New York Stock Exchange Inc.","USD","1.00","USD","-"
"FL","FOOT LOCKER INC","Consumer Discretionary","Equity","381,067.94","0.00","381,067.94","20,869.00","18.26","United States","New York Stock Exchange Inc.","USD","1.00","USD","-"
"STEL","STELLAR BANCORP INC","Financials","Equity","379,320.00","0.00","379,320.00","13,625.00","27.84","United States","New York Stock Exchange Inc.","USD","1.00","USD","-"
"TRIP","TRIPADVISOR INC","Communication","Equity","379,568.94","0.00","379,568.94","27,726.00","13.69","United States","NASDAQ","USD","1.00","USD","-"
"SNDR","SCHNEIDER NATIONAL INC CLASS B","Industrials","Equity","375,947.86","0.00","375,947.86","14,842.00","25.33","United States","New York Stock Exchange Inc.","USD","1.00","USD","-"
"LKFN","LAKELAND FINANCIAL CORP","Financials","Equity","374,735.90","0.00","374,735.90","5,935.00","63.14","United States","NASDAQ","USD","1.00","USD","-"
"CUBI","CUSTOMERS BANCORP INC","Financials","Equity","375,466.64","0.00","375,466.64","7,352.00","51.07","United States","New York Stock Exchange Inc.","USD","1.00","USD","-"
"MSGE","MADISON SQUARE GARDEN ENTERTAINMEN","Communication","Equity","373,188.39","0.00","373,188.39","11,409.00","32.71","United States","New York Stock Exchange Inc.","USD","1.00","USD","-"
"ASAN","ASANA INC CLASS A","Information Technology","Equity","374,270.40","0.00","374,270.40","19,740.00","18.96","United States","New York Stock Exchange Inc.","USD","1.00","USD","-"
"PRM","PERIMETER SOLUTIONS INC","Materials","Equity","371,332.00","0.00","371,332.00","38,600.00","9.62","United States","New York Stock Exchange Inc.","USD","1.00","USD","-"
"RUN","SUNRUN INC","Industrials","Equity","371,385.60","0.00","371,385.60","53,824.00","6.90","United States","NASDAQ","USD","1.00","USD","-"
"ADNT","ADIENT PLC","Consumer Discretionary","Equity","371,687.04","0.00","371,687.04","24,912.00","14.92","United States","New York Stock Exchange Inc.","USD","1.00","USD","-"
"JAMF","JAMF HOLDING CORP","Information Technology","Equity","370,014.96","0.00","370,014.96","26,131.00","14.16","United States","NASDAQ","USD","1.00","USD","-"
"GTY","GETTY REALTY REIT CORP","Real Estate","Equity","370,036.62","0.00","370,036.62","11,883.00","31.14","United States","New York Stock Exchange Inc.","USD","1.00","USD","-"
"IMAX","IMAX CORP","Communication","Equity","370,538.28","0.00","370,538.28","14,917.00","24.84","United States","New York Stock Exchange Inc.","USD","1.00","USD","-"
"LZ","LEGALZOOM COM INC","Industrials","Equity","370,580.94","0.00","370,580.94","36,119.00","10.26","United States","NASDAQ","USD","1.00","USD","-"
"TFIN","TRIUMPH FINANCIAL INC","Financials","Equity","368,261.46","0.00","368,261.46","5,826.00","63.21","United States","NASDAQ","USD","1.00","USD","-"
"CABO","CABLE ONE INC","Communication","Equity","368,960.29","0.00","368,960.29","1,453.00","253.93","United States","New York Stock Exchange Inc.","USD","1.00","USD","-"
"QCRH","QCR HOLDINGS INC","Financials","Equity","366,988.27","0.00","366,988.27","5,071.00","72.37","United States","NASDAQ","USD","1.00","USD","-"
"AVDX","AVIDXCHANGE HOLDINGS INC","Financials","Equity","367,349.43","0.00","367,349.43","50,253.00","7.31","United States","NASDAQ","USD","1.00","USD","-"
"LFST","LIFESTANCE HEALTH GROUP INC","Health Care","Equity","368,016.00","0.00","368,016.00","45,100.00","8.16","United States","NASDAQ","USD","1.00","USD","-"
"TPC","TUTOR PERINI CORP","Industrials","Equity","365,213.65","0.00","365,213.65","13,295.00","27.47","United States","New York Stock Exchange Inc.","USD","1.00","USD","-"
"FCF","FIRST COMMONWEALTH FINANCIAL CORP","Financials","Equity","365,533.00","0.00","365,533.00","23,135.00","15.80","United States","New York Stock Exchange Inc.","USD","1.00","USD","-"
"AIV","APARTMENT INVESTMENT AND MANAGEMEN","Real Estate","Equity","365,733.06","0.00","365,733.06","40,502.00","9.03","United States","New York Stock Exchange Inc.","USD","1.00","USD","-"
"ALKT","ALKAMI TECHNOLOGY INC","Information Technology","Equity","365,949.04","0.00","365,949.04","12,632.00","28.97","United States","NASDAQ","USD","1.00","USD","-"
"ARQT","ARCUTIS BIOTHERAPEUTICS INC","Health Care","Equity","365,952.80","0.00","365,952.80","24,760.00","14.78","United States","NASDAQ","USD","1.00","USD","-"
"SPT","SPROUT SOCIAL INC CLASS A","Information Technology","Equity","366,247.52","0.00","366,247.52","13,712.00","26.71","United States","NASDAQ","USD","1.00","USD","-"
"STR","SITIO ROYALTIES CORP CLASS A","Energy","Equity","366,566.18","0.00","366,566.18","19,202.00","19.09","United States","New York Stock Exchange Inc.","USD","1.00","USD","-"
"NWN","NORTHWEST NATURAL HOLDING COMPANY","Utilities","Equity","362,775.28","0.00","362,775.28","8,708.00","41.66","United States","New York Stock Exchange Inc.","USD","1.00","USD","-"
"NTCT","NETSCOUT SYSTEMS INC","Information Technology","Equity","362,797.40","0.00","362,797.40","16,604.00","21.85","United States","NASDAQ","USD","1.00","USD","-"
"INSW","INTERNATIONAL SEAWAYS INC","Energy","Equity","360,957.20","0.00","360,957.20","10,730.00","33.64","United States","New York Stock Exchange Inc.","USD","1.00","USD","-"
"FBNC","FIRST BANCORP","Financials","Equity","359,970.84","0.00","359,970.84","8,919.00","40.36","United States","NASDAQ","USD","1.00","USD","-"
"CTS","CTS CORP","Information Technology","Equity","360,361.33","0.00","360,361.33","8,309.00","43.37","United States","New York Stock Exchange Inc.","USD","1.00","USD","-"
"JBGS","JBG SMITH PROPERTIES","Real Estate","Equity","356,619.92","0.00","356,619.92","23,339.00","15.28","United States","New York Stock Exchange Inc.","USD","1.00","USD","-"
"GEF","GREIF INC CLASS A","Materials","Equity","356,956.16","0.00","356,956.16","6,338.00","56.32","United States","New York Stock Exchange Inc.","USD","1.00","USD","-"
"SABR","SABRE CORP","Consumer Discretionary","Equity","357,086.08","0.00","357,086.08","85,838.00","4.16","United States","NASDAQ","USD","1.00","USD","-"
"SCL","STEPAN","Materials","Equity","357,527.61","0.00","357,527.61","6,121.00","58.41","United States","New York Stock Exchange Inc.","USD","1.00","USD","-"
"IESC","IES INC","Industrials","Equity","354,886.16","0.00","354,886.16","2,056.00","172.61","United States","NASDAQ","USD","1.00","USD","-"
"LENB","LENNAR CORP CLASS B","Consumer Discretionary","Equity","354,913.64","0.00","354,913.64","3,019.00","117.56","United States","New York Stock Exchange Inc.","USD","1.00","USD","-"
"WMK","WEIS MARKETS INC","Consumer Staples","Equity","354,994.72","0.00","354,994.72","4,751.00","74.72","United States","New York Stock Exchange Inc.","USD","1.00","USD","-"
"LBRDA","LIBERTY BROADBAND CORP SERIES A","Communication","Equity","355,375.97","0.00","355,375.97","4,127.00","86.11","United States","NASDAQ","USD","1.00","USD","-"
"LTC","LTC PROPERTIES REIT INC","Real Estate","Equity","355,599.21","0.00","355,599.21","9,897.00","35.93","United States","New York Stock Exchange Inc.","USD","1.00","USD","-"
"ALEX","ALEXANDER AND BALDWIN INC","Real Estate","Equity","355,843.80","0.00","355,843.80","20,276.00","17.55","United States","New York Stock Exchange Inc.","USD","1.00","USD","-"
"UI","UBIQUITI INC","Information Technology","Equity","353,196.29","0.00","353,196.29","1,061.00","332.89","United States","New York Stock Exchange Inc.","USD","1.00","USD","-"
"HELE","HELEN OF TROY LTD","Consumer Discretionary","Equity","353,402.35","0.00","353,402.35","6,415.00","55.09","United States","NASDAQ","USD","1.00","USD","-"
"WT","WISDOMTREE INC","Financials","Equity","353,886.48","0.00","353,886.48","40,398.00","8.76","United States","New York Stock Exchange Inc.","USD","1.00","USD","-"
"ATSG","AIR TRANSPORT SERVICES GROUP INC","Industrials","Equity","353,965.20","0.00","353,965.20","15,880.00","22.29","United States","NASDAQ","USD","1.00","USD","-"
"UVV","UNIVERSAL CORP","Consumer Staples","Equity","354,230.10","0.00","354,230.10","6,671.00","53.10","United States","New York Stock Exchange Inc.","USD","1.00","USD","-"
"UAA","UNDER ARMOUR INC CLASS A","Consumer Discretionary","Equity","350,266.10","0.00","350,266.10","50,398.00","6.95","United States","New York Stock Exchange Inc.","USD","1.00","USD","-"
"LLYVA","LIBERTY MEDIA LIBERTY LIVE CORP SE","Communication","Equity","350,633.25","0.00","350,633.25","5,027.00","69.75","United States","NASDAQ","USD","1.00","USD","-"
"CLDX","CELLDEX THERAPEUTICS INC","Health Care","Equity","349,753.60","0.00","349,753.60","16,576.00","21.10","United States","NASDAQ","USD","1.00","USD","-"
"NEO","NEOGENOMICS INC","Health Care","Equity","349,992.30","0.00","349,992.30","34,482.00","10.15","United States","NASDAQ","USD","1.00","USD","-"
"PLUG","PLUG POWER INC","Industrials","Equity","347,861.15","0.00","347,861.15","205,835.00","1.69","United States","NASDAQ","USD","1.00","USD","-"
"NAVI","NAVIENT CORP","Financials","Equity","345,762.05","0.00","345,762.05","25,405.00","13.61","United States","NASDAQ","USD","1.00","USD","-"
"APGE","APOGEE THERAPEUTICS INC","Health Care","Equity","346,830.05","0.00","346,830.05","11,035.00","31.43","United States","NASDAQ","USD","1.00","USD","-"
"STBA","S AND T BANCORP INC","Financials","Equity","344,294.58","0.00","344,294.58","8,869.00","38.82","United States","NASDAQ","USD","1.00","USD","-"
"HLIT","HARMONIC INC","Information Technology","Equity","344,518.60","0.00","344,518.60","32,198.00","10.70","United States","NASDAQ","USD","1.00","USD","-"
"PMT","PENNYMAC MORTGAGE INVESTMENT TRUST","Financials","Equity","345,491.50","0.00","345,491.50","23,827.00","14.50","United States","New York Stock Exchange Inc.","USD","1.00","USD","-"
"SDGR","SCHRODINGER INC","Health Care","Equity","343,040.88","0.00","343,040.88","15,707.00","21.84","United States","NASDAQ","USD","1.00","USD","-"
"PWP","PERELLA WEINBERG PARTNERS CLASS A","Financials","Equity","343,084.86","0.00","343,084.86","16,047.00","21.38","United States","NASDAQ","USD","1.00","USD","-"
"CERT","CERTARA INC","Health Care","Equity","341,042.85","0.00","341,042.85","28,635.00","11.91","United States","NASDAQ","USD","1.00","USD","-"
"CGON","CG ONCOLOGY INC","Health Care","Equity","339,640.97","0.00","339,640.97","12,659.00","26.83","United States","NASDAQ","USD","1.00","USD","-"
"PLAB","PHOTRONICS INC","Information Technology","Equity","340,435.71","0.00","340,435.71","16,281.00","20.91","United States","NASDAQ","USD","1.00","USD","-"
"VICR","VICOR CORP","Industrials","Equity","338,987.82","0.00","338,987.82","5,559.00","60.98","United States","NASDAQ","USD","1.00","USD","-"
"SASR","SANDY SPRING BANCORP INC","Financials","Equity","336,667.41","0.00","336,667.41","11,013.00","30.57","United States","NASDAQ","USD","1.00","USD","-"
"REYN","REYNOLDS CONSUMER PRODUCTS INC","Consumer Staples","Equity","337,245.93","0.00","337,245.93","14,357.00","23.49","United States","NASDAQ","USD","1.00","USD","-"
"ASTH","ASTRANA HEALTH INC","Health Care","Equity","337,971.70","0.00","337,971.70","12,430.00","27.19","United States","NASDAQ","USD","1.00","USD","-"
"HCI","HCI GROUP INC","Financials","Equity","335,850.75","0.00","335,850.75","2,447.00","137.25","United States","New York Stock Exchange Inc.","USD","1.00","USD","-"
"TWO","TWO HARBORS INVESTMENT CORP","Financials","Equity","335,908.02","0.00","335,908.02","24,114.00","13.93","United States","New York Stock Exchange Inc.","USD","1.00","USD","-"
"ESRT","EMPIRE STATE REALTY REIT INC TRUST","Real Estate","Equity","336,085.94","0.00","336,085.94","38,809.00","8.66","United States","New York Stock Exchange Inc.","USD","1.00","USD","-"
"KSS","KOHLS CORP","Consumer Discretionary","Equity","333,949.92","0.00","333,949.92","29,397.00","11.36","United States","New York Stock Exchange Inc.","USD","1.00","USD","-"
"BLBD","BLUE BIRD CORP","Industrials","Equity","334,320.66","0.00","334,320.66","9,897.00","33.78","United States","NASDAQ","USD","1.00","USD","-"
"EVRI","EVERI HOLDINGS INC","Consumer Discretionary","Equity","331,991.40","0.00","331,991.40","24,180.00","13.73","United States","New York Stock Exchange Inc.","USD","1.00","USD","-"
"CSTM","CONSTELLIUM SE CLASS A","Materials","Equity","332,230.68","0.00","332,230.68","30,564.00","10.87","Netherlands","New York Stock Exchange Inc.","USD","1.00","USD","-"
"APOG","APOGEE ENTERPRISES INC","Industrials","Equity","332,466.73","0.00","332,466.73","6,989.00","47.57","United States","NASDAQ","USD","1.00","USD","-"
"APPN","APPIAN CORP CLASS A","Information Technology","Equity","332,548.12","0.00","332,548.12","10,334.00","32.18","United States","NASDAQ","USD","1.00","USD","-"
"KLG","WK KELLOGG","Consumer Staples","Equity","332,993.92","0.00","332,993.92","17,416.00","19.12","United States","New York Stock Exchange Inc.","USD","1.00","USD","-"
"ENVX","ENOVIX CORP","Industrials","Equity","330,533.90","0.00","330,533.90","38,345.00","8.62","United States","NASDAQ","USD","1.00","USD","-"
"TXG","10X GENOMICS INC CLASS A","Health Care","Equity","330,872.96","0.00","330,872.96","30,272.00","10.93","United States","NASDAQ","USD","1.00","USD","-"
"NBHC","NATIONAL BANK HOLDINGS CORP CLASS","Financials","Equity","331,334.64","0.00","331,334.64","8,169.00","40.56","United States","New York Stock Exchange Inc.","USD","1.00","USD","-"
"EIG","EMPLOYERS HOLDINGS INC","Financials","Equity","331,401.78","0.00","331,401.78","6,599.00","50.22","United States","New York Stock Exchange Inc.","USD","1.00","USD","-"
"UA","UNDER ARMOUR INC CLASS C","Consumer Discretionary","Equity","329,788.27","0.00","329,788.27","51,289.00","6.43","United States","New York Stock Exchange Inc.","USD","1.00","USD","-"
"PHR","PHREESIA INC","Health Care","Equity","330,371.40","0.00","330,371.40","12,820.00","25.77","United States","New York Stock Exchange Inc.","USD","1.00","USD","-"
"AUPH","AURINIA PHARMACEUTICALS INC","Health Care","Equity","327,587.28","0.00","327,587.28","37,784.00","8.67","United States","NASDAQ","USD","1.00","USD","-"
"NHC","NATIONAL HEALTHCARE CORP","Health Care","Equity","328,160.40","0.00","328,160.40","3,515.00","93.36","United States","Nyse Mkt Llc","USD","1.00","USD","-"
"TVTX","TRAVERE THERAPEUTICS INC","Health Care","Equity","328,164.87","0.00","328,164.87","16,907.00","19.41","United States","NASDAQ","USD","1.00","USD","-"
"NWBI","NORTHWEST BANCSHARES INC","Financials","Equity","328,236.98","0.00","328,236.98","26,773.00","12.26","United States","NASDAQ","USD","1.00","USD","-"
"CRAI","CRA INTERNATIONAL INC","Industrials","Equity","328,462.32","0.00","328,462.32","1,739.00","188.88","United States","NASDAQ","USD","1.00","USD","-"
"ALHC","ALIGNMENT HEALTHCARE INC","Health Care","Equity","328,816.38","0.00","328,816.38","20,798.00","15.81","United States","NASDAQ","USD","1.00","USD","-"
"LQDA","LIQUIDIA CORP","Health Care","Equity","325,928.11","0.00","325,928.11","20,987.00","15.53","United States","NASDAQ","USD","1.00","USD","-"
"UNIT","UNITI GROUP INC","Real Estate","Equity","326,277.60","0.00","326,277.60","61,795.00","5.28","United States","NASDAQ","USD","1.00","USD","-"
"TRUP","TRUPANION INC","Financials","Equity","327,077.52","0.00","327,077.52","9,654.00","33.88","United States","NASDAQ","USD","1.00","USD","-"
"LADR","LADDER CAPITAL CORP CLASS A","Financials","Equity","327,084.00","0.00","327,084.00","28,100.00","11.64","United States","New York Stock Exchange Inc.","USD","1.00","USD","-"
"INVA","INNOVIVA INC","Health Care","Equity","327,193.80","0.00","327,193.80","18,580.00","17.61","United States","NASDAQ","USD","1.00","USD","-"
"FLYW","FLYWIRE CORP","Financials","Equity","327,269.28","0.00","327,269.28","30,472.00","10.74","United States","NASDAQ","USD","1.00","USD","-"
"VECO","VEECO INSTRUMENTS INC","Information Technology","Equity","324,572.61","0.00","324,572.61","15,231.00","21.31","United States","NASDAQ","USD","1.00","USD","-"
"DHT","DHT HOLDINGS INC","Energy","Equity","325,021.05","0.00","325,021.05","31,403.00","10.35","Bermuda","New York Stock Exchange Inc.","USD","1.00","USD","-"
"NVAX","NOVAVAX INC","Health Care","Equity","323,845.05","0.00","323,845.05","41,045.00","7.89","United States","NASDAQ","USD","1.00","USD","-"
"WWW","WOLVERINE WORLD WIDE INC","Consumer Discretionary","Equity","323,923.60","0.00","323,923.60","22,652.00","14.30","United States","New York Stock Exchange Inc.","USD","1.00","USD","-"
"MCRI","MONARCH CASINO AND RESORT INC","Consumer Discretionary","Equity","323,994.71","0.00","323,994.71","3,649.00","88.79","United States","NASDAQ","USD","1.00","USD","-"
"APLD","APPLIED DIGITAL CORP","Information Technology","Equity","322,280.21","0.00","322,280.21","41,909.00","7.69","United States","NASDAQ","USD","1.00","USD","-"
"OCUL","OCULAR THERAPEUTIX INC","Health Care","Equity","320,091.20","0.00","320,091.20","44,768.00","7.15","United States","NASDAQ","USD","1.00","USD","-"
"VERA","VERA THERAPEUTICS INC CLASS A","Health Care","Equity","320,482.12","0.00","320,482.12","10,697.00","29.96","United States","NASDAQ","USD","1.00","USD","-"
"ANIP","ANI PHARMACEUTICALS INC","Health Care","Equity","319,765.44","0.00","319,765.44","5,358.00","59.68","United States","NASDAQ","USD","1.00","USD","-"
"VRTS","VIRTUS INVESTMENT PARTNERS INC","Financials","Equity","317,637.45","0.00","317,637.45","1,755.00","180.99","United States","New York Stock Exchange Inc.","USD","1.00","USD","-"
"FBMS","FIRST BANCSHARES INC","Financials","Equity","317,756.60","0.00","317,756.60","9,205.00","34.52","United States","New York Stock Exchange Inc.","USD","1.00","USD","-"
"MFA","MFA FINANCIAL INC","Financials","Equity","317,996.45","0.00","317,996.45","29,915.00","10.63","United States","New York Stock Exchange Inc.","USD","1.00","USD","-"
"HUT","HUT CORP","Information Technology","Equity","318,064.56","0.00","318,064.56","21,318.00","14.92","United States","NASDAQ","USD","1.00","USD","-"
"CNNE","CANNAE HOLDINGS INC","Financials","Equity","318,291.16","0.00","318,291.16","16,823.00","18.92","United States","New York Stock Exchange Inc.","USD","1.00","USD","-"
"USLM","UNITED STATES LIME AND MINERALS IN","Materials","Equity","315,779.55","0.00","315,779.55","3,435.00","91.93","United States","NASDAQ","USD","1.00","USD","-"
"LEG","LEGGETT & PLATT INC","Consumer Discretionary","Equity","315,934.64","0.00","315,934.64","36,398.00","8.68","United States","New York Stock Exchange Inc.","USD","1.00","USD","-"
"AESI","ATLAS ENERGY SOLUTIONS INC","Energy","Equity","316,469.09","0.00","316,469.09","18,053.00","17.53","United States","New York Stock Exchange Inc.","USD","1.00","USD","-"
"KW","KENNEDY WILSON HOLDINGS INC","Real Estate","Equity","316,608.48","0.00","316,608.48","31,788.00","9.96","United States","New York Stock Exchange Inc.","USD","1.00","USD","-"
"TNDM","TANDEM DIABETES CARE INC","Health Care","Equity","313,919.97","0.00","313,919.97","16,427.00","19.11","United States","NASDAQ","USD","1.00","USD","-"
"DESP","DESPEGAR COM CORP","Consumer Discretionary","Equity","314,237.43","0.00","314,237.43","16,341.00","19.23","Argentina","New York Stock Exchange Inc.","USD","1.00","USD","-"
"IMVT","IMMUNOVANT INC","Health Care","Equity","314,332.12","0.00","314,332.12","16,186.00","19.42","United States","NASDAQ","USD","1.00","USD","-"
"BHLB","BERKSHIRE HILLS BANCORP INC","Financials","Equity","314,634.61","0.00","314,634.61","11,623.00","27.07","United States","New York Stock Exchange Inc.","USD","1.00","USD","-"
"WOR","WORTHINGTON ENTERPRISES INC","Consumer Discretionary","Equity","313,074.63","0.00","313,074.63","7,821.00","40.03","United States","New York Stock Exchange Inc.","USD","1.00","USD","-"
"SOC","SABLE OFFSHORE CORP CLASS A","Energy","Equity","313,747.20","0.00","313,747.20","13,408.00","23.40","United States","New York Stock Exchange Inc.","USD","1.00","USD","-"
"COMM","COMMSCOPE HOLDING INC","Information Technology","Equity","311,935.24","0.00","311,935.24","52,076.00","5.99","United States","NASDAQ","USD","1.00","USD","-"
"MSEX","MIDDLESEX WATER","Utilities","Equity","308,000.31","0.00","308,000.31","5,223.00","58.97","United States","NASDAQ","USD","1.00","USD","-"
"HOPE","HOPE BANCORP INC","Financials","Equity","307,325.91","0.00","307,325.91","29,353.00","10.47","United States","NASDAQ","USD","1.00","USD","-"
"TALO","TALOS ENERGY INC","Energy","Equity","304,784.48","0.00","304,784.48","35,984.00","8.47","United States","New York Stock Exchange Inc.","USD","1.00","USD","-"
"IRON","DISC MEDICINE INC","Health Care","Equity","305,261.96","0.00","305,261.96","5,363.00","56.92","United States","NASDAQ","USD","1.00","USD","-"
"ARDX","ARDELYX INC","Health Care","Equity","305,368.96","0.00","305,368.96","56,134.00","5.44","United States","NASDAQ","USD","1.00","USD","-"
"TCBK","TRICO BANCSHARES","Financials","Equity","305,630.55","0.00","305,630.55","7,303.00","41.85","United States","NASDAQ","USD","1.00","USD","-"
"LC","LENDINGCLUB CORP","Financials","Equity","305,647.05","0.00","305,647.05","25,793.00","11.85","United States","New York Stock Exchange Inc.","USD","1.00","USD","-"
"SFL","SFL LTD","Energy","Equity","305,652.18","0.00","305,652.18","35,254.00","8.67","United States","New York Stock Exchange Inc.","USD","1.00","USD","-"
"HLIO","HELIOS TECHNOLOGIES INC","Industrials","Equity","305,823.44","0.00","305,823.44","8,164.00","37.46","United States","New York Stock Exchange Inc.","USD","1.00","USD","-"
"JBI","JANUS INTERNATIONAL GROUP INC","Industrials","Equity","305,828.10","0.00","305,828.10","37,710.00","8.11","United States","New York Stock Exchange Inc.","USD","1.00","USD","-"
"ATEN","A10 NETWORKS INC","Information Technology","Equity","305,999.76","0.00","305,999.76","14,956.00","20.46","United States","New York Stock Exchange Inc.","USD","1.00","USD","-"
"MD","PEDIATRIX MEDICAL GROUP INC","Health Care","Equity","302,771.68","0.00","302,771.68","20,752.00","14.59","United States","New York Stock Exchange Inc.","USD","1.00","USD","-"
"CSR","CENTERSPACE","Real Estate","Equity","302,835.75","0.00","302,835.75","4,677.00","64.75","United States","New York Stock Exchange Inc.","USD","1.00","USD","-"
"DFIN","DONNELLEY FINANCIAL SOLUTIONS INC","Financials","Equity","302,867.44","0.00","302,867.44","6,466.00","46.84","United States","New York Stock Exchange Inc.","USD","1.00","USD","-"
"ARR","ARMOUR RESIDENTIAL REIT INC","Financials","Equity","300,385.68","0.00","300,385.68","16,072.00","18.69","United States","New York Stock Exchange Inc.","USD","1.00","USD","-"
"VSAT","VIASAT INC","Information Technology","Equity","300,764.16","0.00","300,764.16","31,232.00","9.63","United States","NASDAQ","USD","1.00","USD","-"
"KALU","KAISER ALUMINIUM CORP","Materials","Equity","300,840.00","0.00","300,840.00","4,360.00","69.00","United States","NASDAQ","USD","1.00","USD","-"
"BFC","BANK FIRST CORP","Financials","Equity","301,018.00","0.00","301,018.00","2,950.00","102.04","United States","NASDAQ","USD","1.00","USD","-"
"VBTX","VERITEX HOLDINGS INC","Financials","Equity","301,045.78","0.00","301,045.78","12,013.00","25.06","United States","NASDAQ","USD","1.00","USD","-"
"GO","GROCERY OUTLET HOLDING CORP","Consumer Staples","Equity","301,259.55","0.00","301,259.55","26,265.00","11.47","United States","NASDAQ","USD","1.00","USD","-"
"LGFB","LIONS GATE ENTERTAINMENT NON VOTIN","Communication","Equity","298,977.64","0.00","298,977.64","33,821.00","8.84","United States","New York Stock Exchange Inc.","USD","1.00","USD","-"
"FOXF","FOX FACTORY HOLDING CORP","Consumer Discretionary","Equity","300,170.85","0.00","300,170.85","11,255.00","26.67","United States","NASDAQ","USD","1.00","USD","-"
"BKD","BROOKDALE SENIOR LIVING INC","Health Care","Equity","297,654.00","0.00","297,654.00","49,609.00","6.00","United States","New York Stock Exchange Inc.","USD","1.00","USD","-"
"PEBO","PEOPLES BANCORP INC","Financials","Equity","296,543.52","0.00","296,543.52","9,672.00","30.66","United States","NASDAQ","USD","1.00","USD","-"
"AMPH","AMPHASTAR PHARMACEUTICALS INC","Health Care","Equity","294,630.00","0.00","294,630.00","10,500.00","28.06","United States","NASDAQ","USD","1.00","USD","-"
"PRO","PROS HOLDINGS INC","Information Technology","Equity","295,400.00","0.00","295,400.00","11,816.00","25.00","United States","New York Stock Exchange Inc.","USD","1.00","USD","-"
"DK","DELEK US HOLDINGS INC","Energy","Equity","292,964.28","0.00","292,964.28","19,236.00","15.23","United States","New York Stock Exchange Inc.","USD","1.00","USD","-"
"DBD","DIEBOLD NIXDORF INC","Information Technology","Equity","291,129.82","0.00","291,129.82","6,722.00","43.31","United States","New York Stock Exchange Inc.","USD","1.00","USD","-"
"FBRT","FRANKLIN BSP REALTY TRUST INC","Financials","Equity","291,434.90","0.00","291,434.90","22,045.00","13.22","United States","New York Stock Exchange Inc.","USD","1.00","USD","-"
"VRDN","VIRIDIAN THERAPEUTICS ORS INC","Health Care","Equity","291,878.56","0.00","291,878.56","19,102.00","15.28","United States","NASDAQ","USD","1.00","USD","-"
"DEA","EASTERLY GOVERNMENT PROPERTIES INC","Real Estate","Equity","290,437.62","0.00","290,437.62","26,142.00","11.11","United States","New York Stock Exchange Inc.","USD","1.00","USD","-"
"CENX","CENTURY ALUMINUM","Materials","Equity","290,618.88","0.00","290,618.88","15,328.00","18.96","United States","NASDAQ","USD","1.00","USD","-"
"ACT","ENACT HOLDINGS INC","Financials","Equity","288,250.18","0.00","288,250.18","8,513.00","33.86","United States","NASDAQ","USD","1.00","USD","-"
"SCS","STEELCASE INC CLASS A","Industrials","Equity","289,293.30","0.00","289,293.30","25,310.00","11.43","United States","New York Stock Exchange Inc.","USD","1.00","USD","-"
"GIII","G III APPAREL GROUP LTD","Consumer Discretionary","Equity","289,342.16","0.00","289,342.16","11,276.00","25.66","United States","NASDAQ","USD","1.00","USD","-"
"UMH","UMH PROPERTIES INC","Real Estate","Equity","289,480.32","0.00","289,480.32","15,597.00","18.56","United States","New York Stock Exchange Inc.","USD","1.00","USD","-"
"KOS","KOSMOS ENERGY LTD","Energy","Equity","286,600.70","0.00","286,600.70","124,609.00","2.30","United States","New York Stock Exchange Inc.","USD","1.00","USD","-"
"LILAK","LIBERTY LATIN AMERICA LTD CLASS C","Communication","Equity","287,315.43","0.00","287,315.43","42,947.00","6.69","United States","NASDAQ","USD","1.00","USD","-"
"PRG","PROG HOLDINGS INC","Financials","Equity","287,372.70","0.00","287,372.70","10,683.00","26.90","United States","New York Stock Exchange Inc.","USD","1.00","USD","-"
"USPH","US PHYSICAL THERAPY INC","Health Care","Equity","287,822.92","0.00","287,822.92","3,542.00","81.26","United States","New York Stock Exchange Inc.","USD","1.00","USD","-"
"AMWD","AMERICAN WOODMARK CORP","Industrials","Equity","287,897.28","0.00","287,897.28","4,776.00","60.28","United States","NASDAQ","USD","1.00","USD","-"
"SAFT","SAFETY INSURANCE GROUP INC","Financials","Equity","285,654.55","0.00","285,654.55","3,781.00","75.55","United States","NASDAQ","USD","1.00","USD","-"
"SNDX","SYNDAX PHARMACEUTICALS INC","Health Care","Equity","285,009.84","0.00","285,009.84","19,683.00","14.48","United States","NASDAQ","USD","1.00","USD","-"
"LMB","LIMBACH HOLDINGS INC","Industrials","Equity","282,464.64","0.00","282,464.64","3,648.00","77.43","United States","NASDAQ","USD","1.00","USD","-"
"BTSG","BRIGHTSPRING HEALTH SERVICES INC","Health Care","Equity","282,470.40","0.00","282,470.40","15,360.00","18.39","United States","NASDAQ","USD","1.00","USD","-"
"HLX","HELIX ENERGY SOLUTIONS GROUP INC","Energy","Equity","282,482.24","0.00","282,482.24","35,848.00","7.88","United States","New York Stock Exchange Inc.","USD","1.00","USD","-"
"LEU","CENTRUS ENERGY CORP CLASS A","Energy","Equity","280,739.20","0.00","280,739.20","3,320.00","84.56","United States","Nyse Mkt Llc","USD","1.00","USD","-"
"CIM","CHIMERA INVESTMENT CORP","Financials","Equity","279,376.10","0.00","279,376.10","20,099.00","13.90","United States","New York Stock Exchange Inc.","USD","1.00","USD","-"
"UCTT","ULTRA CLEAN HOLDINGS INC","Information Technology","Equity","279,554.00","0.00","279,554.00","11,528.00","24.25","United States","NASDAQ","USD","1.00","USD","-"
"DRVN","DRIVEN BRANDS HOLDINGS INC","Industrials","Equity","280,489.60","0.00","280,489.60","17,020.00","16.48","United States","NASDAQ","USD","1.00","USD","-"
"GERN","GERON CORP","Health Care","Equity","278,231.52","0.00","278,231.52","165,614.00","1.68","United States","NASDAQ","USD","1.00","USD","-"
"PCRX","PACIRA BIOSCIENCES INC","Health Care","Equity","278,617.01","0.00","278,617.01","11,851.00","23.51","United States","NASDAQ","USD","1.00","USD","-"
"SBSI","SOUTHSIDE BANCSHARES INC","Financials","Equity","278,842.24","0.00","278,842.24","9,376.00","29.74","United States","New York Stock Exchange Inc.","USD","1.00","USD","-"
"AMC","AMC ENTERTAINMENT HOLDINGS INC CLA","Communication","Equity","275,567.50","0.00","275,567.50","90,350.00","3.05","United States","New York Stock Exchange Inc.","USD","1.00","USD","-"
"AAT","AMERICAN ASSETS TRUST REIT INC","Real Estate","Equity","275,595.58","0.00","275,595.58","12,493.00","22.06","United States","New York Stock Exchange Inc.","USD","1.00","USD","Jan 01, 1970"
"DCOM","DIME COMMUNITY BANCSHARES INC","Financials","Equity","273,080.91","0.00","273,080.91","9,381.00","29.11","United States","NASDAQ","USD","1.00","USD","-"
"FUBO","FUBOTV INC","Communication","Equity","273,423.92","0.00","273,423.92","88,774.00","3.08","United States","New York Stock Exchange Inc.","USD","1.00","USD","-"
"FIZZ","NATIONAL BEVERAGE CORP","Consumer Staples","Equity","273,644.65","0.00","273,644.65","6,745.00","40.57","United States","NASDAQ","USD","1.00","USD","-"
"WGO","WINNEBAGO INDUSTRIES INC","Consumer Discretionary","Equity","273,677.16","0.00","273,677.16","7,844.00","34.89","United States","New York Stock Exchange Inc.","USD","1.00","USD","-"
"PRLB","PROTO LABS INC","Industrials","Equity","274,131.00","0.00","274,131.00","7,150.00","38.34","United States","New York Stock Exchange Inc.","USD","1.00","USD","-"
"BBSI","BARRETT BUSINESS SERVICES INC","Industrials","Equity","274,139.24","0.00","274,139.24","6,988.00","39.23","United States","NASDAQ","USD","1.00","USD","-"
"DOLE","DOLE PLC","Consumer Staples","Equity","274,442.10","0.00","274,442.10","18,862.00","14.55","Ireland","New York Stock Exchange Inc.","USD","1.00","USD","-"
"SAFE","SAFEHOLD INC","Real Estate","Equity","271,926.72","0.00","271,926.72","14,526.00","18.72","United States","New York Stock Exchange Inc.","USD","1.00","USD","-"
"CWH","CAMPING WORLD HOLDINGS INC CLASS A","Consumer Discretionary","Equity","272,035.40","0.00","272,035.40","14,947.00","18.20","United States","New York Stock Exchange Inc.","USD","1.00","USD","-"
"GBTG","GLOBAL BUSINESS TRAVEL GROUP INC C","Consumer Discretionary","Equity","272,127.84","0.00","272,127.84","33,349.00","8.16","United States","New York Stock Exchange Inc.","USD","1.00","USD","-"
"CBL","CBL ASSOCIATES PROPERTIES INC","Real Estate","Equity","272,160.00","0.00","272,160.00","9,000.00","30.24","United States","New York Stock Exchange Inc.","USD","1.00","USD","-"
"OXM","OXFORD INDUSTRIES INC","Consumer Discretionary","Equity","270,342.93","0.00","270,342.93","4,611.00","58.63","United States","New York Stock Exchange Inc.","USD","1.00","USD","-"
"MDXG","MIMEDX GROUP INC","Health Care","Equity","270,807.08","0.00","270,807.08","33,495.00","8.09","United States","NASDAQ","USD","1.00","USD","-"
"GRAL","GRAIL INC","Health Care","Equity","270,857.60","0.00","270,857.60","7,072.00","38.30","United States","NASDAQ","USD","1.00","USD","-"
"THRM","GENTHERM INC","Consumer Discretionary","Equity","271,116.68","0.00","271,116.68","8,483.00","31.96","United States","NASDAQ","USD","1.00","USD","-"
"MRC","MRC GLOBAL INC","Industrials","Equity","268,443.88","0.00","268,443.88","23,404.00","11.47","United States","New York Stock Exchange Inc.","USD","1.00","USD","-"
"AORT","ARTIVION INC","Health Care","Equity","268,465.34","0.00","268,465.34","10,582.00","25.37","United States","New York Stock Exchange Inc.","USD","1.00","USD","-"
"COUR","COURSERA INC","Consumer Discretionary","Equity","268,884.00","0.00","268,884.00","34,920.00","7.70","United States","New York Stock Exchange Inc.","USD","1.00","USD","-"
"AGL","AGILON HEALTH","Health Care","Equity","268,997.52","0.00","268,997.52","75,988.00","3.54","United States","New York Stock Exchange Inc.","USD","1.00","USD","-"
"VITL","VITAL FARMS INC","Consumer Staples","Equity","269,201.88","0.00","269,201.88","8,746.00","30.78","United States","NASDAQ","USD","1.00","USD","-"
"FDP","FRESH DEL MONTE PRODUCE INC","Consumer Staples","Equity","269,310.20","0.00","269,310.20","8,980.00","29.99","United States","New York Stock Exchange Inc.","USD","1.00","USD","-"
"RSI","RUSH STREET INTERACTIVE INC CLASS","Consumer Discretionary","Equity","269,635.35","0.00","269,635.35","23,105.00","11.67","United States","New York Stock Exchange Inc.","USD","1.00","USD","-"
"TILE","INTERFACE INC","Industrials","Equity","269,846.85","0.00","269,846.85","14,469.00","18.65","United States","NASDAQ","USD","1.00","USD","-"
"ARLO","ARLO TECHNOLOGIES INC","Information Technology","Equity","267,040.88","0.00","267,040.88","21,746.00","12.28","United States","New York Stock Exchange Inc.","USD","1.00","USD","-"
"PENG","PENGUIN SOLUTIONS INC","Information Technology","Equity","268,047.75","0.00","268,047.75","14,145.00","18.95","United States","NASDAQ","USD","1.00","USD","-"
"GSAT","GLOBALSTAR VOTING INC","Communication","Equity","265,673.54","0.00","265,673.54","11,506.00","23.09","United States","NASDAQ","USD","1.00","USD","-"
"FA","FIRST ADVANTAGE CORP","Industrials","Equity","266,317.46","0.00","266,317.46","18,982.00","14.03","United States","NASDAQ","USD","1.00","USD","-"
"NN","NEXTNAV INC","Information Technology","Equity","264,178.00","0.00","264,178.00","22,972.00","11.50","United States","NASDAQ","USD","1.00","USD","-"
"NVEE","NV5 GLOBAL INC","Industrials","Equity","264,342.64","0.00","264,342.64","14,776.00","17.89","United States","NASDAQ","USD","1.00","USD","-"
"SPHR","SPHERE ENTERTAINMENT CLASS A","Communication","Equity","262,421.04","0.00","262,421.04","6,904.00","38.01","United States","New York Stock Exchange Inc.","USD","1.00","USD","-"
"SPNT","SIRIUSPOINT LTD","Financials","Equity","263,048.64","0.00","263,048.64","17,678.00","14.88","United States","New York Stock Exchange Inc.","USD","1.00","USD","-"
"SLNO","SOLENO THERAPEUTICS INC","Health Care","Equity","263,191.50","0.00","263,191.50","5,850.00","44.99","United States","NASDAQ","USD","1.00","USD","-"
"CXM","SPRINKLR INC CLASS A","Information Technology","Equity","263,313.82","0.00","263,313.82","30,833.00","8.54","United States","New York Stock Exchange Inc.","USD","1.00","USD","-"
"CDNA","CAREDX INC","Health Care","Equity","263,642.62","0.00","263,642.62","12,911.00","20.42","United States","NASDAQ","USD","1.00","USD","-"
"OCFC","OCEANFIRST FINANCIAL CORP","Financials","Equity","263,793.42","0.00","263,793.42","15,213.00","17.34","United States","NASDAQ","USD","1.00","USD","-"
"DYN","DYNE THERAPEUTICS INC","Health Care","Equity","261,139.20","0.00","261,139.20","21,440.00","12.18","United States","NASDAQ","USD","1.00","USD","-"
"XPRO","EXPRO GROUP HOLDINGS NV","Energy","Equity","262,000.64","0.00","262,000.64","25,586.00","10.24","United States","New York Stock Exchange Inc.","USD","1.00","USD","-"
"OBK","ORIGIN BANCORP INC","Financials","Equity","260,509.74","0.00","260,509.74","7,037.00","37.02","United States","New York Stock Exchange Inc.","USD","1.00","USD","-"
"EFC","ELLINGTON FINANCIAL INC","Financials","Equity","260,590.67","0.00","260,590.67","19,147.00","13.61","United States","New York Stock Exchange Inc.","USD","1.00","USD","-"
"SGHC","SUPER GROUP LTD","Consumer Discretionary","Equity","260,688.25","0.00","260,688.25","35,957.00","7.25","Guernsey","New York Stock Exchange Inc.","USD","1.00","USD","-"
"PCT","PURECYCLE TECHNOLOGIES INC","Materials","Equity","258,327.03","0.00","258,327.03","27,807.00","9.29","United States","NASDAQ","USD","1.00","USD","-"
"COLL","COLLEGIUM PHARMACEUTICAL INC","Health Care","Equity","258,963.12","0.00","258,963.12","9,096.00","28.47","United States","NASDAQ","USD","1.00","USD","-"
"NXRT","NEXPOINT RESIDENTIAL TRUST INC","Real Estate","Equity","257,030.82","0.00","257,030.82","6,222.00","41.31","United States","New York Stock Exchange Inc.","USD","1.00","USD","-"
"BKE","BUCKLE INC","Consumer Discretionary","Equity","257,402.55","0.00","257,402.55","6,815.00","37.77","United States","New York Stock Exchange Inc.","USD","1.00","USD","-"
"IOVA","IOVANCE BIOTHERAPEUTICS INC","Health Care","Equity","257,770.35","0.00","257,770.35","63,647.00","4.05","United States","NASDAQ","USD","1.00","USD","-"
"ARVN","ARVINAS INC","Health Care","Equity","254,814.68","0.00","254,814.68","14,565.00","17.50","United States","NASDAQ","USD","1.00","USD","-"
"DGII","DIGI INTERNATIONAL INC","Information Technology","Equity","254,903.52","0.00","254,903.52","8,682.00","29.36","United States","NASDAQ","USD","1.00","USD","-"
"CCB","COASTAL FINANCIAL CORP","Financials","Equity","254,960.88","0.00","254,960.88","2,803.00","90.96","United States","NASDAQ","USD","1.00","USD","-"
"LOB","LIVE OAK BANCSHARES INC","Financials","Equity","255,154.55","0.00","255,154.55","8,491.00","30.05","United States","New York Stock Exchange Inc.","USD","1.00","USD","-"
"FTRE","FORTREA HOLDINGS INC","Health Care","Equity","255,337.83","0.00","255,337.83","23,447.00","10.89","United States","NASDAQ","USD","1.00","USD","-"
"SRCE","1ST SOURCE CORP","Financials","Equity","255,618.10","0.00","255,618.10","4,051.00","63.10","United States","NASDAQ","USD","1.00","USD","-"
"FMBH","FIRST MID BANCSHARES INC","Financials","Equity","255,955.97","0.00","255,955.97","6,961.00","36.77","United States","NASDAQ","USD","1.00","USD","-"
"EVH","EVOLENT HEALTH INC CLASS A","Health Care","Equity","253,765.90","0.00","253,765.90","29,035.00","8.74","United States","New York Stock Exchange Inc.","USD","1.00","USD","-"
"IMKTA","INGLES MARKETS INC CLASS A","Consumer Staples","Equity","254,307.90","0.00","254,307.90","4,242.00","59.95","United States","NASDAQ","USD","1.00","USD","-"
"GOGL","GOLDEN OCEAN GROUP LTD","Industrials","Equity","254,452.77","0.00","254,452.77","30,238.00","8.41","Norway","NASDAQ","USD","1.00","USD","-"
"ELVN","ENLIVEN THERAPEUTICS INC","Health Care","Equity","252,173.75","0.00","252,173.75","11,867.00","21.25","United States","NASDAQ","USD","1.00","USD","-"
"CNOB","CONNECTONE BANCORP INC","Financials","Equity","253,003.21","0.00","253,003.21","10,459.00","24.19","United States","NASDAQ","USD","1.00","USD","-"
"GABC","GERMAN AMERICAN BANCORP INC","Financials","Equity","253,239.00","0.00","253,239.00","6,510.00","38.90","United States","NASDAQ","USD","1.00","USD","-"
"MXL","MAXLINEAR INC","Information Technology","Equity","250,402.68","0.00","250,402.68","18,799.00","13.32","United States","NASDAQ","USD","1.00","USD","-"
"BLFS","BIOLIFE SOLUTIONS INC","Health Care","Equity","250,976.25","0.00","250,976.25","9,561.00","26.25","United States","NASDAQ","USD","1.00","USD","-"
"KFRC","KFORCE INC","Industrials","Equity","251,166.63","0.00","251,166.63","5,071.00","49.53","United States","New York Stock Exchange Inc.","USD","1.00","USD","-"
"EYE","NATIONAL VISION HOLDINGS INC","Consumer Discretionary","Equity","251,589.36","0.00","251,589.36","20,724.00","12.14","United States","NASDAQ","USD","1.00","USD","-"
"AMN","AMN HEALTHCARE INC","Health Care","Equity","251,711.52","0.00","251,711.52","9,622.00","26.16","United States","New York Stock Exchange Inc.","USD","1.00","USD","-"
"NSSC","NAPCO SECURITY TECHNOLOGIES INC","Information Technology","Equity","249,265.94","0.00","249,265.94","10,241.00","24.34","United States","NASDAQ","USD","1.00","USD","-"
"NRIX","NURIX THERAPEUTICS INC","Health Care","Equity","249,725.00","0.00","249,725.00","17,500.00","14.27","United States","NASDAQ","USD","1.00","USD","-"
"WULF","TERAWULF INC","Information Technology","Equity","249,749.78","0.00","249,749.78","67,318.00","3.71","United States","NASDAQ","USD","1.00","USD","-"
"AMSF","AMERISAFE INC","Financials","Equity","249,781.96","0.00","249,781.96","4,916.00","50.81","United States","NASDAQ","USD","1.00","USD","-"
"WINA","WINMARK CORP","Consumer Discretionary","Equity","247,412.34","0.00","247,412.34","777.00","318.42","United States","NASDAQ","USD","1.00","USD","-"
"DX","DYNEX CAPITAL REIT INC","Financials","Equity","247,716.42","0.00","247,716.42","17,606.00","14.07","United States","New York Stock Exchange Inc.","USD","1.00","USD","-"
"PDM","PIEDMONT OFFICE REALTY TRUST REIT","Real Estate","Equity","247,774.80","0.00","247,774.80","34,035.00","7.28","United States","New York Stock Exchange Inc.","USD","1.00","USD","-"
"BRSP","BRIGHTSPIRE CAPITAL INC CLASS A","Financials","Equity","248,319.75","0.00","248,319.75","40,775.00","6.09","United States","New York Stock Exchange Inc.","USD","1.00","USD","-"
"SBH","SALLY BEAUTY HOLDINGS INC","Consumer Discretionary","Equity","246,277.80","0.00","246,277.80","27,828.00","8.85","United States","New York Stock Exchange Inc.","USD","1.00","USD","-"
"TROX","TRONOX HOLDINGS PLC","Materials","Equity","246,608.07","0.00","246,608.07","34,109.00","7.23","United States","New York Stock Exchange Inc.","USD","1.00","USD","-"
"THR","THERMON GROUP HOLDINGS INC","Industrials","Equity","247,069.20","0.00","247,069.20","8,780.00","28.14","United States","New York Stock Exchange Inc.","USD","1.00","USD","-"
"KNSA","KINIKSA PHARMACEUTICALS INTERNATIO","Health Care","Equity","247,075.89","0.00","247,075.89","11,551.00","21.39","United States","NASDAQ","USD","1.00","USD","-"
"ATEC","ALPHATEC HOLDNGS INC","Health Care","Equity","244,747.36","0.00","244,747.36","21,394.00","11.44","United States","NASDAQ","USD","1.00","USD","-"
"IDT","IDT CORP CLASS B","Communication","Equity","245,061.19","0.00","245,061.19","5,269.00","46.51","United States","New York Stock Exchange Inc.","USD","1.00","USD","-"
"XMTR","XOMETRY INC CLASS A","Industrials","Equity","245,100.00","0.00","245,100.00","9,500.00","25.80","United States","NASDAQ","USD","1.00","USD","-"
"FIHL","FIDELIS INSURANCE HOLDINGS LTD","Financials","Equity","245,500.78","0.00","245,500.78","16,162.00","15.19","Bermuda","New York Stock Exchange Inc.","USD","1.00","USD","-"
"HLF","HERBALIFE LTD","Consumer Staples","Equity","245,626.56","0.00","245,626.56","28,429.00","8.64","United States","New York Stock Exchange Inc.","USD","1.00","USD","-"
"NEXT","NEXTDECADE CORP","Energy","Equity","241,630.28","0.00","241,630.28","31,627.00","7.64","United States","NASDAQ","USD","1.00","USD","-"
"IAS","INTEGRAL AD SCIENCE HOLDING CORP","Communication","Equity","241,746.25","0.00","241,746.25","23,585.00","10.25","United States","NASDAQ","USD","1.00","USD","-"
"SCSC","SCANSOURCE INC","Information Technology","Equity","242,363.88","0.00","242,363.88","6,831.00","35.48","United States","NASDAQ","USD","1.00","USD","-"
"ALGT","ALLEGIANT TRAVEL","Industrials","Equity","242,556.47","0.00","242,556.47","3,679.00","65.93","United States","NASDAQ","USD","1.00","USD","-"
"BHRB","BURKE HERBERT FINANCIAL SERVICES C","Financials","Equity","240,026.86","0.00","240,026.86","3,931.00","61.06","United States","NASDAQ","USD","1.00","USD","-"
"WTTR","SELECT WATER SOLUTIONS INC CLASS A","Energy","Equity","240,649.20","0.00","240,649.20","22,660.00","10.62","United States","New York Stock Exchange Inc.","USD","1.00","USD","-"
"DXPE","DXP ENTERPRISES INC","Industrials","Equity","236,819.88","0.00","236,819.88","2,844.00","83.27","United States","NASDAQ","USD","1.00","USD","-"
"MODG","TOPGOLF CALLAWAY BRANDS CORP","Consumer Discretionary","Equity","236,895.80","0.00","236,895.80","38,209.00","6.20","United States","New York Stock Exchange Inc.","USD","1.00","USD","-"
"SXC","SUNCOKE ENERGY INC","Materials","Equity","236,937.30","0.00","236,937.30","26,385.00","8.98","United States","New York Stock Exchange Inc.","USD","1.00","USD","-"
"RVLV","REVOLVE GROUP CLASS A INC","Consumer Discretionary","Equity","236,997.53","0.00","236,997.53","9,757.00","24.29","United States","New York Stock Exchange Inc.","USD","1.00","USD","-"
"ADPT","ADAPTIVE BIOTECHNOLOGIES CORP","Health Care","Equity","237,045.60","0.00","237,045.60","29,520.00","8.03","United States","NASDAQ","USD","1.00","USD","-"
"TNK","TEEKAY TANKERS LTD CLASS A","Energy","Equity","237,082.95","0.00","237,082.95","6,399.00","37.05","Bermuda","New York Stock Exchange Inc.","USD","1.00","USD","-"
"NTST","NETSTREIT CORP","Real Estate","Equity","237,629.70","0.00","237,629.70","16,002.00","14.85","United States","New York Stock Exchange Inc.","USD","1.00","USD","-"
"BDN","BRANDYWINE REALTY TRUST REIT","Real Estate","Equity","235,620.66","0.00","235,620.66","49,709.00","4.74","United States","New York Stock Exchange Inc.","USD","1.00","USD","-"
"MYGN","MYRIAD GENETICS INC","Health Care","Equity","235,762.34","0.00","235,762.34","22,801.00","10.34","United States","NASDAQ","USD","1.00","USD","-"
"HCKT","HACKETT GROUP INC","Information Technology","Equity","233,809.10","0.00","233,809.10","7,915.00","29.54","United States","NASDAQ","USD","1.00","USD","-"
"CBRL","CRACKER BARREL OLD COUNTRY STORE I","Consumer Discretionary","Equity","234,084.90","0.00","234,084.90","5,810.00","40.29","United States","NASDAQ","USD","1.00","USD","-"
"SIBN","SI BONE INC","Health Care","Equity","234,740.55","0.00","234,740.55","13,849.00","16.95","United States","NASDAQ","USD","1.00","USD","-"
"CFFN","CAPITOL FEDERAL FINANCIAL INC","Financials","Equity","232,473.15","0.00","232,473.15","39,739.00","5.85","United States","NASDAQ","USD","1.00","USD","Jan 01, 1970"
"CTLP","CANTALOUPE INC","Financials","Equity","232,600.38","0.00","232,600.38","24,666.00","9.43","United States","NASDAQ","USD","1.00","USD","-"
"ERII","ENERGY RECOVERY INC","Industrials","Equity","232,760.71","0.00","232,760.71","14,911.00","15.61","United States","NASDAQ","USD","1.00","USD","-"
"MMI","MARCUS & MILLICHAP INC","Real Estate","Equity","233,129.40","0.00","233,129.40","5,905.00","39.48","United States","New York Stock Exchange Inc.","USD","1.00","USD","-"
"WLFC","WILLIS LEASE FINANCE CORP","Industrials","Equity","233,311.26","0.00","233,311.26","1,183.00","197.22","United States","NASDAQ","USD","1.00","USD","-"
"FSLY","FASTLY INC CLASS A","Information Technology","Equity","231,068.43","0.00","231,068.43","33,057.00","6.99","United States","New York Stock Exchange Inc.","USD","1.00","USD","-"
"QNST","QUINSTREET INC","Communication","Equity","231,247.86","0.00","231,247.86","12,426.00","18.61","United States","NASDAQ","USD","1.00","USD","-"
"NX","QUANEX BUILDING PRODUCTS CORP","Industrials","Equity","229,495.50","0.00","229,495.50","11,769.00","19.50","United States","New York Stock Exchange Inc.","USD","1.00","USD","-"
"HSTM","HEALTHSTREAM INC","Health Care","Equity","229,785.45","0.00","229,785.45","6,915.00","33.23","United States","NASDAQ","USD","1.00","USD","-"
"STAA","STAAR SURGICAL","Health Care","Equity","230,395.60","0.00","230,395.60","12,680.00","18.17","United States","NASDAQ","USD","1.00","USD","-"
"CPF","CENTRAL PACIFIC FINANCIAL CORP","Financials","Equity","228,498.86","0.00","228,498.86","8,258.00","27.67","United States","New York Stock Exchange Inc.","USD","1.00","USD","-"
"BBAI","BIGBEAR.AI HOLDINGS INC","Information Technology","Equity","228,816.00","0.00","228,816.00","47,670.00","4.80","United States","New York Stock Exchange Inc.","USD","1.00","USD","-"
"TRS","TRIMAS CORP","Materials","Equity","226,145.92","0.00","226,145.92","9,884.00","22.88","United States","NASDAQ","USD","1.00","USD","-"
"CRMD","CORMEDIX INC","Health Care","Equity","227,282.91","0.00","227,282.91","22,481.00","10.11","United States","NASDAQ","USD","1.00","USD","-"
"TMP","TOMPKINS FINANCIAL CORP","Financials","Equity","227,580.50","0.00","227,580.50","3,430.00","66.35","United States","Nyse Mkt Llc","USD","1.00","USD","-"
"CARS","CARS.COM INC","Communication","Equity","224,899.00","0.00","224,899.00","18,820.00","11.95","United States","New York Stock Exchange Inc.","USD","1.00","USD","-"
"ECPG","ENCORE CAPITAL GROUP INC","Financials","Equity","225,023.80","0.00","225,023.80","6,530.00","34.46","United States","NASDAQ","USD","1.00","USD","-"
"SAH","SONIC AUTOMOTIVE INC CLASS A","Consumer Discretionary","Equity","225,554.33","0.00","225,554.33","3,347.00","67.39","United States","New York Stock Exchange Inc.","USD","1.00","USD","-"
"SWI","SOLARWINDS CORP","Information Technology","Equity","225,967.14","0.00","225,967.14","12,321.00","18.34","United States","New York Stock Exchange Inc.","USD","1.00","USD","-"
"RYI","RYERSON HOLDING CORP","Materials","Equity","223,082.52","0.00","223,082.52","9,039.00","24.68","United States","New York Stock Exchange Inc.","USD","1.00","USD","-"
"RDVT","RED VIOLET INC","Information Technology","Equity","223,088.04","0.00","223,088.04","5,796.00","38.49","United States","NASDAQ","USD","1.00","USD","-"
"ARRY","ARRAY TECHNOLOGIES INC","Industrials","Equity","223,948.98","0.00","223,948.98","41,319.00","5.42","United States","NASDAQ","USD","1.00","USD","-"
"VMEO","VIMEO INC","Communication","Equity","221,619.81","0.00","221,619.81","38,949.00","5.69","United States","NASDAQ","USD","1.00","USD","-"
"HFWA","HERITAGE FINANCIAL CORP","Financials","Equity","221,917.08","0.00","221,917.08","9,212.00","24.09","United States","NASDAQ","USD","1.00","USD","-"
"AMPL","AMPLITUDE INC CLASS A","Information Technology","Equity","220,199.32","0.00","220,199.32","17,257.00","12.76","United States","NASDAQ","USD","1.00","USD","-"
"CDRE","CADRE HOLDINGS INC","Industrials","Equity","220,416.00","0.00","220,416.00","6,720.00","32.80","United States","New York Stock Exchange Inc.","USD","1.00","USD","-"
"BZH","BEAZER HOMES INC","Consumer Discretionary","Equity","220,559.04","0.00","220,559.04","9,864.00","22.36","United States","New York Stock Exchange Inc.","USD","1.00","USD","-"
"BELFB","BEL FUSE INC CLASS B","Information Technology","Equity","220,640.00","0.00","220,640.00","2,758.00","80.00","United States","NASDAQ","USD","1.00","USD","-"
"MBWM","MERCANTILE BANK CORP","Financials","Equity","221,130.25","0.00","221,130.25","4,775.00","46.31","United States","NASDAQ","USD","1.00","USD","-"
"HG","HAMILTON INSURANCE GROUP LTD CLASS","Financials","Equity","221,231.10","0.00","221,231.10","10,565.00","20.94","United States","New York Stock Exchange Inc.","USD","1.00","USD","-"
"OEC","ORION SA","Materials","Equity","217,046.20","0.00","217,046.20","16,030.00","13.54","United States","New York Stock Exchange Inc.","USD","1.00","USD","-"
"WSR","WHITESTONE REIT","Real Estate","Equity","217,195.00","0.00","217,195.00","15,796.00","13.75","United States","New York Stock Exchange Inc.","USD","1.00","USD","-"
"DHC","DIVERSIFIED HEALTHCARE TRUST","Real Estate","Equity","217,498.37","0.00","217,498.37","82,699.00","2.63","United States","NASDAQ","USD","1.00","USD","-"
"RXST","RXSIGHT INC","Health Care","Equity","217,585.97","0.00","217,585.97","8,183.00","26.59","United States","NASDAQ","USD","1.00","USD","-"
"NTGR","NETGEAR INC","Information Technology","Equity","217,694.40","0.00","217,694.40","8,778.00","24.80","United States","NASDAQ","USD","1.00","USD","-"
"MCBS","METROCITY BANKSHARES INC","Financials","Equity","217,805.99","0.00","217,805.99","7,597.00","28.67","United States","NASDAQ","USD","1.00","USD","-"
"BJRI","BJS RESTAURANTS INC","Consumer Discretionary","Equity","217,863.50","0.00","217,863.50","6,035.00","36.10","United States","NASDAQ","USD","1.00","USD","-"
"NTLA","INTELLIA THERAPEUTICS INC","Health Care","Equity","218,438.62","0.00","218,438.62","23,325.00","9.37","United States","NASDAQ","USD","1.00","USD","-"
"LQDT","LIQUIDITY SERVICES INC","Industrials","Equity","215,493.12","0.00","215,493.12","6,768.00","31.84","United States","NASDAQ","USD","1.00","USD","-"
"UDMY","UDEMY INC","Consumer Discretionary","Equity","215,545.72","0.00","215,545.72","22,406.00","9.62","United States","NASDAQ","USD","1.00","USD","-"
"NG","NOVAGOLD RESOURCES INC","Materials","Equity","216,697.80","0.00","216,697.80","65,666.00","3.30","Canada","Nyse Mkt Llc","USD","1.00","USD","-"
"UWMC","UWM HOLDINGS CORP CLASS A","Financials","Equity","214,059.16","0.00","214,059.16","33,239.00","6.44","United States","New York Stock Exchange Inc.","USD","1.00","USD","-"
"AAOI","APPLIED OPTOELECTRONICS INC","Information Technology","Equity","214,157.60","0.00","214,157.60","11,845.00","18.08","United States","NASDAQ","USD","1.00","USD","-"
"CWENA","CLEARWAY ENERGY INC CLASS A","Utilities","Equity","214,324.76","0.00","214,324.76","8,333.00","25.72","United States","New York Stock Exchange Inc.","USD","1.00","USD","-"
"UTZ","UTZ BRANDS INC CLASS A","Consumer Staples","Equity","214,989.78","0.00","214,989.78","15,647.00","13.74","United States","New York Stock Exchange Inc.","USD","1.00","USD","-"
"GDYN","GRID DYNAMICS HOLDINGS INC CLASS A","Information Technology","Equity","215,157.98","0.00","215,157.98","11,378.00","18.91","United States","NASDAQ","USD","1.00","USD","-"
"NPK","NATIONAL PRESTO INDUSTRIES INC","Industrials","Equity","212,701.02","0.00","212,701.02","2,247.00","94.66","United States","New York Stock Exchange Inc.","USD","1.00","USD","-"
"ASTE","ASTEC INDUSTRIES INC","Industrials","Equity","213,266.52","0.00","213,266.52","5,994.00","35.58","United States","NASDAQ","USD","1.00","USD","-"
"UVSP","UNIVEST FINANCIAL CORP","Financials","Equity","211,367.88","0.00","211,367.88","7,209.00","29.32","United States","NASDAQ","USD","1.00","USD","-"
"ICHR","ICHOR HOLDINGS LTD","Information Technology","Equity","211,420.80","0.00","211,420.80","7,341.00","28.80","United States","NASDAQ","USD","1.00","USD","-"
"HCSG","HEALTHCARE SERVICES GROUP INC","Industrials","Equity","211,754.52","0.00","211,754.52","20,283.00","10.44","United States","NASDAQ","USD","1.00","USD","-"
"STGW","STAGWELL INC CLASS A","Communication","Equity","211,844.92","0.00","211,844.92","34,004.00","6.23","United States","NASDAQ","USD","1.00","USD","-"
"SMBK","SMARTFINANCIAL INC","Financials","Equity","212,329.80","0.00","212,329.80","6,444.00","32.95","United States","New York Stock Exchange Inc.","USD","1.00","USD","-"
"CECO","CECO ENVIRONMENTAL CORP","Industrials","Equity","209,837.04","0.00","209,837.04","8,468.00","24.78","United States","NASDAQ","USD","1.00","USD","-"
"EMBC","EMBECTA CORP","Health Care","Equity","209,885.00","0.00","209,885.00","16,145.00","13.00","United States","NASDAQ","USD","1.00","USD","-"
"JANX","JANUX THERAPEUTICS INC","Health Care","Equity","210,357.00","0.00","210,357.00","6,678.00","31.50","United States","NASDAQ","USD","1.00","USD","-"
"ORRF","ORRSTOWN FINANCIAL SERVICES INC","Financials","Equity","210,433.32","0.00","210,433.32","6,519.00","32.28","United States","NASDAQ","USD","1.00","USD","-"
"AHCO","ADAPTHEALTH CORP","Health Care","Equity","210,898.44","0.00","210,898.44","20,201.00","10.44","United States","NASDAQ","USD","1.00","USD","-"
"XRX","XEROX HOLDINGS CORP","Information Technology","Equity","208,117.68","0.00","208,117.68","33,676.00","6.18","United States","NASDAQ","USD","1.00","USD","-"
"XNCR","XENCOR INC","Health Care","Equity","208,194.20","0.00","208,194.20","14,978.00","13.90","United States","NASDAQ","USD","1.00","USD","-"
"AIOT","POWERFLEET INC","Information Technology","Equity","208,213.98","0.00","208,213.98","31,837.00","6.54","United States","NASDAQ","USD","1.00","USD","-"
"OSBC","OLD SECOND BANCORP INC","Financials","Equity","208,515.09","0.00","208,515.09","11,963.00","17.43","United States","NASDAQ","USD","1.00","USD","-"
"ASIX","ADVANSIX INC","Materials","Equity","208,901.70","0.00","208,901.70","7,895.00","26.46","United States","New York Stock Exchange Inc.","USD","1.00","USD","-"
"MBIN","MERCHANTS BANCORP","Financials","Equity","207,713.45","0.00","207,713.45","5,215.00","39.83","United States","NASDAQ","USD","1.00","USD","-"
"PGRE","PARAMOUNT GROUP REIT INC","Real Estate","Equity","204,976.35","0.00","204,976.35","47,121.00","4.35","United States","New York Stock Exchange Inc.","USD","1.00","USD","-"
"RWT","REDWOOD TRUST REIT INC","Financials","Equity","205,066.24","0.00","205,066.24","31,744.00","6.46","United States","New York Stock Exchange Inc.","USD","1.00","USD","-"
"WVE","WAVE LIFE SCIENCES LTD","Health Care","Equity","205,639.35","0.00","205,639.35","19,455.00","10.57","United States","NASDAQ","USD","1.00","USD","-"
"WS","WORTHINGTON STEEL INC","Materials","Equity","205,692.30","0.00","205,692.30","7,821.00","26.30","United States","New York Stock Exchange Inc.","USD","1.00","USD","-"
"RBCAA","REPUBLIC BANCORP INC CLASS A","Financials","Equity","205,903.15","0.00","205,903.15","3,145.00","65.47","United States","NASDAQ","USD","1.00","USD","-"
"PLYM","PLYMOUTH INDUSTRIAL REIT INC","Real Estate","Equity","203,929.50","0.00","203,929.50","11,822.00","17.25","United States","New York Stock Exchange Inc.","USD","1.00","USD","-"
"COHU","COHU INC","Information Technology","Equity","204,607.14","0.00","204,607.14","11,126.00","18.39","United States","NASDAQ","USD","1.00","USD","-"
"MRTN","MARTEN TRANSPORT LTD","Industrials","Equity","201,891.96","0.00","201,891.96","14,148.00","14.27","United States","NASDAQ","USD","1.00","USD","-"
"XPEL","XPEL INC","Consumer Discretionary","Equity","201,912.70","0.00","201,912.70","6,655.00","30.34","United States","NASDAQ","USD","1.00","USD","-"
"PNTG","PENNANT GROUP INC","Health Care","Equity","202,201.74","0.00","202,201.74","8,619.00","23.46","United States","NASDAQ","USD","1.00","USD","-"
"CTBI","COMMUNITY TRUST BANCORP INC","Financials","Equity","202,324.32","0.00","202,324.32","3,856.00","52.47","United States","NASDAQ","USD","1.00","USD","-"
"AAMI","ACADIAN ASSET MANAGEMENT INC","Financials","Equity","202,582.40","0.00","202,582.40","8,555.00","23.68","United States","New York Stock Exchange Inc.","USD","1.00","USD","-"
"PRCH","PORCH GROUP INC","Information Technology","Equity","202,599.82","0.00","202,599.82","28,178.00","7.19","United States","NASDAQ","USD","1.00","USD","-"
"SEB","SEABOARD CORP","Consumer Staples","Equity","202,725.00","0.00","202,725.00","75.00","2,703.00","United States","Nyse Mkt Llc","USD","1.00","USD","-"
"VTOL","BRISTOW GROUP INC","Energy","Equity","202,805.40","0.00","202,805.40","6,202.00","32.70","United States","New York Stock Exchange Inc.","USD","1.00","USD","-"
"AKBA","AKEBIA THERAPEUTICS INC","Health Care","Equity","202,810.86","0.00","202,810.86","109,332.00","1.86","United States","NASDAQ","USD","1.00","USD","-"
"CCRN","CROSS COUNTRY HEALTHCARE INC","Health Care","Equity","202,943.82","0.00","202,943.82","12,037.00","16.86","United States","NASDAQ","USD","1.00","USD","-"
"PRA","PROASSURANCE CORP","Financials","Equity","203,067.53","0.00","203,067.53","12,959.00","15.67","United States","New York Stock Exchange Inc.","USD","1.00","USD","-"
"BY","BYLINE BANCORP INC","Financials","Equity","203,153.70","0.00","203,153.70","7,374.00","27.55","United States","New York Stock Exchange Inc.","USD","1.00","USD","-"
"BLMN","BLOOMIN BRANDS INC","Consumer Discretionary","Equity","200,697.30","0.00","200,697.30","23,202.00","8.65","United States","NASDAQ","USD","1.00","USD","-"
"PARR","PAR PACIFIC HOLDINGS INC","Energy","Equity","200,954.40","0.00","200,954.40","16,206.00","12.40","United States","New York Stock Exchange Inc.","USD","1.00","USD","-"
"EVER","EVERQUOTE INC CLASS A","Communication","Equity","201,371.82","0.00","201,371.82","7,787.00","25.86","United States","NASDAQ","USD","1.00","USD","-"
"BRKL","BROOKLINE BANCORP INC","Financials","Equity","201,623.42","0.00","201,623.42","17,954.00","11.23","United States","NASDAQ","USD","1.00","USD","-"
"HSII","HEIDRICK AND STRUGGLES INTERNATION","Industrials","Equity","201,731.10","0.00","201,731.10","4,470.00","45.13","United States","NASDAQ","USD","1.00","USD","-"
"ML","MONEYLION INC CLASS A","Financials","Equity","199,232.00","0.00","199,232.00","2,264.00","88.00","United States","New York Stock Exchange Inc.","USD","1.00","USD","-"
"UVE","UNIVERSAL INSURANCE HOLDINGS INC","Financials","Equity","200,116.74","0.00","200,116.74","9,239.00","21.66","United States","New York Stock Exchange Inc.","USD","1.00","USD","-"
"AXGN","AXOGEN INC","Health Care","Equity","200,237.16","0.00","200,237.16","10,996.00","18.21","United States","NASDAQ","USD","1.00","USD","-"
"LINC","LINCOLN EDUCATIONAL SERVICES CORP","Consumer Discretionary","Equity","200,238.75","0.00","200,238.75","11,475.00","17.45","United States","NASDAQ","USD","1.00","USD","-"
"CMPR","CIMPRESS PLC","Industrials","Equity","197,487.36","0.00","197,487.36","4,464.00","44.24","United States","NASDAQ","USD","1.00","USD","-"
"PFBC","PREFERRED BANK","Financials","Equity","197,549.76","0.00","197,549.76","2,334.00","84.64","United States","NASDAQ","USD","1.00","USD","-"
"OPK","OPKO HEALTH INC","Health Care","Equity","195,955.52","0.00","195,955.52","101,008.00","1.94","United States","NASDAQ","USD","1.00","USD","-"
"ADTN","ADTRAN HOLDINGS INC","Information Technology","Equity","196,529.22","0.00","196,529.22","18,558.00","10.59","United States","NASDAQ","USD","1.00","USD","-"
"PL","PLANET LABS CLASS A","Industrials","Equity","196,894.14","0.00","196,894.14","44,953.00","4.38","United States","New York Stock Exchange Inc.","USD","1.00","USD","-"
"FG","F&G ANNUITIES AND LIFE INC","Financials","Equity","197,097.66","0.00","197,097.66","4,713.00","41.82","United States","New York Stock Exchange Inc.","USD","1.00","USD","-"
"NBBK","NB BANCORP INC","Financials","Equity","194,410.56","0.00","194,410.56","10,352.00","18.78","United States","NASDAQ","USD","1.00","USD","-"
"TFSL","TFS FINANCIAL CORP","Financials","Equity","194,792.76","0.00","194,792.76","15,242.00","12.78","United States","NASDAQ","USD","1.00","USD","-"
"HAFC","HANMI FINANCIAL CORP","Financials","Equity","195,088.44","0.00","195,088.44","8,508.00","22.93","United States","NASDAQ","USD","1.00","USD","-"
"SPNS","SAPIENS INTERNATIONAL","Information Technology","Equity","192,825.18","0.00","192,825.18","6,894.00","27.97","Israel","NASDAQ","USD","1.00","USD","-"
"NRIM","NORTHRIM BANCORP INC","Financials","Equity","192,990.72","0.00","192,990.72","2,496.00","77.32","United States","NASDAQ","USD","1.00","USD","-"
"AVDL","AVADEL PHARMACEUTICALS ORD","Health Care","Equity","193,302.94","0.00","193,302.94","24,562.00","7.87","United States","NASDAQ","USD","1.00","USD","-"
"AGS","PLAYAGS INC","Consumer Discretionary","Equity","193,412.88","0.00","193,412.88","16,011.00","12.08","United States","New York Stock Exchange Inc.","USD","1.00","USD","-"
"PRSU","PURSUIT ATTRACTIONS AND HOSPITALIT","Industrials","Equity","193,796.48","0.00","193,796.48","5,056.00","38.33","United States","New York Stock Exchange Inc.","USD","1.00","USD","-"
"SEI","SOLARIS OILFIELD INFRASTRUCTURE IN","Energy","Equity","191,458.26","0.00","191,458.26","6,678.00","28.67","United States","New York Stock Exchange Inc.","USD","1.00","USD","-"
"CEVA","CEVA INC","Information Technology","Equity","191,588.00","0.00","191,588.00","5,675.00","33.76","United States","NASDAQ","USD","1.00","USD","-"
"PRAA","PRA GROUP INC","Financials","Equity","191,720.00","0.00","191,720.00","9,586.00","20.00","United States","NASDAQ","USD","1.00","USD","-"
"DFH","DREAM FINDERS HOMES INC CLASS A","Consumer Discretionary","Equity","191,808.40","0.00","191,808.40","7,861.00","24.40","United States","New York Stock Exchange Inc.","USD","1.00","USD","-"
"HTB","HOMETRUST BANCSHARES INC","Financials","Equity","192,096.48","0.00","192,096.48","5,448.00","35.26","United States","New York Stock Exchange Inc.","USD","1.00","USD","-"
"TRNS","TRANSCAT INC","Industrials","Equity","192,171.72","0.00","192,171.72","2,621.00","73.32","United States","NASDAQ","USD","1.00","USD","-"
"RC","READY CAPITAL CORP","Financials","Equity","192,363.68","0.00","192,363.68","38,783.00","4.96","United States","New York Stock Exchange Inc.","USD","1.00","USD","-"
"ATRO","ASTRONICS CORP","Industrials","Equity","192,379.93","0.00","192,379.93","7,723.00","24.91","United States","NASDAQ","USD","1.00","USD","-"
"FNA","PARAGON INC","Health Care","Equity","192,417.90","0.00","192,417.90","14,790.00","13.01","United States","New York Stock Exchange Inc.","USD","1.00","USD","-"
"NFE","NEW FORTRESS ENERGY INC CLASS A","Energy","Equity","192,427.40","0.00","192,427.40","18,610.00","10.34","United States","NASDAQ","USD","1.00","USD","-"
"CNXN","PC CONNECTION INC","Information Technology","Equity","192,505.81","0.00","192,505.81","2,999.00","64.19","United States","NASDAQ","USD","1.00","USD","-"
"HIPO","HIPPO HOLDINGS INC","Financials","Equity","190,056.57","0.00","190,056.57","6,423.00","29.59","United States","New York Stock Exchange Inc.","USD","1.00","USD","-"
"COGT","COGENT BIOSCIENCES INC","Health Care","Equity","190,146.97","0.00","190,146.97","24,791.00","7.67","United States","NASDAQ","USD","1.00","USD","-"
"OMI","OWENS & MINOR INC","Health Care","Equity","190,455.96","0.00","190,455.96","19,554.00","9.74","United States","New York Stock Exchange Inc.","USD","1.00","USD","-"
"MLAB","MESA LABORATORIES INC","Health Care","Equity","190,781.85","0.00","190,781.85","1,387.00","137.55","United States","NASDAQ","USD","1.00","USD","-"
"BLND","BLEND LABS INC CLASS A","Information Technology","Equity","190,848.26","0.00","190,848.26","61,366.00","3.11","United States","New York Stock Exchange Inc.","USD","1.00","USD","-"
"CIFR","CIPHER MINING INC","Information Technology","Equity","190,894.08","0.00","190,894.08","45,888.00","4.16","United States","NASDAQ","USD","1.00","USD","-"
"JACK","JACK IN THE BOX INC","Consumer Discretionary","Equity","191,018.59","0.00","191,018.59","5,453.00","35.03","United States","NASDAQ","USD","1.00","USD","-"
"DAVE","DAVE INC CLASS A","Financials","Equity","191,159.22","0.00","191,159.22","2,091.00","91.42","United States","NASDAQ","USD","1.00","USD","-"
"SNCY","SUN COUNTRY AIRLINES HOLDINGS INC","Industrials","Equity","188,441.02","0.00","188,441.02","12,134.00","15.53","United States","NASDAQ","USD","1.00","USD","-"
"HONE","HARBORONE BANCORP INC","Financials","Equity","188,872.32","0.00","188,872.32","17,108.00","11.04","United States","NASDAQ","USD","1.00","USD","-"
"LPG","DORIAN LPG LTD","Energy","Equity","189,335.57","0.00","189,335.57","9,481.00","19.97","United States","New York Stock Exchange Inc.","USD","1.00","USD","-"
"SPRY","ARS PHARMACEUTICALS INC","Health Care","Equity","189,409.75","0.00","189,409.75","17,425.00","10.87","United States","NASDAQ","USD","1.00","USD","-"
"UTL","UNITIL CORP","Utilities","Equity","189,432.94","0.00","189,432.94","3,433.00","55.18","United States","New York Stock Exchange Inc.","USD","1.00","USD","-"
"INN","SUMMIT HOTEL PROPERTIES REIT INC","Real Estate","Equity","189,592.02","0.00","189,592.02","29,034.00","6.53","United States","New York Stock Exchange Inc.","USD","1.00","USD","-"
"PTVE","PACTIV EVERGREEN INC","Materials","Equity","189,618.57","0.00","189,618.57","10,611.00","17.87","United States","NASDAQ","USD","1.00","USD","-"
"ORGO","ORGANOGENESIS HOLDINGS INC CLASS A","Health Care","Equity","186,898.98","0.00","186,898.98","31,098.00","6.01","United States","NASDAQ","USD","1.00","USD","-"
"ARIS","ARIS WATER SOLUTIONS INC CLASS A","Industrials","Equity","187,061.03","0.00","187,061.03","6,511.00","28.73","United States","New York Stock Exchange Inc.","USD","1.00","USD","-"
"ZYME","ZYMEWORKS INC","Health Care","Equity","185,323.98","0.00","185,323.98","14,061.00","13.18","United States","NASDAQ","USD","1.00","USD","-"
"MATW","MATTHEWS INTERNATIONAL CORP CLASS","Industrials","Equity","185,366.28","0.00","185,366.28","7,942.00","23.34","United States","NASDAQ","USD","1.00","USD","-"
"RUSHB","RUSH ENTERPRISES INC CLASS B","Industrials","Equity","186,486.16","0.00","186,486.16","3,368.00","55.37","United States","NASDAQ","USD","1.00","USD","-"
"SENEA","SENECA FOODS CORP CLASS A","Consumer Staples","Equity","183,916.98","0.00","183,916.98","2,106.00","87.33","United States","NASDAQ","USD","1.00","USD","-"
"FIGS","FIGS INC CLASS A","Consumer Discretionary","Equity","184,186.20","0.00","184,186.20","38,055.00","4.84","United States","New York Stock Exchange Inc.","USD","1.00","USD","-"
"AVNS","AVANOS MEDICAL INC","Health Care","Equity","185,160.60","0.00","185,160.60","12,102.00","15.30","United States","New York Stock Exchange Inc.","USD","1.00","USD","-"
"CVLG","COVENANT LOGISTICS GROUP INC CLASS","Industrials","Equity","182,860.08","0.00","182,860.08","7,482.00","24.44","United States","New York Stock Exchange Inc.","USD","1.00","USD","-"
"OSPN","ONESPAN INC","Information Technology","Equity","183,653.39","0.00","183,653.39","11,017.00","16.67","United States","NASDAQ","USD","1.00","USD","-"
"OPEN","OPENDOOR TECHNOLOGIES INC CLASS A","Real Estate","Equity","181,209.75","0.00","181,209.75","147,325.00","1.23","United States","NASDAQ","USD","1.00","USD","-"
"AMSC","AMERICAN SUPERCONDUCTOR CORP","Industrials","Equity","181,349.28","0.00","181,349.28","9,072.00","19.99","United States","NASDAQ","USD","1.00","USD","-"
"ODC","OIL DRI CORPORATION OF AMERICA","Consumer Staples","Equity","179,232.64","0.00","179,232.64","3,904.00","45.91","United States","New York Stock Exchange Inc.","USD","1.00","USD","-"
"PLAY","DAVE AND BUSTERS ENTERTAINMENT INC","Consumer Discretionary","Equity","179,638.20","0.00","179,638.20","9,540.00","18.83","United States","NASDAQ","USD","1.00","USD","-"
"HROW","HARROW INC","Health Care","Equity","180,022.50","0.00","180,022.50","6,858.00","26.25","United States","NASDAQ","USD","1.00","USD","-"
"GRC","GORMAN-RUPP","Industrials","Equity","180,280.62","0.00","180,280.62","4,758.00","37.89","United States","New York Stock Exchange Inc.","USD","1.00","USD","-"
"CMRE","COSTAMARE INC","Industrials","Equity","180,349.47","0.00","180,349.47","18,053.00","9.99","Monaco","New York Stock Exchange Inc.","USD","1.00","USD","Jan 01, 1970"
"OLO","OLO INC CLASS A","Information Technology","Equity","180,397.65","0.00","180,397.65","26,805.00","6.73","United States","New York Stock Exchange Inc.","USD","1.00","USD","-"
"SLQT","SELECTQUOTE INC","Financials","Equity","178,343.80","0.00","178,343.80","44,810.00","3.98","United States","New York Stock Exchange Inc.","USD","1.00","USD","-"
"MOFG","MIDWESTONE FINANCIAL GROUP INC","Financials","Equity","178,836.06","0.00","178,836.06","6,087.00","29.38","United States","NASDAQ","USD","1.00","USD","-"
"SYRE","SPYRE THERAPEUTICS INC","Health Care","Equity","179,162.94","0.00","179,162.94","9,202.00","19.47","United States","NASDAQ","USD","1.00","USD","-"
"MEG","MONTROSE ENVIRONMENTAL GRP INC","Industrials","Equity","179,179.60","0.00","179,179.60","9,004.00","19.90","United States","New York Stock Exchange Inc.","USD","1.00","USD","-"
"SPTN","SPARTANNASH","Consumer Staples","Equity","176,453.55","0.00","176,453.55","9,035.00","19.53","United States","NASDAQ","USD","1.00","USD","-"
"DAWN","DAY ONE BIOPHARMACEUTICALS INC","Health Care","Equity","177,219.00","0.00","177,219.00","18,270.00","9.70","United States","NASDAQ","USD","1.00","USD","-"
"CDXC","CHROMADEX CORP","Health Care","Equity","177,592.05","0.00","177,592.05","20,771.00","8.55","United States","NASDAQ","USD","1.00","USD","-"
"BV","BRIGHTVIEW HOLDINGS INC","Industrials","Equity","174,714.66","0.00","174,714.66","13,966.00","12.51","United States","New York Stock Exchange Inc.","USD","1.00","USD","-"
"ECVT","ECOVYST INC","Materials","Equity","174,855.20","0.00","174,855.20","25,714.00","6.80","United States","New York Stock Exchange Inc.","USD","1.00","USD","-"
"EGBN","EAGLE BANCORP INC","Financials","Equity","174,933.66","0.00","174,933.66","7,887.00","22.18","United States","NASDAQ","USD","1.00","USD","-"
"GCMG","GCM GROSVENOR INC CLASS A","Financials","Equity","175,094.37","0.00","175,094.37","13,057.00","13.41","United States","NASDAQ","USD","1.00","USD","-"
"BBW","BUILD A BEAR WORKSHOP INC","Consumer Discretionary","Equity","175,442.54","0.00","175,442.54","4,277.00","41.02","United States","New York Stock Exchange Inc.","USD","1.00","USD","-"
"INVX","INNOVEX INTERNATIONAL INC","Energy","Equity","175,448.40","0.00","175,448.40","9,980.00","17.58","United States","New York Stock Exchange Inc.","USD","1.00","USD","-"
"BXC","BLUELINX HOLDINGS INC","Industrials","Equity","175,888.08","0.00","175,888.08","2,292.00","76.74","United States","New York Stock Exchange Inc.","USD","1.00","USD","-"
"AOSL","ALPHA AND OMEGA SEMICONDUCTOR LTD","Information Technology","Equity","176,017.92","0.00","176,017.92","6,396.00","27.52","United States","NASDAQ","USD","1.00","USD","-"
"CAL","CALERES INC","Consumer Discretionary","Equity","176,031.02","0.00","176,031.02","10,714.00","16.43","United States","New York Stock Exchange Inc.","USD","1.00","USD","-"
"PRAX","PRAXIS PRECISION MEDICINES INC","Health Care","Equity","173,466.55","0.00","173,466.55","4,583.00","37.85","United States","NASDAQ","USD","1.00","USD","-"
"RDFN","REDFIN CORP","Real Estate","Equity","173,574.40","0.00","173,574.40","27,121.00","6.40","United States","NASDAQ","USD","1.00","USD","-"
"FCBC","FIRST COMMUNITY BANKSHARES INC","Financials","Equity","174,506.31","0.00","174,506.31","4,419.00","39.49","United States","NASDAQ","USD","1.00","USD","-"
"RCKT","ROCKET PHARMACEUTICALS INC","Health Care","Equity","172,401.99","0.00","172,401.99","18,719.00","9.21","United States","NASDAQ","USD","1.00","USD","-"
"HBNC","HORIZON BANCORP INC","Financials","Equity","172,592.42","0.00","172,592.42","10,582.00","16.31","United States","NASDAQ","USD","1.00","USD","-"
"KREF","KKR REAL ESTATE FINANCE INC TRUST","Financials","Equity","172,908.00","0.00","172,908.00","16,010.00","10.80","United States","New York Stock Exchange Inc.","USD","1.00","USD","-"
"DLX","DELUXE CORP","Industrials","Equity","170,164.76","0.00","170,164.76","10,922.00","15.58","United States","New York Stock Exchange Inc.","USD","1.00","USD","-"
"AMTB","AMERANT BANCORP INC CLASS A","Financials","Equity","170,228.70","0.00","170,228.70","7,773.00","21.90","United States","New York Stock Exchange Inc.","USD","1.00","USD","-"
"SBGI","SINCLAIR INC CLASS A","Communication","Equity","170,956.90","0.00","170,956.90","11,930.00","14.33","United States","NASDAQ","USD","1.00","USD","-"
"UFCS","UNITED FIRE GROUP INC","Financials","Equity","171,297.08","0.00","171,297.08","6,002.00","28.54","United States","NASDAQ","USD","1.00","USD","-"
"AVXL","ANAVEX LIFE SCIENCES CORP","Health Care","Equity","168,698.52","0.00","168,698.52","19,324.00","8.73","United States","NASDAQ","USD","1.00","USD","-"
"NYMT","NEW YORK MORTGAGE TRUST REIT INC","Financials","Equity","168,853.23","0.00","168,853.23","24,507.00","6.89","United States","NASDAQ","USD","1.00","USD","-"
"AVBP","ARRIVENT BIOPHARMA INC","Health Care","Equity","168,996.87","0.00","168,996.87","7,521.00","22.47","United States","NASDAQ","USD","1.00","USD","-"
"REX","REX AMERICAN RESOURCES CORP","Energy","Equity","169,058.12","0.00","169,058.12","4,609.00","36.68","United States","New York Stock Exchange Inc.","USD","1.00","USD","-"
"CLB","CORE LABORATORIES INC","Energy","Equity","169,427.90","0.00","169,427.90","12,367.00","13.70","United States","New York Stock Exchange Inc.","USD","1.00","USD","-"
"IBCP","INDEPENDENT BANK CORP","Financials","Equity","167,105.48","0.00","167,105.48","5,188.00","32.21","United States","NASDAQ","USD","1.00","USD","-"
"ETD","ETHAN ALLEN INTERIORS INC","Consumer Discretionary","Equity","167,111.44","0.00","167,111.44","6,046.00","27.64","United States","New York Stock Exchange Inc.","USD","1.00","USD","-"
"DAKT","DAKTRONICS INC","Information Technology","Equity","167,388.57","0.00","167,388.57","13,726.00","12.20","United States","NASDAQ","USD","1.00","USD","-"
"WOLF","WOLFSPEED INC","Information Technology","Equity","167,464.96","0.00","167,464.96","32,708.00","5.12","United States","New York Stock Exchange Inc.","USD","1.00","USD","-"
"MLR","MILLER INDUSTRIES INC","Industrials","Equity","167,572.98","0.00","167,572.98","3,054.00","54.87","United States","New York Stock Exchange Inc.","USD","1.00","USD","-"
"NWPX","NORTHWEST PIPE","Industrials","Equity","167,621.36","0.00","167,621.36","4,012.00","41.78","United States","NASDAQ","USD","1.00","USD","-"
"ESQ","ESQUIRE FINANCIAL HOLDINGS INC","Financials","Equity","167,758.77","0.00","167,758.77","2,271.00","73.87","United States","NASDAQ","USD","1.00","USD","-"
"YEXT","YEXT INC","Information Technology","Equity","167,870.40","0.00","167,870.40","25,590.00","6.56","United States","New York Stock Exchange Inc.","USD","1.00","USD","-"
"ABUS","ARBUTUS BIOPHARMA CORP","Health Care","Equity","168,031.44","0.00","168,031.44","48,564.00","3.46","United States","NASDAQ","USD","1.00","USD","-"
"PDFS","PDF SOLUTIONS INC","Information Technology","Equity","168,040.86","0.00","168,040.86","7,566.00","22.21","United States","NASDAQ","USD","1.00","USD","-"
"VIR","VIR BIOTECHNOLOGY INC","Health Care","Equity","165,649.44","0.00","165,649.44","20,152.00","8.22","United States","NASDAQ","USD","1.00","USD","-"
"KLC","KINDERCARE LEARNING COMPANIES INC","Consumer Discretionary","Equity","165,667.27","0.00","165,667.27","8,633.00","19.19","United States","New York Stock Exchange Inc.","USD","1.00","USD","-"
"BFST","BUSINESS FIRST BANCSHARES INC","Financials","Equity","165,801.24","0.00","165,801.24","6,556.00","25.29","United States","NASDAQ","USD","1.00","USD","-"
"WEAV","WEAVE COMMUNICATIONS INC","Information Technology","Equity","166,424.34","0.00","166,424.34","13,443.00","12.38","United States","New York Stock Exchange Inc.","USD","1.00","USD","-"
"TRST","TRUSTCO BANK CORP","Financials","Equity","166,519.12","0.00","166,519.12","5,288.00","31.49","United States","NASDAQ","USD","1.00","USD","-"
"HTBK","HERITAGE COMMERCE CORP","Financials","Equity","167,005.44","0.00","167,005.44","16,568.00","10.08","United States","NASDAQ","USD","1.00","USD","-"
"FIP","FTAI INFRASTRUCTURE INC","Industrials","Equity","167,019.52","0.00","167,019.52","32,621.00","5.12","United States","NASDAQ","USD","1.00","USD","-"
"EOLS","EVOLUS INC","Health Care","Equity","164,301.15","0.00","164,301.15","11,595.00","14.17","United States","NASDAQ","USD","1.00","USD","-"
"EBTC","ENTERPRISE BANCORP INC","Financials","Equity","164,910.96","0.00","164,910.96","4,086.00","40.36","United States","NASDAQ","USD","1.00","USD","-"
"PLSE","PULSE BIOSCIENCES INC","Health Care","Equity","164,997.38","0.00","164,997.38","9,343.00","17.66","United States","NASDAQ","USD","1.00","USD","-"
"FBIZ","FIRST BUSINESS FINANCIAL SERVICES","Financials","Equity","165,302.80","0.00","165,302.80","3,320.00","49.79","United States","NASDAQ","USD","1.00","USD","-"
"CCBG","CAPITAL CITY BANK INC","Financials","Equity","165,340.50","0.00","165,340.50","4,575.00","36.14","United States","NASDAQ","USD","1.00","USD","-"
"BASE","COUCHBASE INC","Information Technology","Equity","165,381.95","0.00","165,381.95","9,445.00","17.51","United States","NASDAQ","USD","1.00","USD","-"
"UUUU","ENERGY FUELS INC","Energy","Equity","165,518.08","0.00","165,518.08","39,788.00","4.16","Canada","Nyse Mkt Llc","USD","1.00","USD","-"
"SWBI","SMITH WESSON BRANDS INC","Consumer Discretionary","Equity","162,669.60","0.00","162,669.60","15,062.00","10.80","United States","NASDAQ","USD","1.00","USD","-"
"BCML","BAYCOM CORP","Financials","Equity","162,681.30","0.00","162,681.30","6,233.00","26.10","United States","NASDAQ","USD","1.00","USD","-"
"OMER","OMEROS CORP","Health Care","Equity","162,735.76","0.00","162,735.76","19,466.00","8.36","United States","NASDAQ","USD","1.00","USD","-"
"LMNR","LIMONEIRA","Consumer Staples","Equity","162,984.12","0.00","162,984.12","7,449.00","21.88","United States","NASDAQ","USD","1.00","USD","-"
"EXPI","EXP WORLD HOLDINGS INC","Real Estate","Equity","163,380.92","0.00","163,380.92","16,273.00","10.04","United States","NASDAQ","USD","1.00","USD","-"
"RGR","STURM RUGER INC","Consumer Discretionary","Equity","163,802.52","0.00","163,802.52","4,149.00","39.48","United States","New York Stock Exchange Inc.","USD","1.00","USD","-"
"IE","IVANHOE ELECTRIC INC","Materials","Equity","163,935.76","0.00","163,935.76","27,506.00","5.96","United States","Nyse Mkt Llc","USD","1.00","USD","-"
"PRTA","PROTHENA PLC","Health Care","Equity","161,280.60","0.00","161,280.60","10,788.00","14.95","United States","NASDAQ","USD","1.00","USD","-"
"MCW","MISTER CAR WASH INC","Consumer Discretionary","Equity","161,341.24","0.00","161,341.24","20,269.00","7.96","United States","NASDAQ","USD","1.00","USD","-"
"UHAL","U HAUL HOLDING","Industrials","Equity","161,588.00","0.00","161,588.00","2,320.00","69.65","United States","New York Stock Exchange Inc.","USD","1.00","USD","-"
"EQBK","EQUITY BANCSHARES INC CLASS A","Financials","Equity","161,665.92","0.00","161,665.92","3,978.00","40.64","United States","New York Stock Exchange Inc.","USD","1.00","USD","-"
"NECB","NORTHEAST COMMUNITY BANCORP INC","Financials","Equity","159,552.15","0.00","159,552.15","7,107.00","22.45","United States","NASDAQ","USD","1.00","USD","-"
"VTLE","VITAL ENERGY INC","Energy","Equity","159,599.13","0.00","159,599.13","7,311.00","21.83","United States","New York Stock Exchange Inc.","USD","1.00","USD","-"
"PAX","PATRIA INVESTMENTS LTD CLASS A","Financials","Equity","160,166.63","0.00","160,166.63","14,339.00","11.17","Brazil","NASDAQ","USD","1.00","USD","-"
"SITC","SITE CENTERS CORP","Real Estate","Equity","160,400.16","0.00","160,400.16","12,024.00","13.34","United States","New York Stock Exchange Inc.","USD","1.00","USD","-"
"HOV","HOVNANIAN ENTERPRISES INC CLASS A","Consumer Discretionary","Equity","158,991.36","0.00","158,991.36","1,536.00","103.51","United States","New York Stock Exchange Inc.","USD","1.00","USD","-"
"STKL","SUNOPTA INC","Consumer Staples","Equity","159,494.40","0.00","159,494.40","28,080.00","5.68","Canada","NASDAQ","USD","1.00","USD","-"
"FRPH","FRP HOLDINGS INC","Real Estate","Equity","156,674.00","0.00","156,674.00","5,054.00","31.00","United States","NASDAQ","USD","1.00","USD","-"
"CAC","CAMDEN NATIONAL CORP","Financials","Equity","157,182.20","0.00","157,182.20","3,730.00","42.14","United States","NASDAQ","USD","1.00","USD","-"
"GDEN","GOLDEN ENTERTAINMENT INC","Consumer Discretionary","Equity","157,552.15","0.00","157,552.15","5,243.00","30.05","United States","NASDAQ","USD","1.00","USD","-"
"OFIX","ORTHOFIX MEDICAL INC","Health Care","Equity","157,637.60","0.00","157,637.60","9,112.00","17.30","United States","NASDAQ","USD","1.00","USD","-"
"LUNR","INTUITIVE MACHINES INC CLASS A","Industrials","Equity","157,693.36","0.00","157,693.36","11,176.00","14.11","United States","NASDAQ","USD","1.00","USD","-"
"MBUU","MALIBU BOATS CLASS A INC","Consumer Discretionary","Equity","157,715.76","0.00","157,715.76","5,114.00","30.84","United States","NASDAQ","USD","1.00","USD","-"
"TIPT","TIPTREE INC","Financials","Equity","157,796.10","0.00","157,796.10","6,831.00","23.10","United States","NASDAQ","USD","1.00","USD","-"
"VVX","V2X INC","Industrials","Equity","157,804.88","0.00","157,804.88","3,349.00","47.12","United States","New York Stock Exchange Inc.","USD","1.00","USD","-"
"GOOD","GLADSTONE COMMERCIAL REIT CORP","Real Estate","Equity","155,371.45","0.00","155,371.45","9,815.00","15.83","United States","NASDAQ","USD","1.00","USD","-"
"FWRD","FORWARD AIR CORP","Industrials","Equity","155,798.80","0.00","155,798.80","7,349.00","21.20","United States","NASDAQ","USD","1.00","USD","-"
"FLNG","FLEX LNG LTD","Energy","Equity","155,992.74","0.00","155,992.74","7,269.00","21.46","Norway","New York Stock Exchange Inc.","USD","1.00","USD","-"
"NCMI","NATIONAL CINEMEDIA INC","Communication","Equity","156,184.38","0.00","156,184.38","24,442.00","6.39","United States","NASDAQ","USD","1.00","USD","-"
"TREE","LENDINGTREE INC","Financials","Equity","156,247.60","0.00","156,247.60","3,880.00","40.27","United States","NASDAQ","USD","1.00","USD","-"
"LYTS","LSI INDUSTRIES INC","Industrials","Equity","156,281.94","0.00","156,281.94","9,018.00","17.33","United States","NASDAQ","USD","1.00","USD","-"
"IIIV","I3 VERTICALS INC CLASS A","Financials","Equity","156,311.60","0.00","156,311.60","6,154.00","25.40","United States","NASDAQ","USD","1.00","USD","-"
"PPTA","PERPETUA RESOURCES CORP","Materials","Equity","156,372.40","0.00","156,372.40","16,997.00","9.20","United States","NASDAQ","USD","1.00","USD","-"
"SEZL","SEZZLE INC","Financials","Equity","153,503.28","0.00","153,503.28","588.00","261.06","United States","NASDAQ","USD","1.00","USD","-"
"IBTA","IBOTTA INC CLASS A","Communication","Equity","153,510.00","0.00","153,510.00","4,386.00","35.00","United States","New York Stock Exchange Inc.","USD","1.00","USD","-"
"MPB","MID PENN BANCORP INC","Financials","Equity","153,682.55","0.00","153,682.55","5,615.00","27.37","United States","NASDAQ","USD","1.00","USD","-"
"AMAL","AMALGAMATED FINANCIAL","Financials","Equity","154,005.11","0.00","154,005.11","5,081.00","30.31","United States","NASDAQ","USD","1.00","USD","-"
"HTZ","HERTZ GLOBAL HLDGS INC","Industrials","Equity","154,060.95","0.00","154,060.95","35,745.00","4.31","United States","NASDAQ","USD","1.00","USD","-"
"MTAL","MAC COPPER LTD","Materials","Equity","152,004.06","0.00","152,004.06","14,313.00","10.62","Australia","New York Stock Exchange Inc.","USD","1.00","USD","-"
"BOW","BOWHEAD SPECIALTY HOLDINGS INC","Financials","Equity","152,200.26","0.00","152,200.26","4,427.00","34.38","United States","New York Stock Exchange Inc.","USD","1.00","USD","-"
"ACIC","AMERICAN COASTAL INSURANCE CORP","Financials","Equity","152,260.92","0.00","152,260.92","11,914.00","12.78","United States","NASDAQ","USD","1.00","USD","-"
"VTS","VITESSE ENERGY INC","Energy","Equity","152,497.68","0.00","152,497.68","6,386.00","23.88","United States","New York Stock Exchange Inc.","USD","1.00","USD","-"
"DJCO","DAILY JOURNAL CORP","Information Technology","Equity","152,606.52","0.00","152,606.52","396.00","385.37","United States","NASDAQ","USD","1.00","USD","-"
"GLRE","GREENLIGHT CAPITAL LTD CLASS A","Financials","Equity","152,801.35","0.00","152,801.35","10,985.00","13.91","United States","NASDAQ","USD","1.00","USD","-"
"PFIS","PEOPLES FINANCIAL SERVICES CORP","Financials","Equity","153,013.28","0.00","153,013.28","3,248.00","47.11","United States","NASDAQ","USD","1.00","USD","-"
"REAL","THE REALREAL INC","Consumer Discretionary","Equity","153,424.27","0.00","153,424.27","26,799.00","5.72","United States","NASDAQ","USD","1.00","USD","-"
"CSV","CARRIAGE SERVICES INC","Consumer Discretionary","Equity","150,764.64","0.00","150,764.64","3,918.00","38.48","United States","New York Stock Exchange Inc.","USD","1.00","USD","-"
"DCO","DUCOMMUN INC","Industrials","Equity","150,927.70","0.00","150,927.70","2,618.00","57.65","United States","New York Stock Exchange Inc.","USD","1.00","USD","-"
"SHEN","SHENANDOAH TELECOMMUNICATIONS","Communication","Equity","151,766.76","0.00","151,766.76","13,348.00","11.37","United States","NASDAQ","USD","1.00","USD","-"
"BBUC","BROOKFIELD BUSINESS CORP CLASS A","Industrials","Equity","151,923.97","0.00","151,923.97","5,459.00","27.83","Canada","New York Stock Exchange Inc.","USD","1.00","USD","-"
"KOP","KOPPERS HOLDINGS INC","Materials","Equity","149,197.44","0.00","149,197.44","5,224.00","28.56","United States","New York Stock Exchange Inc.","USD","1.00","USD","-"
"DEC","DIVERSIFIED ENERGY COMPANY PLC","Energy","Equity","149,344.52","0.00","149,344.52","12,487.00","11.96","United Kingdom","New York Stock Exchange Inc.","USD","1.00","USD","-"
"ITIC","INVESTORS TITLE","Financials","Equity","149,349.42","0.00","149,349.42","638.00","234.09","United States","NASDAQ","USD","1.00","USD","-"
"PGC","PEAPACK GLADSTONE FINANCIAL CORP","Financials","Equity","149,439.99","0.00","149,439.99","4,863.00","30.73","United States","NASDAQ","USD","1.00","USD","-"
"BVS","BIOVENTUS CLASS A INC","Health Care","Equity","149,568.82","0.00","149,568.82","14,678.00","10.19","United States","NASDAQ","USD","1.00","USD","-"
"UNTY","UNITY BANCORP INC","Financials","Equity","149,702.04","0.00","149,702.04","3,492.00","42.87","United States","NASDAQ","USD","1.00","USD","-"
"TBPH","THERAVANCE BIOPHARMA INC","Health Care","Equity","150,086.52","0.00","150,086.52","15,441.00","9.72","United States","NASDAQ","USD","1.00","USD","-"
"QBTS","D WAVE QUANTUM INC","Information Technology","Equity","147,616.00","0.00","147,616.00","26,360.00","5.60","United States","New York Stock Exchange Inc.","USD","1.00","USD","-"
"GSBC","GREAT SOUTHERN BANCORP INC","Financials","Equity","147,723.04","0.00","147,723.04","2,588.00","57.08","United States","NASDAQ","USD","1.00","USD","-"
"FMNB","FARMERS NATIONAL BANC CORP","Financials","Equity","148,264.82","0.00","148,264.82","10,846.00","13.67","United States","NASDAQ","USD","1.00","USD","-"
"BHB","BAR HARBOR BANKSHARES","Financials","Equity","148,631.43","0.00","148,631.43","4,821.00","30.83","United States","Nyse Mkt Llc","USD","1.00","USD","-"
"PUMP","PROPETRO HOLDING CORP","Energy","Equity","148,844.67","0.00","148,844.67","20,087.00","7.41","United States","New York Stock Exchange Inc.","USD","1.00","USD","-"
"NPKI","NPK INTERNATIONAL INC","Energy","Equity","145,958.82","0.00","145,958.82","26,394.00","5.53","United States","New York Stock Exchange Inc.","USD","1.00","USD","-"
"BORR","BORR DRILLING LTD","Energy","Equity","146,218.00","0.00","146,218.00","63,025.00","2.32","Norway","New York Stock Exchange Inc.","USD","1.00","USD","-"
"CASS","CASS INFORMATION SYSTEMS INC","Financials","Equity","146,298.60","0.00","146,298.60","3,415.00","42.84","United States","NASDAQ","USD","1.00","USD","-"
"IBRX","IMMUNITYBIO INC","Health Care","Equity","146,430.18","0.00","146,430.18","47,853.00","3.06","United States","NASDAQ","USD","1.00","USD","-"
"VEL","VELOCITY FINANCIAL INC","Financials","Equity","146,502.72","0.00","146,502.72","7,826.00","18.72","United States","New York Stock Exchange Inc.","USD","1.00","USD","-"
"IRMD","IRADIMED CORP","Health Care","Equity","146,715.30","0.00","146,715.30","2,763.00","53.10","United States","NASDAQ","USD","1.00","USD","-"
"TALK","TALKSPACE INC","Health Care","Equity","146,859.60","0.00","146,859.60","53,210.00","2.76","United States","NASDAQ","USD","1.00","USD","-"
"INGM","INGRAM MICRO HOLDING CORP","Information Technology","Equity","147,104.04","0.00","147,104.04","7,422.00","19.82","United States","New York Stock Exchange Inc.","USD","1.00","USD","-"
"TTI","TETRA TECHNOLOGIES INC","Energy","Equity","144,437.73","0.00","144,437.73","42,607.00","3.39","United States","New York Stock Exchange Inc.","USD","1.00","USD","-"
"DNTH","DIANTHUS THERAPEUTICS INC","Health Care","Equity","144,571.52","0.00","144,571.52","6,352.00","22.76","United States","NASDAQ","USD","1.00","USD","-"
"EE","EXCELERATE ENERGY INC CLASS A","Energy","Equity","145,250.16","0.00","145,250.16","4,884.00","29.74","United States","New York Stock Exchange Inc.","USD","1.00","USD","-"
"PTLO","PORTILLO S INC CLASS A","Consumer Discretionary","Equity","145,807.20","0.00","145,807.20","10,520.00","13.86","United States","NASDAQ","USD","1.00","USD","-"
"ZVRA","ZEVRA THERAPEUTICS INC","Health Care","Equity","143,258.50","0.00","143,258.50","18,605.00","7.70","United States","NASDAQ","USD","1.00","USD","-"
"SMP","STANDARD MOTOR PRODUCTS INC","Consumer Discretionary","Equity","143,287.09","0.00","143,287.09","5,101.00","28.09","United States","New York Stock Exchange Inc.","USD","1.00","USD","-"
"GHM","GRAHAM CORP","Industrials","Equity","143,433.72","0.00","143,433.72","4,502.00","31.86","United States","New York Stock Exchange Inc.","USD","1.00","USD","-"
"SCHL","SCHOLASTIC CORP","Communication","Equity","143,522.91","0.00","143,522.91","6,957.00","20.63","United States","NASDAQ","USD","1.00","USD","-"
"FOR","FORESTAR GROUP INC","Real Estate","Equity","143,743.95","0.00","143,743.95","6,615.00","21.73","United States","New York Stock Exchange Inc.","USD","1.00","USD","-"
"PRTH","PRIORITY TECHNOLOGY HOLDINGS INC","Financials","Equity","143,872.60","0.00","143,872.60","15,845.00","9.08","United States","NASDAQ","USD","1.00","USD","-"
"MCB","METROPOLITAN BANK HOLDING CORP","Financials","Equity","144,313.05","0.00","144,313.05","2,469.00","58.45","United States","New York Stock Exchange Inc.","USD","1.00","USD","-"
"SMBC","SOUTHERN MISSOURI BANCORP INC","Financials","Equity","142,229.25","0.00","142,229.25","2,565.00","55.45","United States","NASDAQ","USD","1.00","USD","-"
"TK","TEEKAY CORPORATION CORP LTD","Energy","Equity","142,417.16","0.00","142,417.16","22,046.00","6.46","Bermuda","New York Stock Exchange Inc.","USD","1.00","USD","-"
"CGEM","CULLINAN THERAPEUTICS INC","Health Care","Equity","139,997.01","0.00","139,997.01","16,607.00","8.43","United States","NASDAQ","USD","1.00","USD","-"
"FRBA","FIRST BANK","Financials","Equity","140,020.80","0.00","140,020.80","9,410.00","14.88","United States","NASDAQ","USD","1.00","USD","-"
"RICK","RCI HOSPITALITY HOLDINGS INC","Consumer Discretionary","Equity","140,696.79","0.00","140,696.79","2,949.00","47.71","United States","NASDAQ","USD","1.00","USD","-"
"ETNB","89BIO INC","Health Care","Equity","140,754.24","0.00","140,754.24","16,291.00","8.64","United States","NASDAQ","USD","1.00","USD","-"
"AXL","AMERICAN AXLE AND MANUFACTURING HO","Consumer Discretionary","Equity","141,108.72","0.00","141,108.72","30,216.00","4.67","United States","New York Stock Exchange Inc.","USD","1.00","USD","-"
"LIF","LIFE360 INC","Information Technology","Equity","141,119.75","0.00","141,119.75","3,275.00","43.09","United States","NASDAQ","USD","1.00","USD","-"
"ARCT","ARCTURUS THERAPEUTICS HOLDINGS INC","Health Care","Equity","141,207.90","0.00","141,207.90","8,798.00","16.05","United States","NASDAQ","USD","1.00","USD","-"
"JBSS","JOHN B SANFILIPPO AND SON INC","Consumer Staples","Equity","141,288.54","0.00","141,288.54","1,978.00","71.43","United States","NASDAQ","USD","1.00","USD","-"
"LGFA","LIONS GATE ENTERTAINMENT VOTING CO","Communication","Equity","141,337.99","0.00","141,337.99","14,291.00","9.89","United States","New York Stock Exchange Inc.","USD","1.00","USD","-"
"MTUS","METALLUS INC","Materials","Equity","141,338.22","0.00","141,338.22","10,074.00","14.03","United States","New York Stock Exchange Inc.","USD","1.00","USD","-"
"BCAX","BICARA THERAPEUTICS INC","Health Care","Equity","138,443.52","0.00","138,443.52","9,304.00","14.88","United States","NASDAQ","USD","1.00","USD","-"
"WNC","WABASH NATIONAL CORP","Industrials","Equity","138,468.00","0.00","138,468.00","12,588.00","11.00","United States","New York Stock Exchange Inc.","USD","1.00","USD","-"
"BCAL","CALIFORNIA BANCORP","Financials","Equity","138,963.96","0.00","138,963.96","8,977.00","15.48","United States","NASDAQ","USD","1.00","USD","-"
"NGVC","NATURAL GROCERS BY VITAMIN COTTAGE","Consumer Staples","Equity","139,025.28","0.00","139,025.28","3,552.00","39.14","United States","New York Stock Exchange Inc.","USD","1.00","USD","-"
"THFF","FIRST FINANCIAL CORPORATION INDIAN","Financials","Equity","139,330.76","0.00","139,330.76","2,804.00","49.69","United States","NASDAQ","USD","1.00","USD","-"
"NVRI","ENVIRI CORP","Industrials","Equity","139,371.84","0.00","139,371.84","22,923.00","6.08","United States","New York Stock Exchange Inc.","USD","1.00","USD","-"
"PACS","PACS GROUP INC","Health Care","Equity","139,442.16","0.00","139,442.16","10,516.00","13.26","United States","New York Stock Exchange Inc.","USD","1.00","USD","-"
"NFBK","NORTHFIELD BANCORP INC","Financials","Equity","139,637.12","0.00","139,637.12","12,292.00","11.36","United States","NASDAQ","USD","1.00","USD","-"
"PLOW","DOUGLAS DYNAMICS INC","Industrials","Equity","139,732.32","0.00","139,732.32","5,484.00","25.48","United States","New York Stock Exchange Inc.","USD","1.00","USD","-"
"AMRK","A MARK PRECIOUS METALS INC","Consumer Discretionary","Equity","139,786.96","0.00","139,786.96","5,162.00","27.08","United States","NASDAQ","USD","1.00","USD","-"
"CVI","CVR ENERGY INC","Energy","Equity","137,041.56","0.00","137,041.56","7,563.00","18.12","United States","New York Stock Exchange Inc.","USD","1.00","USD","-"
"ORIC","ORIC PHARMACEUTICALS INC","Health Care","Equity","137,153.40","0.00","137,153.40","17,252.00","7.95","United States","NASDAQ","USD","1.00","USD","-"
"EBF","ENNIS INC","Industrials","Equity","137,521.80","0.00","137,521.80","6,530.00","21.06","United States","New York Stock Exchange Inc.","USD","1.00","USD","-"
"CCSI","CONSENSUS CLOUD SOLUTIONS INC","Information Technology","Equity","137,527.30","0.00","137,527.30","5,690.00","24.17","United States","NASDAQ","USD","1.00","USD","-"
"CNDT","CONDUENT INC","Industrials","Equity","137,838.46","0.00","137,838.46","41,269.00","3.34","United States","NASDAQ","USD","1.00","USD","-"
"BATRA","ATLANTA BRAVES HOLDINGS INC SERIES","Communication","Equity","138,090.36","0.00","138,090.36","3,147.00","43.88","United States","NASDAQ","USD","1.00","USD","-"
"MNRO","MONRO INC","Consumer Discretionary","Equity","138,162.80","0.00","138,162.80","8,440.00","16.37","United States","NASDAQ","USD","1.00","USD","-"
"CARE","CARTER BANKSHARES INC","Financials","Equity","138,261.40","0.00","138,261.40","8,329.00","16.60","United States","NASDAQ","USD","1.00","USD","-"
"ACEL","ACCEL ENTERTAINMENT INC CLASS A","Consumer Discretionary","Equity","136,017.63","0.00","136,017.63","13,041.00","10.43","United States","New York Stock Exchange Inc.","USD","1.00","USD","-"
"IMXI","INTERNATIONAL MONEY EXPRESS INC","Financials","Equity","136,437.24","0.00","136,437.24","9,588.00","14.23","United States","NASDAQ","USD","1.00","USD","-"
"FC","FRANKLIN COVEY","Industrials","Equity","136,817.84","0.00","136,817.84","4,388.00","31.18","United States","New York Stock Exchange Inc.","USD","1.00","USD","-"
"UHT","UNIVERSAL HEALTH REALTY INCOME TRU","Real Estate","Equity","133,926.01","0.00","133,926.01","3,253.00","41.17","United States","New York Stock Exchange Inc.","USD","1.00","USD","-"
"SHLS","SHOALS TECHNOLOGIES GROUP INC CLAS","Industrials","Equity","134,556.24","0.00","134,556.24","43,127.00","3.12","United States","NASDAQ","USD","1.00","USD","-"
"LXU","LSB INDUSTRIES INC","Materials","Equity","134,582.37","0.00","134,582.37","19,533.00","6.89","United States","New York Stock Exchange Inc.","USD","1.00","USD","-"
"CLBK","COLUMBIA FINANCIAL INC","Financials","Equity","135,075.15","0.00","135,075.15","8,631.00","15.65","United States","NASDAQ","USD","1.00","USD","-"
"BYRN","BYRNA TECHNOLOGIES INC","Industrials","Equity","135,088.20","0.00","135,088.20","5,773.00","23.40","United States","NASDAQ","USD","1.00","USD","-"
"BIGC","BIGCOMMERCE HOLDINGS INC SERIES","Information Technology","Equity","135,308.46","0.00","135,308.46","19,957.00","6.78","United States","NASDAQ","USD","1.00","USD","-"
"PGY","PAGAYA TECHNOLOGIES LTD CLASS A","Information Technology","Equity","132,341.76","0.00","132,341.76","11,488.00","11.52","United States","NASDAQ","USD","1.00","USD","-"
"LIND","LINDBLAD EXPEDITIONS HOLDINGS INC","Consumer Discretionary","Equity","132,733.20","0.00","132,733.20","12,522.00","10.60","United States","NASDAQ","USD","1.00","USD","-"
"ODP","ODP CORP","Consumer Discretionary","Equity","133,024.64","0.00","133,024.64","9,037.00","14.72","United States","NASDAQ","USD","1.00","USD","-"
"CWBC","COMMUNITY WEST BANCSHARES","Financials","Equity","133,141.58","0.00","133,141.58","7,162.00","18.59","United States","NASDAQ","USD","1.00","USD","-"
"NABL","N ABLE INC","Information Technology","Equity","133,237.00","0.00","133,237.00","18,005.00","7.40","United States","New York Stock Exchange Inc.","USD","1.00","USD","-"
"DNUT","KRISPY KREME INC","Consumer Discretionary","Equity","133,277.52","0.00","133,277.52","22,362.00","5.96","United States","NASDAQ","USD","1.00","USD","-"
"KODK","EASTMAN KODAK","Information Technology","Equity","133,444.08","0.00","133,444.08","20,097.00","6.64","United States","New York Stock Exchange Inc.","USD","1.00","USD","-"
"RPAY","REPAY HOLDINGS CORP CLASS A","Financials","Equity","130,831.25","0.00","130,831.25","20,933.00","6.25","United States","NASDAQ","USD","1.00","USD","-"
"FARO","FARO TECHNOLOGIES INC","Information Technology","Equity","130,977.63","0.00","130,977.63","4,221.00","31.03","United States","NASDAQ","USD","1.00","USD","-"
"ACNB","ACNB CORP","Financials","Equity","131,012.28","0.00","131,012.28","3,183.00","41.16","United States","NASDAQ","USD","1.00","USD","-"
"LENZ","LENZ THERAPEUTICS INC","Health Care","Equity","131,136.58","0.00","131,136.58","5,734.00","22.87","United States","NASDAQ","USD","1.00","USD","-"
"SEMR","SEMRUSH HOLDINGS INC CLASS A","Information Technology","Equity","131,317.98","0.00","131,317.98","12,227.00","10.74","United States","New York Stock Exchange Inc.","USD","1.00","USD","-"
"ALT","ALTIMMUNE INC","Health Care","Equity","131,342.64","0.00","131,342.64","22,962.00","5.72","United States","NASDAQ","USD","1.00","USD","-"
"KELYA","KELLY SERVICES INC CLASS A","Industrials","Equity","131,406.84","0.00","131,406.84","10,116.00","12.99","United States","NASDAQ","USD","1.00","USD","-"
"AHH","ARMADA HOFFLER PROPERTIES REIT INC","Real Estate","Equity","132,236.20","0.00","132,236.20","14,858.00","8.90","United States","New York Stock Exchange Inc.","USD","1.00","USD","-"
"HBCP","HOME BANCORP INC","Financials","Equity","132,268.50","0.00","132,268.50","2,907.00","45.50","United States","NASDAQ","USD","1.00","USD","-"
"PLTK","PLAYTIKA HOLDING CORP","Communication","Equity","129,348.78","0.00","129,348.78","25,563.00","5.06","United States","NASDAQ","USD","1.00","USD","-"
"RIGL","RIGEL PHARMACEUTICALS INC","Health Care","Equity","129,693.68","0.00","129,693.68","6,392.00","20.29","United States","NASDAQ","USD","1.00","USD","-"
"TRC","TEJON RANCH","Real Estate","Equity","129,768.45","0.00","129,768.45","8,465.00","15.33","United States","New York Stock Exchange Inc.","USD","1.00","USD","-"
"MGPI","MGP INGREDIENTS INC","Consumer Staples","Equity","129,791.34","0.00","129,791.34","3,879.00","33.46","United States","NASDAQ","USD","1.00","USD","-"
"CMPO","COMPOSECURE INC CLASS A","Information Technology","Equity","129,791.96","0.00","129,791.96","10,798.00","12.02","United States","NASDAQ","USD","1.00","USD","-"
"BAND","BANDWIDTH INC CLASS A","Communication","Equity","130,274.62","0.00","130,274.62","8,537.00","15.26","United States","NASDAQ","USD","1.00","USD","-"
"AROW","ARROW FINANCIAL CORP","Financials","Equity","130,497.78","0.00","130,497.78","4,998.00","26.11","United States","NASDAQ","USD","1.00","USD","-"
"TBCH","TURTLE BEACH CORP","Information Technology","Equity","130,738.44","0.00","130,738.44","8,484.00","15.41","United States","NASDAQ","USD","1.00","USD","-"
"HZO","MARINEMAX INC","Consumer Discretionary","Equity","128,180.88","0.00","128,180.88","5,436.00","23.58","United States","New York Stock Exchange Inc.","USD","1.00","USD","-"
"CWCO","CONSOLIDATED WATER LTD","Utilities","Equity","128,885.28","0.00","128,885.28","4,728.00","27.26","United States","NASDAQ","USD","1.00","USD","-"
"ASC","ARDMORE SHIPPING CORP","Energy","Equity","129,123.51","0.00","129,123.51","13,353.00","9.67","Bermuda","New York Stock Exchange Inc.","USD","1.00","USD","-"
"TRML","TOURMALINE BIO INC","Health Care","Equity","129,258.00","0.00","129,258.00","10,020.00","12.90","United States","NASDAQ","USD","1.00","USD","-"
"PSFE","PAYSAFE LTD","Financials","Equity","126,321.36","0.00","126,321.36","7,788.00","16.22","United States","New York Stock Exchange Inc.","USD","1.00","USD","-"
"TRTX","TPG RE FINANCE TRUST INC","Financials","Equity","126,750.56","0.00","126,750.56","14,947.00","8.48","United States","New York Stock Exchange Inc.","USD","1.00","USD","-"
"REPL","REPLIMUNE GROUP INC","Health Care","Equity","126,881.96","0.00","126,881.96","10,324.00","12.29","United States","NASDAQ","USD","1.00","USD","-"
"GNK","GENCO SHIPPING AND TRADING LTD","Industrials","Equity","127,008.00","0.00","127,008.00","9,072.00","14.00","United States","New York Stock Exchange Inc.","USD","1.00","USD","-"
"HPP","HUDSON PACIFIC PROPERTIES REIT INC","Real Estate","Equity","127,123.20","0.00","127,123.20","39,726.00","3.20","United States","New York Stock Exchange Inc.","USD","1.00","USD","Jan 01, 1970"
"IMNM","IMMUNOME INC","Health Care","Equity","127,183.91","0.00","127,183.91","13,661.00","9.31","United States","NASDAQ","USD","1.00","USD","-"
"LPRO","OPEN LENDING CORP","Financials","Equity","127,251.20","0.00","127,251.20","26,960.00","4.72","United States","NASDAQ","USD","1.00","USD","-"
"CCO","CLEAR CHANNEL OUTDOOR HOLDINGS INC","Communication","Equity","127,578.42","0.00","127,578.42","98,898.00","1.29","United States","New York Stock Exchange Inc.","USD","1.00","USD","-"
"NAT","NORDIC AMERICAN TANKERS LTD","Energy","Equity","127,676.77","0.00","127,676.77","51,691.00","2.47","United States","New York Stock Exchange Inc.","USD","1.00","USD","-"
"ATEX","ANTERIX INC","Communication","Equity","124,763.76","0.00","124,763.76","3,204.00","38.94","United States","NASDAQ","USD","1.00","USD","-"
"SANA","SANA BIOTECHNOLOGY INC","Health Care","Equity","124,830.15","0.00","124,830.15","48,953.00","2.55","United States","NASDAQ","USD","1.00","USD","-"
"CTKB","CYTEK BIOSCIENCES INC","Health Care","Equity","124,949.91","0.00","124,949.91","27,953.00","4.47","United States","NASDAQ","USD","1.00","USD","-"
"WRLD","WORLD ACCEPTANCE CORP","Financials","Equity","125,200.95","0.00","125,200.95","987.00","126.85","United States","NASDAQ","USD","1.00","USD","-"
"REAX","REAL BROKERAGE INC","Real Estate","Equity","125,284.50","0.00","125,284.50","25,310.00","4.95","Canada","NASDAQ","USD","1.00","USD","-"
"GNTY","GUARANTY BANCSHARES INC","Financials","Equity","125,382.66","0.00","125,382.66","3,133.00","40.02","United States","New York Stock Exchange Inc.","USD","1.00","USD","-"
"LGTY","LOGILITY SUPPLY CHAIN SOLUTIONS IN","Information Technology","Equity","125,428.60","0.00","125,428.60","8,833.00","14.20","United States","NASDAQ","USD","1.00","USD","-"
"DGICA","DONEGAL GROUP INC CLASS A","Financials","Equity","125,472.36","0.00","125,472.36","6,994.00","17.94","United States","NASDAQ","USD","1.00","USD","-"
"SSTK","SHUTTERSTOCK INC","Communication","Equity","125,477.00","0.00","125,477.00","6,050.00","20.74","United States","New York Stock Exchange Inc.","USD","1.00","USD","-"
"FISI","FINANCIAL INSTITUTIONS INC","Financials","Equity","125,542.88","0.00","125,542.88","4,636.00","27.08","United States","NASDAQ","USD","1.00","USD","-"
"CTO","CTO REALTY GROWTH INC","Real Estate","Equity","125,626.60","0.00","125,626.60","6,718.00","18.70","United States","New York Stock Exchange Inc.","USD","1.00","USD","-"
"SPOK","SPOK HOLDINGS INC","Communication","Equity","125,693.88","0.00","125,693.88","7,683.00","16.36","United States","NASDAQ","USD","1.00","USD","-"
"SVC","SERVICE PROPERTIES TRUST","Real Estate","Equity","125,894.80","0.00","125,894.80","43,412.00","2.90","United States","NASDAQ","USD","1.00","USD","-"
"VREX","VAREX IMAGING CORP","Health Care","Equity","125,977.60","0.00","125,977.60","9,842.00","12.80","United States","NASDAQ","USD","1.00","USD","-"
"ACTG","ACACIA RESEARCH CORP","Financials","Equity","123,368.06","0.00","123,368.06","30,997.00","3.98","United States","NASDAQ","USD","1.00","USD","-"
"MNMD","MIND MEDICINE SUBORDINATE VOTING I","Health Care","Equity","123,567.84","0.00","123,567.84","19,368.00","6.38","United States","NASDAQ","USD","1.00","USD","-"
"MCS","THE MARCUS CORP","Communication","Equity","123,628.12","0.00","123,628.12","7,298.00","16.94","United States","New York Stock Exchange Inc.","USD","1.00","USD","-"
"ACCO","ACCO BRANDS CORP","Industrials","Equity","123,689.52","0.00","123,689.52","27,858.00","4.44","United States","New York Stock Exchange Inc.","USD","1.00","USD","-"
"ASPN","ASPEN AEROGELS INC","Materials","Equity","123,840.64","0.00","123,840.64","15,796.00","7.84","United States","New York Stock Exchange Inc.","USD","1.00","USD","-"
"OBT","ORANGE COUNTY BANCORP INC","Financials","Equity","124,026.60","0.00","124,026.60","5,052.00","24.55","United States","NASDAQ","USD","1.00","USD","-"
"ARHS","ARHAUS INC CLASS A","Consumer Discretionary","Equity","124,177.92","0.00","124,177.92","13,616.00","9.12","United States","NASDAQ","USD","1.00","USD","-"
"CYH","COMMUNITY HEALTH SYSTEMS INC","Health Care","Equity","124,248.84","0.00","124,248.84","41,142.00","3.02","United States","New York Stock Exchange Inc.","USD","1.00","USD","-"
"CTRI","CENTURI HOLDINGS INC","Industrials","Equity","124,250.88","0.00","124,250.88","7,467.00","16.64","United States","New York Stock Exchange Inc.","USD","1.00","USD","-"
"RYAM","RAYONIER ADVANCED MATERIALS INC","Materials","Equity","121,847.32","0.00","121,847.32","16,268.00","7.49","United States","New York Stock Exchange Inc.","USD","1.00","USD","-"
"PUBM","PUBMATIC INC CLASS A","Communication","Equity","121,922.64","0.00","121,922.64","11,384.00","10.71","United States","NASDAQ","USD","1.00","USD","-"
"ANAB","ANAPTYSBIO INC","Health Care","Equity","121,973.50","0.00","121,973.50","7,282.00","16.75","United States","NASDAQ","USD","1.00","USD","-"
"GRND","GRINDR INC","Communication","Equity","121,989.63","0.00","121,989.63","6,527.00","18.69","United States","New York Stock Exchange Inc.","USD","1.00","USD","-"
"AVO","MISSION PRODUCE INC","Consumer Staples","Equity","122,592.60","0.00","122,592.60","10,478.00","11.70","United States","NASDAQ","USD","1.00","USD","-"
"FWRG","FIRST WATCH RESTAURANT GROUP INC","Consumer Discretionary","Equity","122,886.37","0.00","122,886.37","6,397.00","19.21","United States","NASDAQ","USD","1.00","USD","-"
"JELD","JELD WEN HOLDING INC","Industrials","Equity","123,109.92","0.00","123,109.92","21,828.00","5.64","United States","New York Stock Exchange Inc.","USD","1.00","USD","-"
"KURA","KURA ONCOLOGY INC","Health Care","Equity","123,219.03","0.00","123,219.03","16,719.00","7.37","United States","NASDAQ","USD","1.00","USD","-"
"GOGO","GOGO INC","Communication","Equity","123,219.90","0.00","123,219.90","17,478.00","7.05","United States","NASDAQ","USD","1.00","USD","-"
"EHAB","ENHABIT INC","Health Care","Equity","123,223.66","0.00","123,223.66","14,429.00","8.54","United States","New York Stock Exchange Inc.","USD","1.00","USD","-"
"HBT","HBT FINANCIAL INC","Financials","Equity","120,276.00","0.00","120,276.00","5,140.00","23.40","United States","NASDAQ","USD","1.00","USD","-"
"NLOP","NET LEASE OFFICE PROPERTIES","Real Estate","Equity","120,390.78","0.00","120,390.78","3,754.00","32.07","United States","New York Stock Exchange Inc.","USD","1.00","USD","-"
"OLP","ONE LIBERTY PROPERTIES REIT INC","Real Estate","Equity","120,440.81","0.00","120,440.81","4,627.00","26.03","United States","New York Stock Exchange Inc.","USD","1.00","USD","-"
"REFI","CHICAGO ATLANTIC REAL ESTATE FINAN","Financials","Equity","120,465.83","0.00","120,465.83","7,487.00","16.09","United States","NASDAQ","USD","1.00","USD","-"
"OUST","OUSTER INC","Information Technology","Equity","120,557.30","0.00","120,557.30","14,438.00","8.35","United States","NASDAQ","USD","1.00","USD","-"
"ZIMV","ZIMVIE INC","Health Care","Equity","120,630.60","0.00","120,630.60","9,036.00","13.35","United States","NASDAQ","USD","1.00","USD","-"
"CCNE","CNB FINANCIAL CORP","Financials","Equity","120,778.62","0.00","120,778.62","5,079.00","23.78","United States","NASDAQ","USD","1.00","USD","-"
"HY","HYSTER YALE INC CLASS A","Industrials","Equity","120,781.05","0.00","120,781.05","2,693.00","44.85","United States","New York Stock Exchange Inc.","USD","1.00","USD","-"
"NBN","NORTHEAST BANK","Financials","Equity","120,846.87","0.00","120,846.87","1,269.00","95.23","United States","NASDAQ","USD","1.00","USD","-"
"ZIP","ZIPRECRUITER INC CLASS A","Communication","Equity","121,197.01","0.00","121,197.01","21,527.00","5.63","United States","New York Stock Exchange Inc.","USD","1.00","USD","-"
"WTBA","WEST BANCORPORATION INC","Financials","Equity","121,455.24","0.00","121,455.24","5,748.00","21.13","United States","NASDAQ","USD","1.00","USD","-"
"FSBW","FS BANCORP INC","Financials","Equity","121,581.72","0.00","121,581.72","3,237.00","37.56","United States","NASDAQ","USD","1.00","USD","-"
"GRNT","GRANITE RIDGE RESOURCES INC","Energy","Equity","121,720.17","0.00","121,720.17","21,697.00","5.61","United States","New York Stock Exchange Inc.","USD","1.00","USD","-"
"PBPB","POTBELLY CORP","Consumer Discretionary","Equity","118,713.50","0.00","118,713.50","10,190.00","11.65","United States","NASDAQ","USD","1.00","USD","-"
"RCUS","ARCUS BIOSCIENCES INC","Health Care","Equity","118,730.43","0.00","118,730.43","12,103.00","9.81","United States","New York Stock Exchange Inc.","USD","1.00","USD","-"
"PX","P10 INC CLASS A","Financials","Equity","118,746.40","0.00","118,746.40","9,830.00","12.08","United States","New York Stock Exchange Inc.","USD","1.00","USD","-"
"GEFB","GREIF INC CLASS B","Materials","Equity","119,019.48","0.00","119,019.48","2,001.00","59.48","United States","New York Stock Exchange Inc.","USD","1.00","USD","-"
"CZNC","CITIZENS AND NORTHERN CORP","Financials","Equity","119,196.81","0.00","119,196.81","5,823.00","20.47","United States","NASDAQ","USD","1.00","USD","-"
"CIVB","CIVISTA BANCSHARES INC","Financials","Equity","119,509.65","0.00","119,509.65","6,045.00","19.77","United States","NASDAQ","USD","1.00","USD","-"
"SRDX","SURMODICS INC","Health Care","Equity","119,582.10","0.00","119,582.10","3,855.00","31.02","United States","NASDAQ","USD","1.00","USD","-"
"HTLD","HEARTLAND EXPRESS INC","Industrials","Equity","119,588.70","0.00","119,588.70","11,935.00","10.02","United States","NASDAQ","USD","1.00","USD","-"
"SPFI","SOUTH PLAINS FINANCIAL INC","Financials","Equity","119,764.19","0.00","119,764.19","3,557.00","33.67","United States","NASDAQ","USD","1.00","USD","-"
"SLP","SIMULATIONS PLUS INC","Health Care","Equity","120,101.76","0.00","120,101.76","4,176.00","28.76","United States","NASDAQ","USD","1.00","USD","-"
"LOCO","EL POLLO LOCO INC","Consumer Discretionary","Equity","120,136.77","0.00","120,136.77","11,409.00","10.53","United States","NASDAQ","USD","1.00","USD","-"
"ABSI","ABSCI CORP","Health Care","Equity","117,311.04","0.00","117,311.04","34,914.00","3.36","United States","NASDAQ","USD","1.00","USD","-"
"TSHA","TAYSHA GENE THERAPIES INC","Health Care","Equity","117,311.90","0.00","117,311.90","69,007.00","1.70","United States","NASDAQ","USD","1.00","USD","-"
"MSBI","MIDLAND STATES BANCORP INC","Financials","Equity","117,399.16","0.00","117,399.16","6,238.00","18.82","United States","NASDAQ","USD","1.00","USD","-"
"CRSR","CORSAIR GAMING INC","Information Technology","Equity","117,430.62","0.00","117,430.62","10,247.00","11.46","United States","NASDAQ","USD","1.00","USD","-"
"DSP","VIANT TECHNOLOGY INC CLASS A","Information Technology","Equity","117,656.73","0.00","117,656.73","7,797.00","15.09","United States","NASDAQ","USD","1.00","USD","-"
"SFIX","STITCH FIX INC CLASS A","Consumer Discretionary","Equity","118,092.80","0.00","118,092.80","26,360.00","4.48","United States","NASDAQ","USD","1.00","USD","-"
"GLDD","GREAT LAKES DREDGE AND DOCK CORP","Industrials","Equity","118,195.56","0.00","118,195.56","14,756.00","8.01","United States","NASDAQ","USD","1.00","USD","-"
"ETWO","E2OPEN PARENT HOLDINGS INC CLASS A","Information Technology","Equity","118,268.76","0.00","118,268.76","54,004.00","2.19","United States","New York Stock Exchange Inc.","USD","1.00","USD","-"
"AMBC","AMBAC FINANCIAL GROUP INC","Financials","Equity","118,269.24","0.00","118,269.24","13,054.00","9.06","United States","New York Stock Exchange Inc.","USD","1.00","USD","-"
"SCVL","SHOE CARNIVAL INC","Consumer Discretionary","Equity","118,304.68","0.00","118,304.68","5,549.00","21.32","United States","NASDAQ","USD","1.00","USD","-"
"ALX","ALEXANDERS REIT INC","Real Estate","Equity","118,708.92","0.00","118,708.92","558.00","212.74","United States","New York Stock Exchange Inc.","USD","1.00","USD","-"
"FSBC","FIVE STAR BANCORP","Financials","Equity","115,964.50","0.00","115,964.50","3,931.00","29.50","United States","NASDAQ","USD","1.00","USD","-"
"AMBP","ARDAGH METAL PACKAGING SA","Materials","Equity","116,379.14","0.00","116,379.14","41,863.00","2.78","United States","New York Stock Exchange Inc.","USD","1.00","USD","-"
"CLW","CLEARWATER PAPER CORP","Materials","Equity","116,634.09","0.00","116,634.09","4,533.00","25.73","United States","New York Stock Exchange Inc.","USD","1.00","USD","-"
"FPI","FARMLAND PARTNERS INC","Real Estate","Equity","116,724.00","0.00","116,724.00","10,275.00","11.36","United States","New York Stock Exchange Inc.","USD","1.00","USD","-"
"BFS","SAUL CENTERS REIT INC","Real Estate","Equity","116,986.94","0.00","116,986.94","3,206.00","36.49","United States","New York Stock Exchange Inc.","USD","1.00","USD","-"
"PGEN","PRECIGEN INC","Health Care","Equity","117,033.27","0.00","117,033.27","60,639.00","1.93","United States","NASDAQ","USD","1.00","USD","-"
"BGS","B AND G FOODS INC","Consumer Staples","Equity","114,269.96","0.00","114,269.96","16,954.00","6.74","United States","New York Stock Exchange Inc.","USD","1.00","USD","-"
"CSTL","CASTLE BIOSCIENCES INC","Health Care","Equity","114,872.16","0.00","114,872.16","5,388.00","21.32","United States","NASDAQ","USD","1.00","USD","-"
"WSBF","WATERSTONE FINANCIAL INC","Financials","Equity","115,245.33","0.00","115,245.33","8,297.00","13.89","United States","NASDAQ","USD","1.00","USD","-"
"AIP","ARTERIS INC","Information Technology","Equity","115,267.46","0.00","115,267.46","13,706.00","8.41","United States","NASDAQ","USD","1.00","USD","-"
"PACK","RANPAK HOLDINGS CORP CLASS A","Materials","Equity","115,463.70","0.00","115,463.70","17,985.00","6.42","United States","New York Stock Exchange Inc.","USD","1.00","USD","-"
"INBK","FIRST INTERNET BANCORP","Financials","Equity","115,464.79","0.00","115,464.79","4,033.00","28.63","United States","NASDAQ","USD","1.00","USD","-"
"TSBK","TIMBERLAND BANCORP INC","Financials","Equity","115,503.60","0.00","115,503.60","3,812.00","30.30","United States","NASDAQ","USD","1.00","USD","-"
"EVLV","EVOLV TECHNOLOGIES HOLDINGS INC CL","Information Technology","Equity","115,523.52","0.00","115,523.52","34,382.00","3.36","United States","NASDAQ","USD","1.00","USD","-"
"MGTX","MEIRAGTX HOLDINGS PLC","Health Care","Equity","113,097.04","0.00","113,097.04","17,188.00","6.58","United States","NASDAQ","USD","1.00","USD","-"
"THRY","THRYV HOLDINGS INC","Communication","Equity","113,123.20","0.00","113,123.20","6,670.00","16.96","United States","NASDAQ","USD","1.00","USD","-"
"HIFS","HINGHAM INSTITUTION FOR SAVINGS","Financials","Equity","113,256.00","0.00","113,256.00","468.00","242.00","United States","NASDAQ","USD","1.00","USD","-"
"HOUS","ANYWHERE REAL ESTATE INC","Real Estate","Equity","114,119.32","0.00","114,119.32","31,612.00","3.61","United States","New York Stock Exchange Inc.","USD","1.00","USD","-"
"RRBI","RED RIVER BANCSHARES INC","Financials","Equity","111,589.28","0.00","111,589.28","2,068.00","53.96","United States","NASDAQ","USD","1.00","USD","-"
"MLNK","MERIDIANLINK INC","Information Technology","Equity","111,922.98","0.00","111,922.98","6,063.00","18.46","United States","New York Stock Exchange Inc.","USD","1.00","USD","-"
"ILPT","INDUSTRIAL LOGISTICS PROPERTIES TR","Real Estate","Equity","111,981.43","0.00","111,981.43","28,787.00","3.89","United States","NASDAQ","USD","1.00","USD","-"
"USNA","USANA HEALTH SCIENCES INC","Consumer Staples","Equity","111,996.36","0.00","111,996.36","3,628.00","30.87","United States","New York Stock Exchange Inc.","USD","1.00","USD","-"
"OIS","OIL STATES INTERNATIONAL INC","Energy","Equity","112,225.08","0.00","112,225.08","23,187.00","4.84","United States","New York Stock Exchange Inc.","USD","1.00","USD","-"
"BWB","BRIDGEWATER BANCSHARES INC","Financials","Equity","112,612.50","0.00","112,612.50","8,190.00","13.75","United States","NASDAQ","USD","1.00","USD","-"
"CMCO","COLUMBUS MCKINNON CORP","Industrials","Equity","109,726.50","0.00","109,726.50","6,630.00","16.55","United States","NASDAQ","USD","1.00","USD","-"
"PHLT","PERFORMANT HEALTHCARE INC","Health Care","Equity","109,863.39","0.00","109,863.39","40,243.00","2.73","United States","NASDAQ","USD","1.00","USD","-"
"LAND","GLADSTONE LAND REIT CORP","Real Estate","Equity","109,922.56","0.00","109,922.56","9,284.00","11.84","United States","NASDAQ","USD","1.00","USD","-"
"SD","SANDRIDGE ENERGY INC","Energy","Equity","110,063.52","0.00","110,063.52","10,024.00","10.98","United States","New York Stock Exchange Inc.","USD","1.00","USD","-"
"WASH","WASHINGTON TRUST BANCORP INC","Financials","Equity","110,268.00","0.00","110,268.00","3,600.00","30.63","United States","NASDAQ","USD","1.00","USD","-"
"BMBL","BUMBLE INC CLASS A","Communication","Equity","110,404.08","0.00","110,404.08","23,292.00","4.74","United States","NASDAQ","USD","1.00","USD","-"
"YORW","YORK WATER","Utilities","Equity","110,553.01","0.00","110,553.01","3,307.00","33.43","United States","NASDAQ","USD","1.00","USD","-"
"TTGT","TECHTARGET INC","Information Technology","Equity","110,673.21","0.00","110,673.21","7,393.00","14.97","United States","NASDAQ","USD","1.00","USD","-"
"EVCM","EVERCOMMERCE INC","Information Technology","Equity","110,678.75","0.00","110,678.75","11,375.00","9.73","United States","NASDAQ","USD","1.00","USD","-"
"DIN","DINE BRANDS GLOBAL INC","Consumer Discretionary","Equity","110,768.28","0.00","110,768.28","4,564.00","24.27","United States","New York Stock Exchange Inc.","USD","1.00","USD","-"
"DSGR","DISTRIBUTION SOLUTIONS GROUP INC","Industrials","Equity","110,972.25","0.00","110,972.25","3,999.00","27.75","United States","NASDAQ","USD","1.00","USD","-"
"ALRS","ALERUS FINANCIAL CORP","Financials","Equity","108,678.80","0.00","108,678.80","5,602.00","19.40","United States","NASDAQ","USD","1.00","USD","-"
"PLPC","PREFORMED LINE PRODUCTS","Industrials","Equity","108,776.77","0.00","108,776.77","883.00","123.19","United States","NASDAQ","USD","1.00","USD","-"
"SVRA","SAVARA INC","Health Care","Equity","109,340.40","0.00","109,340.40","42,054.00","2.60","United States","NASDAQ","USD","1.00","USD","-"
"RM","REGIONAL MANAGEMENT CORP","Financials","Equity","109,356.39","0.00","109,356.39","3,393.00","32.23","United States","New York Stock Exchange Inc.","USD","1.00","USD","-"
"CRNC","CERENCE INC","Information Technology","Equity","107,016.25","0.00","107,016.25","9,955.00","10.75","United States","NASDAQ","USD","1.00","USD","-"
"CHCT","COMMUNITY HEALTHCARE TRUST INC","Real Estate","Equity","107,557.44","0.00","107,557.44","5,792.00","18.57","United States","New York Stock Exchange Inc.","USD","1.00","USD","-"
"CLFD","CLEARFIELD INC","Information Technology","Equity","107,572.50","0.00","107,572.50","3,415.00","31.50","United States","NASDAQ","USD","1.00","USD","-"
"MBCN","MIDDLEFIELD BANC CORP","Financials","Equity","107,964.21","0.00","107,964.21","4,219.00","25.59","United States","NASDAQ","USD","1.00","USD","-"
"RES","RPC INC","Energy","Equity","108,065.16","0.00","108,065.16","20,862.00","5.18","United States","New York Stock Exchange Inc.","USD","1.00","USD","-"
"BMRC","BANK OF MARIN BANCORP","Financials","Equity","108,086.35","0.00","108,086.35","4,513.00","23.95","United States","NASDAQ","USD","1.00","USD","-"
"HRTG","HERITAGE INSURANCE HOLDINGS INC","Financials","Equity","105,600.44","0.00","105,600.44","8,972.00","11.77","United States","New York Stock Exchange Inc.","USD","1.00","USD","-"
"RBBN","RIBBON COMMUNICATIONS INC","Information Technology","Equity","105,781.50","0.00","105,781.50","23,507.00","4.50","United States","NASDAQ","USD","1.00","USD","-"
"CLDT","CHATHAM LODGING TRUST REIT","Real Estate","Equity","105,814.80","0.00","105,814.80","12,920.00","8.19","United States","New York Stock Exchange Inc.","USD","1.00","USD","-"
"FMAO","FARMERS AND MERCHANTS BANCORP INC","Financials","Equity","105,885.08","0.00","105,885.08","4,361.00","24.28","United States","NASDAQ","USD","1.00","USD","-"
"URG","UR ENERGY INC","Energy","Equity","106,029.49","0.00","106,029.49","123,448.00","0.86","United States","Nyse Mkt Llc","USD","1.00","USD","-"
"CMCL","CALEDONIA MINING PLC","Materials","Equity","106,429.33","0.00","106,429.33","10,069.00","10.57","Canada","Nyse Mkt Llc","USD","1.00","USD","-"
"ESPR","ESPERION THERAPEUTICS INC","Health Care","Equity","106,552.05","0.00","106,552.05","64,577.00","1.65","United States","NASDAQ","USD","1.00","USD","-"
"EGY","VAALCO ENERGY INC","Energy","Equity","103,850.32","0.00","103,850.32","27,992.00","3.71","United States","New York Stock Exchange Inc.","USD","1.00","USD","-"
"JMSB","JOHN MARSHALL BANCORP INC","Financials","Equity","104,139.20","0.00","104,139.20","5,917.00","17.60","United States","NASDAQ","USD","1.00","USD","-"
"ACCD","ACCOLADE INC","Health Care","Equity","104,354.84","0.00","104,354.84","14,972.00","6.97","United States","NASDAQ","USD","1.00","USD","-"
"GCO","GENESCO INC","Consumer Discretionary","Equity","104,482.44","0.00","104,482.44","3,204.00","32.61","United States","New York Stock Exchange Inc.","USD","1.00","USD","-"
"KRNY","KEARNY FINANCIAL CORP","Financials","Equity","105,026.31","0.00","105,026.31","15,699.00","6.69","United States","NASDAQ","USD","1.00","USD","-"
"ONIT","ONITY GROUP INC","Financials","Equity","105,036.90","0.00","105,036.90","3,470.00","30.27","United States","New York Stock Exchange Inc.","USD","1.00","USD","-"
"SAGE","SAGE THERAPEUTICS INC","Health Care","Equity","102,483.70","0.00","102,483.70","13,574.00","7.55","United States","NASDAQ","USD","1.00","USD","-"
"ANIK","ANIKA THERAPEUTICS INC","Health Care","Equity","102,503.57","0.00","102,503.57","6,019.00","17.03","United States","NASDAQ","USD","1.00","USD","-"
"XPER","XPERI INC","Information Technology","Equity","102,555.75","0.00","102,555.75","12,431.00","8.25","United States","New York Stock Exchange Inc.","USD","1.00","USD","-"
"METCV","RAMACO RESOURCES INC CLASS A","Materials","Equity","102,703.44","0.00","102,703.44","11,361.00","9.04","United States","NASDAQ","USD","1.00","USD","-"
"GCT","GIGACLOUD TECHNOLOGY INC CLASS A","Consumer Discretionary","Equity","102,723.39","0.00","102,723.39","6,237.00","16.47","United States","NASDAQ","USD","1.00","USD","-"
"TCMD","TACTILE SYSTEMS TECHNOLOGY INC","Health Care","Equity","103,035.20","0.00","103,035.20","7,256.00","14.20","United States","NASDAQ","USD","1.00","USD","-"
"FFIC","FLUSHING FINANCIAL CORP","Financials","Equity","103,259.07","0.00","103,259.07","7,587.00","13.61","United States","NASDAQ","USD","1.00","USD","-"
"GMRE","GLOBAL MEDICAL REIT INC","Real Estate","Equity","103,341.45","0.00","103,341.45","11,677.00","8.85","United States","New York Stock Exchange Inc.","USD","1.00","USD","-"
"HVT","HAVERTY FURNITURE COMPANIES INC","Consumer Discretionary","Equity","100,645.74","0.00","100,645.74","4,602.00","21.87","United States","New York Stock Exchange Inc.","USD","1.00","USD","-"
"FDBC","FIDELITY D AND D BANCORP INC","Financials","Equity","100,702.60","0.00","100,702.60","2,330.00","43.22","United States","NASDAQ","USD","1.00","USD","-"
"INDI","INDIE SEMICONDUCTOR INC CLASS A","Information Technology","Equity","100,904.76","0.00","100,904.76","32,868.00","3.07","United States","NASDAQ","USD","1.00","USD","-"
"GDOT","GREEN DOT CORP CLASS A","Financials","Equity","101,075.60","0.00","101,075.60","14,236.00","7.10","United States","New York Stock Exchange Inc.","USD","1.00","USD","-"
"MITK","MITEK SYSTEMS INC","Information Technology","Equity","101,080.40","0.00","101,080.40","10,987.00","9.20","United States","NASDAQ","USD","1.00","USD","-"
"DHIL","DIAMOND HILL INVESTMENT GROUP INC","Financials","Equity","101,459.36","0.00","101,459.36","688.00","147.47","United States","NASDAQ","USD","1.00","USD","-"
"LASR","NLIGHT INC","Information Technology","Equity","99,089.22","0.00","99,089.22","10,937.00","9.06","United States","NASDAQ","USD","1.00","USD","-"
"ORC","ORCHID ISLAND CAPITAL INC","Financials","Equity","100,029.87","0.00","100,029.87","11,951.00","8.37","United States","New York Stock Exchange Inc.","USD","1.00","USD","-"
"OOMA","OOMA INC","Information Technology","Equity","100,149.38","0.00","100,149.38","7,123.00","14.06","United States","New York Stock Exchange Inc.","USD","1.00","USD","-"
"KE","KIMBALL ELECTRONICS INC","Information Technology","Equity","100,303.92","0.00","100,303.92","6,057.00","16.56","United States","NASDAQ","USD","1.00","USD","-"
"LAB","STANDARD BIOTOOLS INC","Health Care","Equity","98,216.40","0.00","98,216.40","81,847.00","1.20","United States","NASDAQ","USD","1.00","USD","-"
"TMCI","TREACE MEDICAL CONCEPTS INC","Health Care","Equity","98,257.06","0.00","98,257.06","10,762.00","9.13","United States","NASDAQ","USD","1.00","USD","-"
"SHBI","SHORE BANCSHARES INC","Financials","Equity","98,563.45","0.00","98,563.45","6,821.00","14.45","United States","NASDAQ","USD","1.00","USD","-"
"MVBF","MVB FINANCIAL CORP","Financials","Equity","98,925.12","0.00","98,925.12","5,608.00","17.64","United States","NASDAQ","USD","1.00","USD","-"
"ERAS","ERASCA INC","Health Care","Equity","96,192.22","0.00","96,192.22","67,741.00","1.42","United States","NASDAQ","USD","1.00","USD","-"
"URGN","UROGEN PHARMA LTD","Health Care","Equity","96,320.07","0.00","96,320.07","9,471.00","10.17","United States","NASDAQ","USD","1.00","USD","-"
"FNLC","FIRST BANCORP INC","Financials","Equity","96,329.89","0.00","96,329.89","3,797.00","25.37","United States","NASDAQ","USD","1.00","USD","-"
"DDD","3D SYSTEMS CORP","Industrials","Equity","96,524.70","0.00","96,524.70","31,137.00","3.10","United States","New York Stock Exchange Inc.","USD","1.00","USD","-"
"NUS","NU SKIN ENTERPRISES INC CLASS A","Consumer Staples","Equity","97,120.32","0.00","97,120.32","11,902.00","8.16","United States","New York Stock Exchange Inc.","USD","1.00","USD","-"
"FRST","PRIMIS FINANCIAL CORP","Financials","Equity","97,129.92","0.00","97,129.92","9,752.00","9.96","United States","NASDAQ","USD","1.00","USD","-"
"GCI","GANNETT CO INC","Communication","Equity","97,150.90","0.00","97,150.90","26,257.00","3.70","United States","New York Stock Exchange Inc.","USD","1.00","USD","-"
"SFST","SOUTHERN FIRST BANCSHARES INC","Financials","Equity","97,415.35","0.00","97,415.35","2,921.00","33.35","United States","NASDAQ","USD","1.00","USD","-"
"XERS","XERIS BIOPHARMA HOLDINGS INC","Health Care","Equity","94,717.48","0.00","94,717.48","25,124.00","3.77","United States","NASDAQ","USD","1.00","USD","-"
"MYE","MYERS INDUSTRIES INC","Materials","Equity","94,818.90","0.00","94,818.90","9,735.00","9.74","United States","New York Stock Exchange Inc.","USD","1.00","USD","-"
"PARAA","PARAMOUNT GLOBAL CLASS A","Communication","Equity","94,952.16","0.00","94,952.16","4,194.00","22.64","United States","NASDAQ","USD","1.00","USD","-"
"ANGO","ANGIODYNAMICS INC","Health Care","Equity","95,921.28","0.00","95,921.28","10,248.00","9.36","United States","NASDAQ","USD","1.00","USD","-"
"NNOX","NANO X IMAGING LTD","Health Care","Equity","93,204.54","0.00","93,204.54","14,586.00","6.39","Israel","NASDAQ","USD","1.00","USD","-"
"AQST","AQUESTIVE THERAPEUTICS INC","Health Care","Equity","93,361.77","0.00","93,361.77","33,463.00","2.79","United States","NASDAQ","USD","1.00","USD","-"
"SEAT","VIVID SEATS INC CLASS A","Communication","Equity","93,582.50","0.00","93,582.50","22,550.00","4.15","United States","NASDAQ","USD","1.00","USD","-"
"ULH","UNIVERSAL LOGISTICS INC","Industrials","Equity","94,039.20","0.00","94,039.20","3,530.00","26.64","United States","NASDAQ","USD","1.00","USD","-"
"QTRX","QUANTERIX CORP","Health Care","Equity","94,102.65","0.00","94,102.65","12,301.00","7.65","United States","NASDAQ","USD","1.00","USD","-"
"MEI","METHODE ELECTRONICS INC","Information Technology","Equity","91,542.04","0.00","91,542.04","9,322.00","9.82","United States","New York Stock Exchange Inc.","USD","1.00","USD","-"
"KRUS","KURA SUSHI USA INC","Consumer Discretionary","Equity","91,595.20","0.00","91,595.20","1,520.00","60.26","United States","NASDAQ","USD","1.00","USD","-"
"HNRG","HALLADOR ENERGY","Energy","Equity","91,609.35","0.00","91,609.35","10,145.00","9.03","United States","NASDAQ","USD","1.00","USD","-"
"ADV","ADVANTAGE SOLUTIONS INC CLASS A","Communication","Equity","92,089.09","0.00","92,089.09","38,531.00","2.39","United States","NASDAQ","USD","1.00","USD","-"
"CLMB","CLIMB GLOBAL SOLUTIONS INC","Information Technology","Equity","92,315.37","0.00","92,315.37","777.00","118.81","United States","NASDAQ","USD","1.00","USD","-"
"CMPX","COMPASS THERAPEUTICS","Health Care","Equity","92,493.07","0.00","92,493.07","33,391.00","2.77","United States","NASDAQ","USD","1.00","USD","-"
"ENFN","ENFUSION INC CLASS A","Information Technology","Equity","92,515.28","0.00","92,515.28","8,087.00","11.44","United States","New York Stock Exchange Inc.","USD","1.00","USD","-"
"TWI","TITAN INTERNATIONAL INC","Industrials","Equity","92,727.72","0.00","92,727.72","11,199.00","8.28","United States","New York Stock Exchange Inc.","USD","1.00","USD","-"
"REPX","RILEY EXPLORATION PERMIAN INC","Energy","Equity","92,804.46","0.00","92,804.46","3,318.00","27.97","United States","Nyse Mkt Llc","USD","1.00","USD","-"
"CENT","CENTRAL GARDEN AND PET","Consumer Staples","Equity","92,875.05","0.00","92,875.05","2,595.00","35.79","United States","NASDAQ","USD","1.00","USD","-"
"CAPR","CAPRICOR THERAPEUTICS INC","Health Care","Equity","92,888.95","0.00","92,888.95","7,343.00","12.65","United States","NASDAQ","USD","1.00","USD","-"
"JAKK","JAKKS PACIFIC INC","Consumer Discretionary","Equity","90,124.35","0.00","90,124.35","3,473.00","25.95","United States","NASDAQ","USD","1.00","USD","-"
"ALDX","ALDEYRA THERAPEUTICS INC","Health Care","Equity","90,417.30","0.00","90,417.30","14,702.00","6.15","United States","NASDAQ","USD","1.00","USD","-"
"CVGW","CALAVO GROWERS INC","Consumer Staples","Equity","90,946.08","0.00","90,946.08","4,149.00","21.92","United States","NASDAQ","USD","1.00","USD","-"
"PACB","PACIFIC BIOSCIENCES OF CALIFORNIA","Health Care","Equity","91,032.90","0.00","91,032.90","67,935.00","1.34","United States","NASDAQ","USD","1.00","USD","-"
"GIC","GLOBAL INDUSTRIAL","Industrials","Equity","91,372.71","0.00","91,372.71","3,971.00","23.01","United States","New York Stock Exchange Inc.","USD","1.00","USD","-"
"MATV","MATIV HOLDINGS INC","Materials","Equity","91,429.52","0.00","91,429.52","13,832.00","6.61","United States","New York Stock Exchange Inc.","USD","1.00","USD","-"
"ARKO","ARKO","Consumer Discretionary","Equity","88,799.50","0.00","88,799.50","20,894.00","4.25","United States","NASDAQ","USD","1.00","USD","-"
"MCFT","MASTERCRAFT BOAT HOLDINGS INC","Consumer Discretionary","Equity","88,935.00","0.00","88,935.00","5,250.00","16.94","United States","NASDAQ","USD","1.00","USD","-"
"MTW","MANITOWOC INC","Industrials","Equity","89,011.60","0.00","89,011.60","9,224.00","9.65","United States","New York Stock Exchange Inc.","USD","1.00","USD","-"
"MXCT","MAXCYTE INC","Health Care","Equity","89,052.24","0.00","89,052.24","25,156.00","3.54","United States","NASDAQ","USD","1.00","USD","-"
"LXFR","LUXFER HOLDINGS PLC","Industrials","Equity","89,350.88","0.00","89,350.88","7,288.00","12.26","United States","New York Stock Exchange Inc.","USD","1.00","USD","-"
"CMP","COMPASS MINERALS INTERNATIONAL INC","Materials","Equity","89,377.20","0.00","89,377.20","9,028.00","9.90","United States","New York Stock Exchange Inc.","USD","1.00","USD","-"
"PAHC","PHIBRO ANIMAL HEALTH CORP CLASS A","Health Care","Equity","89,972.77","0.00","89,972.77","3,827.00","23.51","United States","NASDAQ","USD","1.00","USD","-"
"NUVB","NUVATION BIO INC CLASS A","Health Care","Equity","87,183.14","0.00","87,183.14","46,622.00","1.87","United States","New York Stock Exchange Inc.","USD","1.00","USD","-"
"NBR","NABORS INDUSTRIES LTD","Energy","Equity","87,474.92","0.00","87,474.92","2,258.00","38.74","United States","New York Stock Exchange Inc.","USD","1.00","USD","-"
"FLGT","FULGENT GENETICS INC","Health Care","Equity","87,695.55","0.00","87,695.55","5,267.00","16.65","United States","NASDAQ","USD","1.00","USD","-"
"VMD","VIEMED HEALTHCARE INC","Health Care","Equity","87,931.36","0.00","87,931.36","11,693.00","7.52","United States","NASDAQ","USD","1.00","USD","-"
"RMNI","RIMINI STREET INC","Information Technology","Equity","88,057.92","0.00","88,057.92","25,304.00","3.48","United States","NASDAQ","USD","1.00","USD","-"
"DMRC","DIGIMARC CORP","Information Technology","Equity","85,502.26","0.00","85,502.26","5,314.00","16.09","United States","NASDAQ","USD","1.00","USD","-"
"HAIN","HAIN CELESTIAL GROUP INC","Consumer Staples","Equity","85,738.50","0.00","85,738.50","23,490.00","3.65","United States","NASDAQ","USD","1.00","USD","-"
"RBB","RBB BANCORP","Financials","Equity","85,750.00","0.00","85,750.00","4,900.00","17.50","United States","NASDAQ","USD","1.00","USD","-"
"ONTF","ON24 INC","Information Technology","Equity","85,913.14","0.00","85,913.14","15,179.00","5.66","United States","New York Stock Exchange Inc.","USD","1.00","USD","-"
"GLUE","MONTE ROSA THERAPEUTICS INC","Health Care","Equity","86,124.72","0.00","86,124.72","14,212.00","6.06","United States","NASDAQ","USD","1.00","USD","-"
"TITN","TITAN MACHINERY INC","Industrials","Equity","86,713.20","0.00","86,713.20","5,735.00","15.12","United States","NASDAQ","USD","1.00","USD","-"
"NEWT","NEWTEKONE INC","Financials","Equity","83,941.20","0.00","83,941.20","6,662.00","12.60","United States","NASDAQ","USD","1.00","USD","-"
"MRVI","MARAVAI LIFESCIENCES HOLDINGS INC","Health Care","Equity","84,103.30","0.00","84,103.30","29,930.00","2.81","United States","NASDAQ","USD","1.00","USD","-"
"PKST","PEAKSTONE REALTY TRUST CLASS E","Real Estate","Equity","84,464.64","0.00","84,464.64","7,332.00","11.52","United States","New York Stock Exchange Inc.","USD","1.00","USD","-"
"HNST","THE HONEST COMPANY INC","Consumer Staples","Equity","84,887.64","0.00","84,887.64","16,262.00","5.22","United States","NASDAQ","USD","1.00","USD","-"
"RDUS","RADIUS RECYCLING INC CLASS A","Materials","Equity","84,913.08","0.00","84,913.08","6,189.00","13.72","United States","NASDAQ","USD","1.00","USD","-"
"FLNC","FLUENCE ENERGY INC CLASS A","Industrials","Equity","85,107.20","0.00","85,107.20","15,616.00","5.45","United States","NASDAQ","USD","1.00","USD","-"
"BLFY","BLUE FOUNDRY BANCORP","Financials","Equity","85,178.38","0.00","85,178.38","8,882.00","9.59","United States","NASDAQ","USD","1.00","USD","-"
"PKE","PARK AEROSPACE CORP","Industrials","Equity","85,253.10","0.00","85,253.10","6,386.00","13.35","United States","New York Stock Exchange Inc.","USD","1.00","USD","-"
"FLIC","FIRST OF LONG ISLAND CORP","Financials","Equity","82,522.58","0.00","82,522.58","6,623.00","12.46","United States","NASDAQ","USD","1.00","USD","-"
"NVEC","NVE CORP","Information Technology","Equity","82,760.65","0.00","82,760.65","1,253.00","66.05","United States","NASDAQ","USD","1.00","USD","-"
"MBI","MBIA INC","Financials","Equity","82,830.00","0.00","82,830.00","15,060.00","5.50","United States","New York Stock Exchange Inc.","USD","1.00","USD","-"
"PANL","PANGAEA LOGISTICS SOLUTIONS LTD","Industrials","Equity","83,293.24","0.00","83,293.24","16,964.00","4.91","United States","NASDAQ","USD","1.00","USD","-"
"HYLN","HYLIION HOLDINGS CORP","Industrials","Equity","83,309.68","0.00","83,309.68","54,809.00","1.52","United States","Nyse Mkt Llc","USD","1.00","USD","-"
"CTOS","CUSTOM TRUCK ONE SOURCE INC","Industrials","Equity","83,394.78","0.00","83,394.78","17,266.00","4.83","United States","New York Stock Exchange Inc.","USD","1.00","USD","-"
"ALNT","ALLIENT INC","Industrials","Equity","83,517.32","0.00","83,517.32","3,518.00","23.74","United States","NASDAQ","USD","1.00","USD","-"
"APPS","DIGITAL TURBINE INC","Information Technology","Equity","81,172.92","0.00","81,172.92","22,674.00","3.58","United States","NASDAQ","USD","1.00","USD","-"
"TRUE","TRUECAR INC","Communication","Equity","81,325.44","0.00","81,325.44","36,306.00","2.24","United States","NASDAQ","USD","1.00","USD","-"
"KROS","KEROS THERAPEUTICS INC","Health Care","Equity","81,398.25","0.00","81,398.25","6,975.00","11.67","United States","NASDAQ","USD","1.00","USD","-"
"VERV","VERVE THERAPEUTICS INC","Health Care","Equity","81,750.55","0.00","81,750.55","12,481.00","6.55","United States","NASDAQ","USD","1.00","USD","-"
"CELC","CELCUITY INC","Health Care","Equity","81,872.12","0.00","81,872.12","7,918.00","10.34","United States","NASDAQ","USD","1.00","USD","-"
"SKYT","SKYWATER TECHNOLOGY INC","Information Technology","Equity","81,993.85","0.00","81,993.85","9,635.00","8.51","United States","NASDAQ","USD","1.00","USD","-"
"ZEUS","OLYMPIC STEEL INC","Materials","Equity","82,159.42","0.00","82,159.42","2,546.00","32.27","United States","NASDAQ","USD","1.00","USD","-"
"ADCT","ADC THERAPEUTICS SA","Health Care","Equity","79,411.41","0.00","79,411.41","46,989.00","1.69","United States","New York Stock Exchange Inc.","USD","1.00","USD","-"
"AMRC","AMERESCO INC CLASS A","Industrials","Equity","79,579.02","0.00","79,579.02","8,014.00","9.93","United States","New York Stock Exchange Inc.","USD","1.00","USD","-"
"MOV","MOVADO GROUP INC","Consumer Discretionary","Equity","79,617.60","0.00","79,617.60","4,365.00","18.24","United States","New York Stock Exchange Inc.","USD","1.00","USD","-"
"UPB","UPSTREAM BIO INC","Health Care","Equity","79,948.33","0.00","79,948.33","9,439.00","8.47","United States","NASDAQ","USD","1.00","USD","-"
"FNKO","FUNKO INC CLASS A","Consumer Discretionary","Equity","80,190.00","0.00","80,190.00","7,128.00","11.25","United States","NASDAQ","USD","1.00","USD","-"
"LILA","LIBERTY LATIN AMERICA LTD CLASS A","Communication","Equity","80,408.20","0.00","80,408.20","11,930.00","6.74","United States","NASDAQ","USD","1.00","USD","-"
"BRY","BERRY","Energy","Equity","80,500.34","0.00","80,500.34","23,066.00","3.49","United States","NASDAQ","USD","1.00","USD","-"
"CLNE","CLEAN ENERGY FUELS CORP","Energy","Equity","80,568.96","0.00","80,568.96","41,963.00","1.92","United States","NASDAQ","USD","1.00","USD","-"
"SHYF","SHYFT GROUP INC","Industrials","Equity","80,700.08","0.00","80,700.08","8,927.00","9.04","United States","NASDAQ","USD","1.00","USD","-"
"GETY","GETTY IMAGES HOLDINGS INC CLASS A","Communication","Equity","78,279.04","0.00","78,279.04","38,752.00","2.02","United States","New York Stock Exchange Inc.","USD","1.00","USD","-"
"CZFS","CITIZENS FINANCIAL SERVICES INC","Financials","Equity","78,726.87","0.00","78,726.87","1,359.00","57.93","United States","NASDAQ","USD","1.00","USD","-"
"TG","TREDEGAR CORP","Materials","Equity","79,185.56","0.00","79,185.56","11,443.00","6.92","United States","New York Stock Exchange Inc.","USD","1.00","USD","-"
"TRDA","ENTRADA THERAPEUTICS INC","Health Care","Equity","79,244.20","0.00","79,244.20","7,490.00","10.58","United States","NASDAQ","USD","1.00","USD","-"
"VNDA","VANDA PHARMACEUTICALS INC","Health Care","Equity","76,452.39","0.00","76,452.39","14,903.00","5.13","United States","NASDAQ","USD","1.00","USD","-"
"BLDE","BLADE AIR MOBILITY INC CLASS A","Industrials","Equity","76,587.18","0.00","76,587.18","23,493.00","3.26","United States","NASDAQ","USD","1.00","USD","-"
"HUMA","HUMACYTE INC","Health Care","Equity","77,234.85","0.00","77,234.85","24,519.00","3.15","United States","NASDAQ","USD","1.00","USD","-"
"EU","ENCORE ENERGY CORP","Energy","Equity","77,278.20","0.00","77,278.20","43,660.00","1.77","United States","NASDAQ","USD","1.00","USD","-"
"UIS","UNISYS CORP","Information Technology","Equity","77,553.60","0.00","77,553.60","18,120.00","4.28","United States","New York Stock Exchange Inc.","USD","1.00","USD","-"
"ZUMZ","ZUMIEZ INC","Consumer Discretionary","Equity","74,958.60","0.00","74,958.60","5,420.00","13.83","United States","NASDAQ","USD","1.00","USD","-"
"DCGO","DOCGO INC","Health Care","Equity","74,981.60","0.00","74,981.60","24,665.00","3.04","United States","NASDAQ","USD","1.00","USD","-"
"IVR","INVESCO MORTGAGE CAPITAL REIT INC","Financials","Equity","75,113.64","0.00","75,113.64","8,724.00","8.61","United States","New York Stock Exchange Inc.","USD","1.00","USD","-"
"CRMT","AMERICAS CAR MART INC","Consumer Discretionary","Equity","75,185.60","0.00","75,185.60","1,960.00","38.36","United States","NASDAQ","USD","1.00","USD","-"
"GTN","GRAY MEDIA INC","Communication","Equity","75,233.93","0.00","75,233.93","21,557.00","3.49","United States","New York Stock Exchange Inc.","USD","1.00","USD","-"
"KALV","KALVISTA PHARMACEUTICALS INC","Health Care","Equity","75,523.05","0.00","75,523.05","6,505.00","11.61","United States","NASDAQ","USD","1.00","USD","-"
"RMR","RMR GROUP INC CLASS A","Real Estate","Equity","76,092.66","0.00","76,092.66","4,149.00","18.34","United States","NASDAQ","USD","1.00","USD","-"
"PAYS","PAYSIGN INC","Financials","Equity","76,200.00","0.00","76,200.00","30,480.00","2.50","United States","NASDAQ","USD","1.00","USD","-"
"RGP","RESOURCES CONNECTION INC","Industrials","Equity","76,246.90","0.00","76,246.90","10,739.00","7.10","United States","NASDAQ","USD","1.00","USD","-"
"KIDS","ORTHOPEDIATRICS CORP","Health Care","Equity","73,475.09","0.00","73,475.09","2,869.00","25.61","United States","NASDAQ","USD","1.00","USD","-"
"LOVE","LOVESAC COMPANY","Consumer Discretionary","Equity","73,535.52","0.00","73,535.52","3,846.00","19.12","United States","NASDAQ","USD","1.00","USD","-"
"DENN","DENNYS CORP","Consumer Discretionary","Equity","73,994.96","0.00","73,994.96","17,576.00","4.21","United States","NASDAQ","USD","1.00","USD","-"
"AVNW","AVIAT NETWORKS INC","Information Technology","Equity","74,153.20","0.00","74,153.20","3,548.00","20.90","United States","NASDAQ","USD","1.00","USD","-"
"FULC","FULCRUM THERAPEUTICS INC","Health Care","Equity","74,158.50","0.00","74,158.50","22,818.00","3.25","United States","NASDAQ","USD","1.00","USD","-"
"EYPT","EYEPOINT PHARMACEUTICALS INC","Health Care","Equity","74,182.92","0.00","74,182.92","11,274.00","6.58","United States","NASDAQ","USD","1.00","USD","-"
"NGNE","NEUROGENE INC","Health Care","Equity","74,336.36","0.00","74,336.36","4,396.00","16.91","United States","NASDAQ","USD","1.00","USD","-"
"SNBR","SLEEP NUMBER CORP","Consumer Discretionary","Equity","74,762.00","0.00","74,762.00","5,800.00","12.89","United States","NASDAQ","USD","1.00","USD","-"
"IPI","INTREPID POTASH INC","Materials","Equity","74,849.00","0.00","74,849.00","2,900.00","25.81","United States","New York Stock Exchange Inc.","USD","1.00","USD","-"
"TDUP","THREDUP INC CLASS A","Consumer Discretionary","Equity","72,160.56","0.00","72,160.56","29,574.00","2.44","United States","NASDAQ","USD","1.00","USD","-"
"TYRA","TYRA BIOSCIENCES INC","Health Care","Equity","72,316.50","0.00","72,316.50","6,515.00","11.10","United States","NASDAQ","USD","1.00","USD","-"
"DBI","DESIGNER BRANDS INC CLASS A","Consumer Discretionary","Equity","73,228.88","0.00","73,228.88","17,774.00","4.12","United States","New York Stock Exchange Inc.","USD","1.00","USD","-"
"BOC","BOSTON OMAHA CORP CLASS A","Communication","Equity","70,325.64","0.00","70,325.64","4,956.00","14.19","United States","New York Stock Exchange Inc.","USD","1.00","USD","-"
"VPG","VISHAY PRECISION GROUP INC","Information Technology","Equity","70,588.80","0.00","70,588.80","3,268.00","21.60","United States","New York Stock Exchange Inc.","USD","1.00","USD","-"
"ATXS","ASTRIA THERAPEUTICS INC","Health Care","Equity","70,617.05","0.00","70,617.05","11,335.00","6.23","United States","NASDAQ","USD","1.00","USD","-"
"FLWS","1-800 FLOWERS.COM INC CLASS A","Consumer Discretionary","Equity","70,801.92","0.00","70,801.92","10,752.00","6.59","United States","NASDAQ","USD","1.00","USD","-"
"NVTS","NAVITAS SEMICONDUCTOR CORP","Information Technology","Equity","71,002.80","0.00","71,002.80","26,895.00","2.64","United States","NASDAQ","USD","1.00","USD","-"
"KRRO","KORRO BIO INC","Health Care","Equity","71,182.80","0.00","71,182.80","3,240.00","21.97","United States","NASDAQ","USD","1.00","USD","-"
"WOW","WIDEOPENWEST INC","Communication","Equity","71,241.67","0.00","71,241.67","14,873.00","4.79","United States","New York Stock Exchange Inc.","USD","1.00","USD","-"
"BHR","BRAEMAR HOTELS RESORTS INC","Real Estate","Equity","68,816.74","0.00","68,816.74","22,787.00","3.02","United States","New York Stock Exchange Inc.","USD","1.00","USD","-"
"LSEA","LANDSEA HOMES CORP","Consumer Discretionary","Equity","68,885.55","0.00","68,885.55","9,771.00","7.05","United States","NASDAQ","USD","1.00","USD","-"
"AMPS","ALTUS POWER INC CLASS A","Utilities","Equity","69,451.46","0.00","69,451.46","14,059.00","4.94","United States","New York Stock Exchange Inc.","USD","1.00","USD","-"
"KIND","NEXTDOOR HOLDINGS INC CLASS A","Communication","Equity","69,520.29","0.00","69,520.29","39,277.00","1.77","United States","New York Stock Exchange Inc.","USD","1.00","USD","-"
"OSUR","ORASURE TECHNOLOGIES INC","Health Care","Equity","67,362.75","0.00","67,362.75","20,727.00","3.25","United States","NASDAQ","USD","1.00","USD","-"
"UTMD","UTAH MEDICAL PRODUCTS INC","Health Care","Equity","67,400.34","0.00","67,400.34","1,149.00","58.66","United States","NASDAQ","USD","1.00","USD","-"
"MAX","MEDIAALPHA INC CLASS A","Communication","Equity","67,787.30","0.00","67,787.30","7,574.00","8.95","United States","New York Stock Exchange Inc.","USD","1.00","USD","-"
"RLAY","RELAY THERAPEUTICS INC","Health Care","Equity","67,905.09","0.00","67,905.09","20,031.00","3.39","United States","NASDAQ","USD","1.00","USD","-"
"ULCC","FRONTIER GROUP HOLDINGS INC","Industrials","Equity","67,923.60","0.00","67,923.60","9,844.00","6.90","United States","NASDAQ","USD","1.00","USD","-"
"HRTX","HERON THERAPEUTICS INC","Health Care","Equity","68,181.60","0.00","68,181.60","28,409.00","2.40","United States","NASDAQ","USD","1.00","USD","-"
"WEST","WESTROCK COFFEE","Consumer Staples","Equity","68,511.10","0.00","68,511.10","10,090.00","6.79","United States","NASDAQ","USD","1.00","USD","-"
"CRCT","CRICUT INC CLASS A","Consumer Discretionary","Equity","68,587.52","0.00","68,587.52","12,608.00","5.44","United States","NASDAQ","USD","1.00","USD","-"
"EPM","EVOLUTION PETROLEUM CORP","Energy","Equity","68,681.61","0.00","68,681.61","14,103.00","4.87","United States","Nyse Mkt Llc","USD","1.00","USD","-"
"BYON","BEYOND INC","Consumer Discretionary","Equity","65,797.12","0.00","65,797.12","11,584.00","5.68","United States","New York Stock Exchange Inc.","USD","1.00","USD","-"
"LUNG","PULMONX CORP","Health Care","Equity","65,937.69","0.00","65,937.69","8,051.00","8.19","United States","NASDAQ","USD","1.00","USD","-"
"SIGA","SIGA TECHNOLOGIES INC","Health Care","Equity","66,498.79","0.00","66,498.79","12,157.00","5.47","United States","NASDAQ","USD","1.00","USD","-"
"EGHT","8X8 INC","Information Technology","Equity","66,777.12","0.00","66,777.12","28,176.00","2.37","United States","NASDAQ","USD","1.00","USD","-"
"CYRX","CRYOPORT INC","Health Care","Equity","66,946.08","0.00","66,946.08","10,128.00","6.61","United States","NASDAQ","USD","1.00","USD","-"
"CIO","CITY OFFICE REIT INC","Real Estate","Equity","67,257.21","0.00","67,257.21","12,959.00","5.19","United States","New York Stock Exchange Inc.","USD","1.00","USD","-"
"ANNX","ANNEXON INC","Health Care","Equity","64,288.68","0.00","64,288.68","23,293.00","2.76","United States","NASDAQ","USD","1.00","USD","-"
"XPOF","XPONENTIAL FITNESS INC CLASS A","Consumer Discretionary","Equity","64,302.08","0.00","64,302.08","4,864.00","13.22","United States","New York Stock Exchange Inc.","USD","1.00","USD","-"
"CVRX","CVRX INC","Health Care","Equity","64,409.28","0.00","64,409.28","5,161.00","12.48","United States","NASDAQ","USD","1.00","USD","-"
"HOFT","HOOKER FURNISHINGS CORP","Consumer Discretionary","Equity","64,431.36","0.00","64,431.36","5,264.00","12.24","United States","NASDAQ","USD","1.00","USD","-"
"AEHR","AEHR TEST SYSTEMS","Information Technology","Equity","64,577.76","0.00","64,577.76","6,812.00","9.48","United States","NASDAQ","USD","1.00","USD","-"
"EAF","GRAFTECH INTERNATIONAL LTD","Industrials","Equity","64,709.45","0.00","64,709.45","57,265.00","1.13","United States","New York Stock Exchange Inc.","USD","1.00","USD","-"
"AURA","AURA BIOSCIENCES INC","Health Care","Equity","65,312.80","0.00","65,312.80","8,720.00","7.49","United States","NASDAQ","USD","1.00","USD","-"
"OABI","OMNIAB INC","Health Care","Equity","65,356.06","0.00","65,356.06","19,166.00","3.41","United States","NASDAQ","USD","1.00","USD","-"
"BWMN","BOWMAN CONSULTING GROUP LTD","Industrials","Equity","65,489.37","0.00","65,489.37","3,343.00","19.59","United States","NASDAQ","USD","1.00","USD","-"
"OCGN","OCUGEN INC","Health Care","Equity","63,074.10","0.00","63,074.10","109,981.00","0.57","United States","NASDAQ","USD","1.00","USD","-"
"BSRR","SIERRA BANCORP","Financials","Equity","63,383.56","0.00","63,383.56","2,164.00","29.29","United States","NASDAQ","USD","1.00","USD","-"
"BTBT","BIT DIGITAL INC","Information Technology","Equity","63,487.53","0.00","63,487.53","25,497.00","2.49","China","NASDAQ","USD","1.00","USD","-"
"STOK","STOKE THERAPEUTICS INC","Health Care","Equity","63,533.76","0.00","63,533.76","7,786.00","8.16","United States","NASDAQ","USD","1.00","USD","-"
"HDSN","HUDSON TECHNOLOGIES INC","Industrials","Equity","63,552.71","0.00","63,552.71","11,369.00","5.59","United States","NASDAQ","USD","1.00","USD","-"
"WLDN","WILLDAN GROUP INC","Industrials","Equity","63,609.28","0.00","63,609.28","2,044.00","31.12","United States","NASDAQ","USD","1.00","USD","-"
"CHPT","CHARGEPOINT HOLDINGS INC CLASS A","Industrials","Equity","63,633.16","0.00","63,633.16","87,964.00","0.72","United States","New York Stock Exchange Inc.","USD","1.00","USD","-"
"IRWD","IRONWOOD PHARMA INC CLASS A","Health Care","Equity","62,300.70","0.00","62,300.70","40,455.00","1.54","United States","NASDAQ","USD","1.00","USD","-"
"INSE","INSPIRED ENTERTAINMENT INC","Consumer Discretionary","Equity","62,312.04","0.00","62,312.04","6,636.00","9.39","United States","NASDAQ","USD","1.00","USD","-"
"MLYS","MINERALYS THERAPEUTICS INC","Health Care","Equity","62,402.34","0.00","62,402.34","6,234.00","10.01","United States","NASDAQ","USD","1.00","USD","-"
"CERS","CERUS CORP","Health Care","Equity","62,670.86","0.00","62,670.86","38,926.00","1.61","United States","NASDAQ","USD","1.00","USD","-"
"REI","RING ENERGY INC","Energy","Equity","60,207.60","0.00","60,207.60","50,173.00","1.20","United States","Nyse Mkt Llc","USD","1.00","USD","-"
"RCEL","AVITA MEDICAL INC","Health Care","Equity","60,960.60","0.00","60,960.60","7,155.00","8.52","United States","NASDAQ","USD","1.00","USD","-"
"GNE","GENIE ENERGY LTD CLASS B","Utilities","Equity","58,766.24","0.00","58,766.24","3,952.00","14.87","United States","New York Stock Exchange Inc.","USD","1.00","USD","-"
"MNTK","MONTAUK RENEWABLES INC","Utilities","Equity","58,782.20","0.00","58,782.20","18,962.00","3.10","United States","NASDAQ","USD","1.00","USD","-"
"WOOF","PETCO HEALTH AND WELLNESS COMPANY","Consumer Discretionary","Equity","59,644.28","0.00","59,644.28","23,482.00","2.54","United States","NASDAQ","USD","1.00","USD","-"
"SEG","SEAPORT ENTERTAINMENT GROUP INC","Real Estate","Equity","57,050.17","0.00","57,050.17","2,437.00","23.41","United States","Nyse Mkt Llc","USD","1.00","USD","-"
"FFWM","FIRST FOUNDATION INC","Financials","Equity","57,249.12","0.00","57,249.12","11,636.00","4.92","United States","New York Stock Exchange Inc.","USD","1.00","USD","-"
"NRDS","NERDWALLET INC CLASS A","Financials","Equity","58,065.39","0.00","58,065.39","5,919.00","9.81","United States","NASDAQ","USD","1.00","USD","-"
"RGNX","REGENXBIO INC","Health Care","Equity","58,087.50","0.00","58,087.50","9,294.00","6.25","United States","NASDAQ","USD","1.00","USD","-"
"MVIS","MICROVISION INC","Information Technology","Equity","55,265.76","0.00","55,265.76","41,868.00","1.32","United States","NASDAQ","USD","1.00","USD","-"
"AFCG","ADVANCED FLOWER CAPITAL INC","Financials","Equity","55,286.28","0.00","55,286.28","6,489.00","8.52","United States","NASDAQ","USD","1.00","USD","-"
"ONL","ORION OFFICE REIT INC","Real Estate","Equity","55,671.00","0.00","55,671.00","14,460.00","3.85","United States","New York Stock Exchange Inc.","USD","1.00","USD","-"
"PHAT","PHATHOM PHARMACEUTICALS INC","Health Care","Equity","55,680.64","0.00","55,680.64","9,158.00","6.08","United States","NASDAQ","USD","1.00","USD","-"
"AMPY","AMPLIFY ENERGY CORP","Energy","Equity","55,708.68","0.00","55,708.68","12,547.00","4.44","United States","New York Stock Exchange Inc.","USD","1.00","USD","-"
"ATNI","ATN INTERNATIONAL INC","Communication","Equity","55,767.88","0.00","55,767.88","3,076.00","18.13","United States","NASDAQ","USD","1.00","USD","-"
"POWW","AMMO INC","Consumer Discretionary","Equity","55,954.24","0.00","55,954.24","36,812.00","1.52","United States","NASDAQ","USD","1.00","USD","-"
"TBI","TRUEBLUE INC","Industrials","Equity","56,312.40","0.00","56,312.40","10,020.00","5.62","United States","New York Stock Exchange Inc.","USD","1.00","USD","-"
"ARAY","ACCURAY INC","Health Care","Equity","56,450.05","0.00","56,450.05","29,555.00","1.91","United States","NASDAQ","USD","1.00","USD","-"
"OLPX","OLAPLEX HOLDINGS INC","Consumer Staples","Equity","56,497.43","0.00","56,497.43","34,661.00","1.63","United States","NASDAQ","USD","1.00","USD","-"
"BCBP","BCB BANCORP INC","Financials","Equity","56,536.20","0.00","56,536.20","5,769.00","9.80","United States","NASDAQ","USD","1.00","USD","-"
"NRC","NATIONAL RESEARCH CORP","Health Care","Equity","53,718.25","0.00","53,718.25","3,775.00","14.23","United States","NASDAQ","USD","1.00","USD","-"
"ACDC","PROFRAC HOLDING CLASS A CORP","Energy","Equity","53,811.12","0.00","53,811.12","8,228.00","6.54","United States","NASDAQ","USD","1.00","USD","-"
"LRMR","LARIMAR THERAPEUTICS INC","Health Care","Equity","53,897.82","0.00","53,897.82","16,949.00","3.18","United States","NASDAQ","USD","1.00","USD","-"
"TSVT","2SEVENTY BIO INC","Health Care","Equity","54,008.82","0.00","54,008.82","19,358.00","2.79","United States","NASDAQ","USD","1.00","USD","-"
"AMCX","AMC NETWORKS CLASS A INC","Communication","Equity","54,094.65","0.00","54,094.65","7,673.00","7.05","United States","NASDAQ","USD","1.00","USD","-"
"ONEW","ONEWATER MARINE CLASS A INC","Consumer Discretionary","Equity","54,548.46","0.00","54,548.46","3,386.00","16.11","United States","NASDAQ","USD","1.00","USD","-"
"CMTG","CLAROS MORTGAGE TRUST INC","Financials","Equity","54,647.60","0.00","54,647.60","23,555.00","2.32","United States","New York Stock Exchange Inc.","USD","1.00","USD","-"
"TCX","TUCOWS INC","Information Technology","Equity","54,697.83","0.00","54,697.83","2,739.00","19.97","United States","NASDAQ","USD","1.00","USD","-"
"KOD","KODIAK SCIENCES INC","Health Care","Equity","54,909.76","0.00","54,909.76","14,152.00","3.88","United States","NASDAQ","USD","1.00","USD","-"
"AVIR","ATEA PHARMACEUTICALS INC","Health Care","Equity","55,013.77","0.00","55,013.77","18,277.00","3.01","United States","NASDAQ","USD","1.00","USD","-"
"CMT","CORE MOLDING TECHNOLOGIES INC","Materials","Equity","55,052.90","0.00","55,052.90","4,130.00","13.33","United States","Nyse Mkt Llc","USD","1.00","USD","-"
"HCAT","HEALTH CATALYST INC","Health Care","Equity","55,136.90","0.00","55,136.90","12,118.00","4.55","United States","NASDAQ","USD","1.00","USD","-"
"SMRT","SMARTRENT INC CLASS A","Information Technology","Equity","52,482.40","0.00","52,482.40","38,590.00","1.36","United States","New York Stock Exchange Inc.","USD","1.00","USD","-"
"ACRE","ARES COMMERCIAL REAL ESTATE REIT C","Financials","Equity","52,649.63","0.00","52,649.63","11,131.00","4.73","United States","New York Stock Exchange Inc.","USD","1.00","USD","-"
"NVRO","NEVRO CORP","Health Care","Equity","52,781.64","0.00","52,781.64","9,116.00","5.79","United States","New York Stock Exchange Inc.","USD","1.00","USD","-"
"EVGO","EVGO INC CLASS A","Consumer Discretionary","Equity","53,155.84","0.00","53,155.84","20,764.00","2.56","United States","NASDAQ","USD","1.00","USD","-"
"ZYXI","ZYNEX INC","Health Care","Equity","53,342.94","0.00","53,342.94","7,378.00","7.23","United States","NASDAQ","USD","1.00","USD","-"
"TH","TARGET HOSPITALITY CORP","Consumer Discretionary","Equity","53,355.74","0.00","53,355.74","9,631.00","5.54","United States","NASDAQ","USD","1.00","USD","-"
"BOOM","DMC GLOBAL INC","Energy","Equity","53,393.90","0.00","53,393.90","6,433.00","8.30","United States","NASDAQ","USD","1.00","USD","-"
"DOMO","DOMO INC CLASS B","Information Technology","Equity","53,452.95","0.00","53,452.95","6,915.00","7.73","United States","NASDAQ","USD","1.00","USD","-"
"PSTL","POSTAL REALTY TRUST INC CLASS A","Real Estate","Equity","53,538.68","0.00","53,538.68","3,874.00","13.82","United States","New York Stock Exchange Inc.","USD","1.00","USD","-"
"GPRE","GREEN PLAINS INC","Energy","Equity","53,629.65","0.00","53,629.65","9,663.00","5.55","United States","NASDAQ","USD","1.00","USD","-"
"SB","SAFE BULKERS INC","Industrials","Equity","51,057.02","0.00","51,057.02","13,762.00","3.71","Monaco","New York Stock Exchange Inc.","USD","1.00","USD","-"
"CCCC","C4 THERAPEUTICS INC","Health Care","Equity","51,311.88","0.00","51,311.88","21,116.00","2.43","United States","NASDAQ","USD","1.00","USD","-"
"IRBT","IROBOT CORP","Consumer Discretionary","Equity","51,526.16","0.00","51,526.16","7,288.00","7.07","United States","NASDAQ","USD","1.00","USD","-"
"ASLE","AERSALE CORP","Industrials","Equity","51,877.71","0.00","51,877.71","7,443.00","6.97","United States","NASDAQ","USD","1.00","USD","-"
"FDMT","4D MOLECULAR THERAPEUTICS INC","Health Care","Equity","51,962.56","0.00","51,962.56","12,491.00","4.16","United States","NASDAQ","USD","1.00","USD","-"
"WTI","W AND T OFFSHORE INC","Energy","Equity","49,552.93","0.00","49,552.93","33,257.00","1.49","United States","New York Stock Exchange Inc.","USD","1.00","USD","-"
"OLMA","OLEMA PHARMACEUTICALS INC","Health Care","Equity","50,314.86","0.00","50,314.86","11,811.00","4.26","United States","NASDAQ","USD","1.00","USD","-"
"NXDT","NEXPOINT DIVERSIFIED REAL ESTATE T","Real Estate","Equity","50,441.16","0.00","50,441.16","10,918.00","4.62","United States","New York Stock Exchange Inc.","USD","1.00","USD","-"
"SVV","SAVERS VALUE VILLAGE INC","Consumer Discretionary","Equity","48,028.29","0.00","48,028.29","6,871.00","6.99","United States","New York Stock Exchange Inc.","USD","1.00","USD","-"
"ITOS","ITEOS THERAPEUTICS INC","Health Care","Equity","48,061.20","0.00","48,061.20","6,620.00","7.26","United States","NASDAQ","USD","1.00","USD","-"
"ALLO","ALLOGENE THERAPEUTICS INC","Health Care","Equity","48,112.97","0.00","48,112.97","24,929.00","1.93","United States","NASDAQ","USD","1.00","USD","-"
"RMAX","RE MAX HOLDINGS INC CLASS A","Real Estate","Equity","48,394.72","0.00","48,394.72","5,456.00","8.87","United States","New York Stock Exchange Inc.","USD","1.00","USD","-"
"BYND","BEYOND MEAT INC","Consumer Staples","Equity","48,554.46","0.00","48,554.46","15,126.00","3.21","United States","NASDAQ","USD","1.00","USD","-"
"QSI","QUANTUM SI INC CLASS A","Health Care","Equity","49,117.60","0.00","49,117.60","35,084.00","1.40","United States","NASDAQ","USD","1.00","USD","-"
"EB","EVENTBRITE CLASS A INC","Communication","Equity","46,580.43","0.00","46,580.43","18,707.00","2.49","United States","New York Stock Exchange Inc.","USD","1.00","USD","-"
"HMST","HOMESTREET INC","Financials","Equity","46,618.02","0.00","46,618.02","4,902.00","9.51","United States","NASDAQ","USD","1.00","USD","-"
"EVC","ENTRAVISION COMMUNICATIONS CORP CL","Communication","Equity","46,976.00","0.00","46,976.00","23,488.00","2.00","United States","New York Stock Exchange Inc.","USD","1.00","USD","-"
"LAW","CS DISCO INC","Information Technology","Equity","47,015.22","0.00","47,015.22","9,734.00","4.83","United States","New York Stock Exchange Inc.","USD","1.00","USD","-"
"MED","MEDIFAST INC","Consumer Staples","Equity","45,144.36","0.00","45,144.36","3,204.00","14.09","United States","New York Stock Exchange Inc.","USD","1.00","USD","-"
"GPMT","GRANITE POINT MORTGAGE TRUST INC","Financials","Equity","45,289.20","0.00","45,289.20","16,060.00","2.82","United States","New York Stock Exchange Inc.","USD","1.00","USD","-"
"NRGV","ENERGY VAULT HOLDINGS INC","Industrials","Equity","45,299.52","0.00","45,299.52","35,952.00","1.26","United States","New York Stock Exchange Inc.","USD","1.00","USD","-"
"SSTI","SOUNDTHINKING INC","Information Technology","Equity","45,367.92","0.00","45,367.92","2,886.00","15.72","United States","NASDAQ","USD","1.00","USD","-"
"CDXS","CODEXIS INC","Health Care","Equity","45,569.16","0.00","45,569.16","16,692.00","2.73","United States","NASDAQ","USD","1.00","USD","-"
"ALTG","ALTA EQUIPMENT GROUP INC CLASS A","Industrials","Equity","45,757.20","0.00","45,757.20","8,972.00","5.10","United States","New York Stock Exchange Inc.","USD","1.00","USD","-"
"CRGX","CARGO THERAPEUTICS INC","Health Care","Equity","46,071.76","0.00","46,071.76","11,753.00","3.92","United States","NASDAQ","USD","1.00","USD","-"
"MYPS","PLAYSTUDIOS INC CLASS A","Communication","Equity","43,263.48","0.00","43,263.48","27,733.00","1.56","United States","NASDAQ","USD","1.00","USD","-"
"DSGN","DESIGN THERAPEUTICS INC","Health Care","Equity","44,039.94","0.00","44,039.94","8,924.00","4.93","United States","NASDAQ","USD","1.00","USD","-"
"YMAB","Y MABS THERAPEUTICS INC","Health Care","Equity","44,362.95","0.00","44,362.95","9,147.00","4.85","United States","NASDAQ","USD","1.00","USD","-"
"AVD","AMER VANGUARD CORP","Materials","Equity","41,999.50","0.00","41,999.50","8,842.00","4.75","United States","New York Stock Exchange Inc.","USD","1.00","USD","-"
"LESL","LESLIES INC","Consumer Discretionary","Equity","42,363.44","0.00","42,363.44","41,944.00","1.01","United States","NASDAQ","USD","1.00","USD","-"
"SLDP","SOLID POWER INC CLASS A","Consumer Discretionary","Equity","42,849.60","0.00","42,849.60","37,920.00","1.13","United States","NASDAQ","USD","1.00","USD","-"
"IHRT","IHEARTMEDIA INC CLASS A","Communication","Equity","42,874.94","0.00","42,874.94","28,394.00","1.51","United States","NASDAQ","USD","1.00","USD","-"
"WALD","WALDENCAST PLC CLASS A","Consumer Staples","Equity","40,168.72","0.00","40,168.72","11,576.00","3.47","United States","NASDAQ","USD","1.00","USD","-"
"EWCZ","EUROPEAN WAX CENTER INC CLASS A","Consumer Discretionary","Equity","40,272.12","0.00","40,272.12","6,849.00","5.88","United States","NASDAQ","USD","1.00","USD","-"
"SEPN","SEPTERNA INC","Health Care","Equity","40,276.56","0.00","40,276.56","6,792.00","5.93","United States","NASDAQ","USD","1.00","USD","-"
"SRI","STONERIDGE INC","Consumer Discretionary","Equity","40,495.32","0.00","40,495.32","6,852.00","5.91","United States","New York Stock Exchange Inc.","USD","1.00","USD","-"
"TERN","TERNS PHARMACEUTICALS INC","Health Care","Equity","40,975.44","0.00","40,975.44","11,288.00","3.63","United States","NASDAQ","USD","1.00","USD","-"
"JOUT","JOHNSON OUTDOORS INC CLASS A","Consumer Discretionary","Equity","38,590.02","0.00","38,590.02","1,494.00","25.83","United States","NASDAQ","USD","1.00","USD","-"
"TCBX","THIRD COAST BANCSHARES INC","Financials","Equity","38,658.08","0.00","38,658.08","1,136.00","34.03","United States","NASDAQ","USD","1.00","USD","-"
"INGN","INOGEN INC","Health Care","Equity","38,744.95","0.00","38,744.95","4,685.00","8.27","United States","NASDAQ","USD","1.00","USD","-"
"IMMR","IMMERSION CORP","Information Technology","Equity","38,905.09","0.00","38,905.09","5,033.00","7.73","United States","NASDAQ","USD","1.00","USD","-"
"MGNX","MACROGENICS INC","Health Care","Equity","38,965.36","0.00","38,965.36","16,372.00","2.38","United States","NASDAQ","USD","1.00","USD","-"
"OFLX","OMEGA FLEX INC","Industrials","Equity","39,621.50","0.00","39,621.50","1,090.00","36.35","United States","NASDAQ","USD","1.00","USD","-"
"TCRX","TSCAN THERAPEUTICS INC","Health Care","Equity","39,642.24","0.00","39,642.24","20,647.00","1.92","United States","NASDAQ","USD","1.00","USD","-"
"VYGR","VOYAGER THERAPEUTICS INC","Health Care","Equity","37,279.45","0.00","37,279.45","8,983.00","4.15","United States","NASDAQ","USD","1.00","USD","-"
"CATX","PERSPECTIVE THERAPEUTICS INC","Health Care","Equity","37,461.71","0.00","37,461.71","14,807.00","2.53","United States","Nyse Mkt Llc","USD","1.00","USD","-"
"RHLD","RESOLUTE HOLDINGS MANAGEMENT INC","Financials","Equity","37,847.90","0.00","37,847.90","899.00","42.10","United States","NASDAQ","USD","1.00","USD","-"
"IAUX","I GOLD CORP","Materials","Equity","38,005.66","0.00","38,005.66","51,359.00","0.74","Canada","Nyse Mkt Llc","USD","1.00","USD","-"
"THRD","THIRD HARMONIC BIO INC","Health Care","Equity","38,081.19","0.00","38,081.19","10,667.00","3.57","United States","NASDAQ","USD","1.00","USD","-"
"FRGE","FORGE GLOBAL HOLDINGS INC","Financials","Equity","38,094.23","0.00","38,094.23","46,707.00","0.82","United States","New York Stock Exchange Inc.","USD","1.00","USD","-"
"CBAN","COLONY BANKCORP INC","Financials","Equity","38,361.40","0.00","38,361.40","2,332.00","16.45","United States","New York Stock Exchange Inc.","USD","1.00","USD","-"
"FORR","FORRESTER RESEARCH INC","Industrials","Equity","38,397.22","0.00","38,397.22","3,643.00","10.54","United States","NASDAQ","USD","1.00","USD","-"
"EDIT","EDITAS MEDICINE INC","Health Care","Equity","38,431.35","0.00","38,431.35","18,747.00","2.05","United States","NASDAQ","USD","1.00","USD","-"
"LWLG","LIGHTWAVE LOGIC INC","Information Technology","Equity","36,519.40","0.00","36,519.40","31,756.00","1.15","United States","NASDAQ","USD","1.00","USD","-"
"ASUR","ASURE SOFTWARE INC","Industrials","Equity","34,114.08","0.00","34,114.08","3,432.00","9.94","United States","NASDAQ","USD","1.00","USD","-"
"PLL","PIEDMONT LITHIUM INC","Materials","Equity","34,167.12","0.00","34,167.12","4,888.00","6.99","United States","NASDAQ","USD","1.00","USD","-"
"ENTA","ENANTA PHARMACEUTICALS INC","Health Care","Equity","34,392.40","0.00","34,392.40","4,844.00","7.10","United States","NASDAQ","USD","1.00","USD","-"
"SCPH","SCPHARMACEUTICALS INC","Health Care","Equity","34,744.68","0.00","34,744.68","10,926.00","3.18","United States","NASDAQ","USD","1.00","USD","-"
"NMRA","NEUMORA THERAPEUTICS INC","Health Care","Equity","34,819.07","0.00","34,819.07","24,349.00","1.43","United States","NASDAQ","USD","1.00","USD","-"
"RILY","B RILEY FINANCIAL INC","Financials","Equity","32,991.60","0.00","32,991.60","5,788.00","5.70","United States","NASDAQ","USD","1.00","USD","-"
"SKIN","BEAUTY HEALTH COMPANY CLASS A CLAS","Consumer Staples","Equity","31,236.06","0.00","31,236.06","24,214.00","1.29","United States","NASDAQ","USD","1.00","USD","-"
"GRWG","GROWGENERATION CORP","Consumer Discretionary","Equity","32,367.90","0.00","32,367.90","28,146.00","1.15","United States","NASDAQ","USD","1.00","USD","-"
"CDLX","CARDLYTICS INC","Communication","Equity","29,867.13","0.00","29,867.13","12,291.00","2.43","United States","NASDAQ","USD","1.00","USD","-"
"JRVR","JAMES RIVER GROUP HOLDINGS LTD","Financials","Equity","30,183.36","0.00","30,183.36","8,202.00","3.68","United States","NASDAQ","USD","1.00","USD","-"
"BRCC","BRC INC CLASS A","Consumer Staples","Equity","30,454.75","0.00","30,454.75","14,165.00","2.15","United States","New York Stock Exchange Inc.","USD","1.00","USD","-"
"DXLG","DESTINATION XL GROUP INC","Consumer Discretionary","Equity","30,544.51","0.00","30,544.51","15,349.00","1.99","United States","NASDAQ","USD","1.00","USD","-"
"CHGG","CHEGG INC","Consumer Discretionary","Equity","30,558.65","0.00","30,558.65","32,167.00","0.95","United States","New York Stock Exchange Inc.","USD","1.00","USD","-"
"STRO","SUTRO BIOPHARMA INC","Health Care","Equity","30,650.32","0.00","30,650.32","22,537.00","1.36","United States","NASDAQ","USD","1.00","USD","-"
"INZY","INOZYME PHARMA INC","Health Care","Equity","28,300.58","0.00","28,300.58","23,782.00","1.19","United States","NASDAQ","USD","1.00","USD","-"
"LYEL","LYELL IMMUNOPHARMA INC","Health Care","Equity","28,707.70","0.00","28,707.70","41,011.00","0.70","United States","NASDAQ","USD","1.00","USD","-"
"DH","DEFINITIVE HEALTHCARE CORP CLASS A","Health Care","Equity","28,963.12","0.00","28,963.12","10,456.00","2.77","United States","NASDAQ","USD","1.00","USD","-"
"MASS","908 DEVICES","Information Technology","Equity","26,744.32","0.00","26,744.32","7,936.00","3.37","United States","NASDAQ","USD","1.00","USD","-"
"TNGX","TANGO THERAPEUTICS INC","Health Care","Equity","27,101.03","0.00","27,101.03","12,967.00","2.09","United States","NASDAQ","USD","1.00","USD","-"
"ZNTL","ZENTALIS PHARMACEUTICALS INC","Health Care","Equity","27,166.68","0.00","27,166.68","14,076.00","1.93","United States","NASDAQ","USD","1.00","USD","-"
"SAVA","CASSAVA SCIENCES INC","Health Care","Equity","27,602.76","0.00","27,602.76","10,001.00","2.76","United States","NASDAQ","USD","1.00","USD","-"
"INO","INOVIO PHARMACEUTICALS INC","Health Care","Equity","27,737.60","0.00","27,737.60","14,080.00","1.97","United States","NASDAQ","USD","1.00","USD","-"
"SLRN","ACELYRIN INC","Health Care","Equity","27,948.75","0.00","27,948.75","10,875.00","2.57","United States","NASDAQ","USD","1.00","USD","-"
"ALEC","ALECTOR INC","Health Care","Equity","25,113.10","0.00","25,113.10","16,202.00","1.55","United States","NASDAQ","USD","1.00","USD","-"
"SUNS","SUNRISE REALTY TRUST INC","Financials","Equity","25,797.06","0.00","25,797.06","2,166.00","11.91","United States","NASDAQ","USD","1.00","USD","-"
"SES","SES AI CORP CLASS A","Industrials","Equity","25,888.51","0.00","25,888.51","45,228.00","0.57","United States","New York Stock Exchange Inc.","USD","1.00","USD","-"
"OPRX","OPTIMIZERX CORP","Health Care","Equity","26,242.38","0.00","26,242.38","5,238.00","5.01","United States","NASDAQ","USD","1.00","USD","-"
"INBX","INHIBRX BIOSCIENCES INC","Health Care","Equity","26,243.73","0.00","26,243.73","1,917.00","13.69","United States","NASDAQ","USD","1.00","USD","-"
"PRME","PRIME MEDICINE INC","Health Care","Equity","24,067.89","0.00","24,067.89","10,419.00","2.31","United States","NASDAQ","USD","1.00","USD","-"
"STEM","STEM INC","Industrials","Equity","22,104.77","0.00","22,104.77","42,501.00","0.52","United States","New York Stock Exchange Inc.","USD","1.00","USD","-"
"CRBP","CORBUS PHARMACEUTICALS HOLDINGS IN","Health Care","Equity","22,106.88","0.00","22,106.88","3,232.00","6.84","United States","NASDAQ","USD","1.00","USD","-"
"CVGI","COMMERCIAL VEHICLE GROUP INC","Industrials","Equity","22,518.96","0.00","22,518.96","11,148.00","2.02","United States","NASDAQ","USD","1.00","USD","-"
"PLRX","PLIANT THERAPEUTICS INC","Health Care","Equity","22,626.72","0.00","22,626.72","14,886.00","1.52","United States","NASDAQ","USD","1.00","USD","-"
"GPRO","GOPRO INC CLASS A","Consumer Discretionary","Equity","23,074.91","0.00","23,074.91","31,788.00","0.73","United States","NASDAQ","USD","1.00","USD","-"
"LAZR","LUMINAR TECHNOLOGIES INC CLASS A","Consumer Discretionary","Equity","23,288.13","0.00","23,288.13","4,419.00","5.27","United States","NASDAQ","USD","1.00","USD","-"
"FCEL","FUELCELL ENERGY INC","Industrials","Equity","20,541.82","0.00","20,541.82","3,362.00","6.11","United States","NASDAQ","USD","1.00","USD","-"
"CRBU","CARIBOU BIOSCIENCES INC","Health Care","Equity","20,655.15","0.00","20,655.15","17,961.00","1.15","United States","NASDAQ","USD","1.00","USD","-"
"STHO","STAR HOLDINGS SHARES OF BENEFICIAL","Real Estate","Equity","21,513.80","0.00","21,513.80","2,420.00","8.89","United States","NASDAQ","USD","1.00","USD","-"
"PEPG","PEPGEN INC","Health Care","Equity","19,559.60","0.00","19,559.60","7,423.00","2.63","United States","NASDAQ","USD","1.00","USD","-"
"SSP","EW SCRIPPS CLASS A","Communication","Equity","20,313.00","0.00","20,313.00","13,725.00","1.48","United States","NASDAQ","USD","1.00","USD","-"
"XFOR","X4 PHARMACEUTICALS INC","Health Care","Equity","20,378.00","0.00","20,378.00","55,375.00","0.37","United States","NASDAQ","USD","1.00","USD","-"
"OB","OUTBRAIN INC","Communication","Equity","17,422.13","0.00","17,422.13","3,863.00","4.51","United States","NASDAQ","USD","1.00","USD","-"
"CABA","CABALETTA BIO INC","Health Care","Equity","17,449.20","0.00","17,449.20","9,432.00","1.85","United States","NASDAQ","USD","1.00","USD","-"
"FATE","FATE THERAPEUTICS INC","Health Care","Equity","18,401.59","0.00","18,401.59","20,331.00","0.91","United States","NASDAQ","USD","1.00","USD","-"
"VTYX","VENTYX BIOSCIENCES INC","Health Care","Equity","18,753.76","0.00","18,753.76","12,338.00","1.52","United States","NASDAQ","USD","1.00","USD","-"
"TTEC","TTEC HOLDINGS INC","Industrials","Equity","15,968.54","0.00","15,968.54","4,676.00","3.42","United States","NASDAQ","USD","1.00","USD","-"
"APLT","APPLIED THERAPEUTICS INC","Health Care","Equity","16,184.48","0.00","16,184.48","31,561.00","0.51","United States","NASDAQ","USD","1.00","USD","-"
"PROK","PROKIDNEY CORP CLASS A","Health Care","Equity","16,912.48","0.00","16,912.48","16,262.00","1.04","United States","NASDAQ","USD","1.00","USD","-"
"CHRS","COHERUS BIOSCIENCES INC","Health Care","Equity","17,114.48","0.00","17,114.48","16,616.00","1.03","United States","NASDAQ","USD","1.00","USD","-"
"BMEA","BIOMEA FUSION INC","Health Care","Equity","15,242.58","0.00","15,242.58","5,238.00","2.91","United States","NASDAQ","USD","1.00","USD","-"
"NOVA","SUNNOVA ENERGY INTERNATIONAL INC","Utilities","Equity","15,248.34","0.00","15,248.34","27,539.00","0.55","United States","New York Stock Exchange Inc.","USD","1.00","USD","-"
"ADRO","CHINOOK THERAPEUTICS INC","Health Care","Equity","14,010.36","0.00","14,010.36","16,679.00","0.84","United States","NO MARKET (E.G. UNLISTED)","USD","1.00","USD","-"
"NKTX","NKARTA INC","Health Care","Equity","14,338.52","0.00","14,338.52","8,743.00","1.64","United States","NASDAQ","USD","1.00","USD","-"
"MRSN","MERSANA THERAPEUTICS INC","Health Care","Equity","11,438.82","0.00","11,438.82","22,324.00","0.51","United States","NASDAQ","USD","1.00","USD","-"
"AVTE","AEROVATE THERAPEUTICS INC","Health Care","Equity","11,453.39","0.00","11,453.39","4,637.00","2.47","United States","NASDAQ","USD","1.00","USD","-"
"TPIC","TPI COMPOSITES INC","Industrials","Equity","11,532.47","0.00","11,532.47","10,629.00","1.09","United States","NASDAQ","USD","1.00","USD","-"
"SPCE","VIRGIN GALACTIC HOLDINGS INC SHS C","Industrials","Equity","11,632.17","0.00","11,632.17","3,333.00","3.49","United States","New York Stock Exchange Inc.","USD","1.00","USD","-"
"LXRX","LEXICON PHARMACEUTICALS INC","Health Care","Equity","11,779.15","0.00","11,779.15","35,057.00","0.34","United States","NASDAQ","USD","1.00","USD","-"
"CPS","COOPER STANDARD HOLDINGS INC","Consumer Discretionary","Equity","10,210.16","0.00","10,210.16","716.00","14.26","United States","New York Stock Exchange Inc.","USD","1.00","USD","-"
"MODV","MODIVCARE INC","Health Care","Equity","10,419.36","0.00","10,419.36","3,101.00","3.36","United States","NASDAQ","USD","1.00","USD","-"
"HLVX","HILLEVAX INC","Health Care","Equity","10,623.34","0.00","10,623.34","5,837.00","1.82","United States","NASDAQ","USD","1.00","USD","-"
"GBIO","GENERATION BIO","Health Care","Equity","10,946.00","0.00","10,946.00","21,050.00","0.52","United States","NASDAQ","USD","1.00","USD","-"
"INH","INHIBRX INC CVR","Health Care","Equity","8,607.20","0.00","8,607.20","7,685.00","1.12","United States","NO MARKET (E.G. UNLISTED)","USD","1.00","USD","-"
"ALXO","ALX ONCOLOGY HOLDINGS INC","Health Care","Equity","9,551.36","0.00","9,551.36","9,184.00","1.04","United States","NASDAQ","USD","1.00","USD","-"
"BLNK","BLINK CHARGING","Industrials","Equity","9,756.88","0.00","9,756.88","9,956.00","0.98","United States","NASDAQ","USD","1.00","USD","-"
"QTTB","Q32 BIO INC","Health Care","Equity","7,051.55","0.00","7,051.55","3,141.00","2.25","United States","NASDAQ","USD","1.00","USD","-"
"TNYA","TENAYA THERAPEUTICS INC","Health Care","Equity","7,201.28","0.00","7,201.28","15,827.00","0.46","United States","NASDAQ","USD","1.00","USD","-"
"IGMS","IGM BIOSCIENCES INC","Health Care","Equity","7,276.50","0.00","7,276.50","5,390.00","1.35","United States","NASDAQ","USD","1.00","USD","-"
"AGEN","AGENUS INC","Health Care","Equity","7,454.13","0.00","7,454.13","3,093.00","2.41","United States","NASDAQ","USD","1.00","USD","-"
"SCLX","SCILEX HOLDING","Health Care","Equity","5,952.31","0.00","5,952.31","19,201.00","0.31","United States","NASDAQ","USD","1.00","USD","-"
"RAPT","RAPT THERAPEUTICS INC","Health Care","Equity","6,181.10","0.00","6,181.10","5,470.00","1.13","United States","NASDAQ","USD","1.00","USD","-"
"IPSC","CENTURY THERAPEUTICS INC","Health Care","Equity","6,221.82","0.00","6,221.82","10,240.00","0.61","United States","NASDAQ","USD","1.00","USD","-"
"OTLK","OUTLOOK THERAPEUTICS INC","Health Care","Equity","4,836.00","0.00","4,836.00","3,224.00","1.50","United States","NASDAQ","USD","1.00","USD","-"
"METCB","RAMACO RESOURCES INC CLASS B","Materials","Equity","2,887.70","0.00","2,887.70","335.00","8.62","United States","NASDAQ","USD","1.00","USD","-"
"BLUE","BLUEBIRD BIO INC","Health Care","Equity","3,452.00","0.00","3,452.00","863.00","4.00","United States","NASDAQ","USD","1.00","USD","-"
"-","NEXPOINT STRATEGIC CASH ACCRUAL","Real Estate","Equity","1,313.04","0.00","1,313.04","10,942.00","0.12","United States","New York Stock Exchange Inc.","USD","1.00","USD","-"
"ADRO","CHINOOK THERAPEUTICS INC CVR","Health Care","Equity","1,898.33","0.00","1,898.33","4,039.00","0.47","United States","NO MARKET (E.G. UNLISTED)","USD","1.00","USD","-"
"P5N994","Petrocorp Inc Escrow","Energy","Equity","0.01","0.00","0.01","1,248.00","0.00","United States","Non-Nms Quotation Service (Nnqs)","USD","1.00","USD","-"
"-","ESC GCI LIBERTY INC SR ESCROW","Communication","Equity","0.28","0.00","0.28","28,033.00","0.00","United States","NASDAQ","USD","1.00","USD","-"
"PBI","PITNEY BOWES INC","Industrials","Equity","491.96","0.00","491.96","49.00","10.04","United States","New York Stock Exchange Inc.","USD","1.00","USD","-"
"GTXI","GTXI INC - CVR","Health Care","Equity","701.10","0.00","701.10","684.00","1.02","United States","NASDAQ","USD","1.00","USD","-"
"-","OMNIAB INC $15.00 VESTING Prvt","Health Care","Equity","0.02","0.00","0.02","1,502.00","0.00","United States","NO MARKET (E.G. UNLISTED)","USD","1.00","USD","-"
"-","OMNIAB INC $12.50 VESTING Prvt","Health Care","Equity","0.02","0.00","0.02","1,502.00","0.00","United States","NO MARKET (E.G. UNLISTED)","USD","1.00","USD","-"
"WLLBW","CHORD ENERGY EQUITY WARRANTS SERIE","Energy","Equity","346.80","0.00","346.80","204.00","1.70","United States","Non-Nms Quotation Service (Nnqs)","USD","1.00","USD","-"
"RTYH5","RUSSELL 2000 EMINI CME MAR 25","Cash and/or Derivatives","Futures","0.00","0.00","4,947,220.00","47.00","2,105.20","-","Chicago Mercantile Exchange","USD","1.00","USD","-"
"ESH5","S&P500 EMINI MAR 25","Cash and/or Derivatives","Futures","0.00","0.00","40,958,750.00","140.00","5,851.25","-","Index And Options Market","USD","1.00","USD","-"